timestamp,open,high,low,close,volume,trade_count,vwap
2025-04-10 16:00:00+00:00,78731.105,79615.756,78470.475,79382.85,0.116453457,16.0,79152.675167
2025-04-10 17:00:00+00:00,79329.7,79617.1,78540.57,79274.567,0.121909263,12.0,78936.286677
2025-04-10 18:00:00+00:00,79216.9055,79733.6485,79198.6575,79453.865,0.167776339,5.0,79539.433852
2025-04-10 19:00:00+00:00,79405.483,79942.225,79299.04,79589.333,0.285815636,50.0,79613.659166
2025-04-10 20:00:00+00:00,79617.36,79893.785,79557.195,79856.47,0.01612233,3.0,79868.477011
2025-04-10 21:00:00+00:00,79887.3595,79974.1,79644.426,79704.4985,0.000895087,3.0,79803.126529
2025-04-10 22:00:00+00:00,79655.7705,79869.1325,79524.843,79678.246,0.000776599,4.0,79785.982383
2025-04-10 23:00:00+00:00,79624.745,79683.2555,79372.645,79561.4545,0.0,0.0,79624.745
2025-04-11 00:00:00+00:00,79517.705,79676.53,78919.0,78972.65,0.002875061,5.0,79407.843355
2025-04-11 01:00:00+00:00,79012.215,80353.05,79012.215,80353.05,0.002880424,7.0,79867.315754
2025-04-11 02:00:00+00:00,80371.6,80775.91,80120.7495,80258.175,0.008184771,5.0,80325.873744
2025-04-11 03:00:00+00:00,80290.0615,80854.297,80290.0615,80759.965,0.001190613,5.0,80572.243537
2025-04-11 04:00:00+00:00,80808.9905,80978.92,80680.979,80817.725,0.000261719,7.0,80862.554843
2025-04-11 05:00:00+00:00,80891.7645,80945.429,80466.927,80788.965,6.0558e-05,1.0,80945.429
2025-04-11 06:00:00+00:00,80810.3225,81269.48,80810.3225,81050.823,0.014901855,6.0,81106.097065
2025-04-11 07:00:00+00:00,81063.746,81386.112,80804.11,81234.03,0.003218568,1.0,81009.7
2025-04-11 08:00:00+00:00,81281.2645,81839.775,80767.753,81563.9,0.02032746,8.0,81563.058077
2025-04-11 09:00:00+00:00,81634.9,82385.78680203,81423.035,82355.058401015,0.599619361,12.0,81565.312918
2025-04-11 10:00:00+00:00,82385.78680203,82935.289,82285.225,82645.38,0.011569962,8.0,82396.623672
2025-04-11 11:00:00+00:00,82665.0,82842.9765,81935.105,82106.9595,0.018386749,10.0,82211.435121
2025-04-11 12:00:00+00:00,82121.2345,82505.25,81794.45,82042.08,0.001874321,4.0,82112.860334
2025-04-11 13:00:00+00:00,82097.4715,83221.68,81806.751,82871.035,0.035678955,11.0,82433.082583
2025-04-11 14:00:00+00:00,82834.6565,82834.6565,81356.745,81879.0005,0.112809387,14.0,82526.224764
2025-04-11 15:00:00+00:00,81901.215,82635.8765,81681.905,82451.685,0.007749036,6.0,82386.830487
2025-04-11 16:00:00+00:00,82494.155,83041.946,82027.755,82758.25,0.051138612,15.0,82848.996628
2025-04-11 17:00:00+00:00,82790.535,84029.159,82672.47,83893.805,0.044471249,12.0,82964.968203
2025-04-11 18:00:00+00:00,83953.015,84188.7475,83515.59,83563.15,0.003321781,12.0,83817.378752
2025-04-11 19:00:00+00:00,83617.337,83949.51,83548.596,83823.2655,0.170618451,81.0,83893.944983
2025-04-11 20:00:00+00:00,83885.5,84028.339,83656.72,83838.025,0.040330984,11.0,83972.037345
2025-04-11 21:00:00+00:00,83875.3,84244.5060625,83604.1025,83658.6,0.013103148,1.0,83619.313
2025-04-11 22:00:00+00:00,83616.3,83664.6035,83313.13,83422.47,0.006077787,1.0,83376.4
2025-04-11 23:00:00+00:00,83356.72,83517.705,83123.8465,83374.87,0.001532292,2.0,83274.350762
2025-04-12 00:00:00+00:00,83422.9,83536.5,83231.8175,83334.75,0.000443615,1.0,83476.2
2025-04-12 01:00:00+00:00,83364.931,83409.133,83142.545,83175.666,0.001588688,1.0,83288.525
2025-04-12 02:00:00+00:00,83200.95,83258.5115,82825.5095,82825.5095,0.000861441,1.0,83114.5
2025-04-12 03:00:00+00:00,82857.2765,83109.47,82832.055,82951.26,0.029048623,1.0,83109.47
2025-04-12 04:00:00+00:00,82962.4065,83422.0415,82847.175,83140.92,0.018426385,2.0,83056.557032
2025-04-12 05:00:00+00:00,83197.832,83447.6055,83197.832,83305.7905,0.0,0.0,83204.6395
2025-04-12 06:00:00+00:00,83352.1595,83714.0795,83352.1595,83573.02,0.0,0.0,83352.1595
2025-04-12 07:00:00+00:00,83526.138,83824.56,83417.3,83696.95,0.042028398,6.0,83785.954175
2025-04-12 08:00:00+00:00,83758.3,84003.81,83480.2185,83593.0705,0.008470961,4.0,83711.669017
2025-04-12 09:00:00+00:00,83640.52,83737.969,83412.4995,83512.186,0.011529607,2.0,83737.47365
2025-04-12 10:00:00+00:00,83471.2835,83542.63,83337.711,83378.61,0.006362156,2.0,83482.286059
2025-04-12 11:00:00+00:00,83407.1,83623.4715,83395.61,83492.2185,0.005778946,1.0,83552.1
2025-04-12 12:00:00+00:00,83546.8955,83892.1445,83451.9165,83791.355,0.007415376,4.0,83623.040533
2025-04-12 13:00:00+00:00,83851.11,84652.421,83547.6985,84430.42,0.002343729,10.0,84319.850661
2025-04-12 14:00:00+00:00,84405.92,85231.915908629,84307.7,84812.09,0.38897949,20.0,84990.392377
2025-04-12 15:00:00+00:00,84854.7,85388.31,84615.74,84964.01,0.002573128,11.0,85098.928283
2025-04-12 16:00:00+00:00,85014.95,85178.7,84618.93,84646.115,0.002568102,14.0,85067.097772
2025-04-12 17:00:00+00:00,84700.2285,84825.356,84410.205,84725.135,0.031209368,3.0,84644.402794
2025-04-12 18:00:00+00:00,84771.105,85115.708,84771.105,85115.708,0.138756121,3.0,84959.431293
2025-04-12 19:00:00+00:00,85135.76,85245.21,84792.772,84915.37,0.6203326,165.0,84841.300743
2025-04-12 20:00:00+00:00,84970.2335,85915.4815,84877.216,85492.0,0.008458161,8.0,85607.919348
2025-04-12 21:00:00+00:00,85543.4,85574.862,85271.5,85373.2595,0.001672135,4.0,85358.007335
2025-04-12 22:00:00+00:00,85426.14,85673.067,85323.405,85323.405,0.012734184,4.0,85485.219057
2025-04-12 23:00:00+00:00,85361.999,85390.2755,85175.4455,85279.065,0.0,0.0,85361.999
2025-04-13 00:00:00+00:00,85310.7,85540.357,85015.2275,85445.865,0.0,0.0,85322.73325
2025-04-13 01:00:00+00:00,85517.6,86090.681,85140.643,85262.213,0.02622986,5.0,85365.842777
2025-04-13 02:00:00+00:00,85223.37,85382.8215,84743.514,85305.5615,0.011881921,3.0,84959.799172
2025-04-13 03:00:00+00:00,85252.7005,85636.0200253805,85230.925,85434.055,0.011475,2.0,85307.105089
2025-04-13 04:00:00+00:00,85407.335,85407.335,84476.8,84602.3525,0.003,2.0,84889.745
2025-04-13 05:00:00+00:00,84638.529,84768.635,84410.32,84506.25,0.001428523,2.0,84696.370918
2025-04-13 06:00:00+00:00,84533.69,84857.8,84446.29,84604.7855,0.001138005,1.0,84857.8
2025-04-13 07:00:00+00:00,84648.65,84756.986,84450.625,84450.625,0.16,1.0,84688.99
2025-04-13 08:00:00+00:00,84407.27,84659.646,84298.315,84659.646,0.005695405,4.0,84408.814776
2025-04-13 09:00:00+00:00,84610.5335,84918.725,84533.909,84884.0225,0.002016533,2.0,84770.376432
2025-04-13 10:00:00+00:00,84924.0785,84924.0785,84498.687,84662.2,0.001126948,3.0,84833.376189
2025-04-13 11:00:00+00:00,84707.121,84744.105,84211.4475,84491.5195,0.0,0.0,84707.121
2025-04-13 12:00:00+00:00,84526.4195,84649.4,84237.65,84453.607,0.05360807,3.0,84344.453016
2025-04-13 13:00:00+00:00,84476.9565,84550.3965,83447.6755,83545.103,0.033869538,8.0,83772.888172
2025-04-13 14:00:00+00:00,83506.655,84100.489,83446.91,84061.415,0.526224198,7.0,84050.160844
2025-04-13 15:00:00+00:00,84021.09,84021.09,83659.285,83773.242,0.0,0.0,84021.09
2025-04-13 16:00:00+00:00,83835.749,84385.1105,83835.749,84250.76,0.042012781,9.0,84155.867581
2025-04-13 17:00:00+00:00,84188.935,84996.91,84188.935,84734.979,0.001935705,3.0,84813.793704
2025-04-13 18:00:00+00:00,84783.9145,84925.06,84518.41,84679.605,0.006719971,2.0,84608.777647
2025-04-13 19:00:00+00:00,84623.16,84750.043,83045.502,83967.4715,0.027219157,35.0,84004.695668
2025-04-13 20:00:00+00:00,83911.01,84422.02,83183.5105,83469.765,0.003305763,4.0,83594.309535
2025-04-13 21:00:00+00:00,83413.0075,83802.21,83021.692,83583.2,0.006246865,10.0,83422.563708
2025-04-13 22:00:00+00:00,83634.515,83828.509,83139.65,83296.515,0.00154,2.0,83323.325325
2025-04-13 23:00:00+00:00,83269.5575,83769.085,83137.989,83690.7965,0.004622735,1.0,83559.72
2025-04-14 00:00:00+00:00,83739.8,85110.583,83663.0285,84306.9395,0.006953701,8.0,84503.805149
2025-04-14 01:00:00+00:00,84319.5925,84644.5785,84102.315,84179.1,0.000589447,5.0,84325.052362
2025-04-14 02:00:00+00:00,84227.88,85477.11,84015.063,85076.6,0.007131929,12.0,84805.270983
2025-04-14 03:00:00+00:00,85033.574,85033.574,84461.8,84536.2535,0.00155,2.0,84936.005484
2025-04-14 04:00:00+00:00,84562.1605,85078.849,84433.87,84858.325,0.003261898,5.0,84883.120641
2025-04-14 05:00:00+00:00,84913.95,84957.97,84318.8765,84526.7945,0.001614882,4.0,84456.09757
2025-04-14 06:00:00+00:00,84493.89,84640.56,84273.65,84588.795,0.0,0.0,84510.06125
2025-04-14 07:00:00+00:00,84632.52,84791.8,84228.532,84545.851,0.020269488,6.0,84533.810347
2025-04-14 08:00:00+00:00,84599.94,84908.93,84433.765,84742.9935,0.000869444,2.0,84725.69404
2025-04-14 09:00:00+00:00,84782.3385,84891.587,84254.0,84444.565,8.2698e-05,3.0,84387.942857
2025-04-14 10:00:00+00:00,84414.1,84827.9,84327.75,84611.847,0.014905798,3.0,84750.450297
2025-04-14 11:00:00+00:00,84660.535,84916.9705,84490.887,84916.9705,0.064997723,3.0,84882.911224
2025-04-14 12:00:00+00:00,84936.48,85218.93,84767.865,85137.002,0.123719696,11.0,85126.386446
2025-04-14 13:00:00+00:00,85204.404,85267.09,84094.15,84355.3735,0.520277888,12.0,84987.834727
2025-04-14 14:00:00+00:00,84408.48,85795.441,84281.77,85454.8935,0.055933921,17.0,85231.619389
2025-04-14 15:00:00+00:00,85419.601,85466.815,83740.771,84101.162,0.206651512,18.0,84578.004858
2025-04-14 16:00:00+00:00,84158.0545,84649.2,83837.7545,84339.85,0.008711358,14.0,84310.225342
2025-04-14 17:00:00+00:00,84376.6435,84929.516,84238.545,84871.829,0.018895741,4.0,84628.979978
2025-04-14 18:00:00+00:00,84938.008,85055.7275,84730.4615,84947.9345,0.016815589,6.0,85004.525968
2025-04-14 19:00:00+00:00,85010.77,85214.832,84781.895,84910.7,0.715637844,161.0,84993.57142
2025-04-14 20:00:00+00:00,84962.9,84962.9,84566.1805,84872.2615,0.011288244,7.0,84675.655259
2025-04-14 21:00:00+00:00,84818.55,84924.5115,84453.22,84683.425,0.0,0.0,84793.925
2025-04-14 22:00:00+00:00,84663.47,84728.248,84437.7495,84492.165,0.0,0.0,84635.9545
2025-04-14 23:00:00+00:00,84541.788,84764.058,84454.318,84579.71,0.002383263,2.0,84584.027931
2025-04-15 00:00:00+00:00,84615.3105,84958.676,84363.1,84888.6615,0.0,0.0,84637.38025
2025-04-15 01:00:00+00:00,84945.45,85098.3005,84573.2425,84941.9695,0.007893413,2.0,85089.438379
2025-04-15 02:00:00+00:00,84982.7,85238.94,84713.5015,85215.9925,0.0,0.0,84982.7
2025-04-15 03:00:00+00:00,85174.7295,85382.015,85077.82,85382.015,0.00149,1.0,85246.28
2025-04-15 04:00:00+00:00,85433.1,85478.775,85174.24,85478.775,0.001797319,5.0,85230.004413
2025-04-15 05:00:00+00:00,85531.65,85851.542,85478.775,85545.05,0.00486208,8.0,85619.874985
2025-04-15 06:00:00+00:00,85599.9,85684.45,85349.0045,85376.939,0.024074817,2.0,85621.15836
2025-04-15 07:00:00+00:00,85436.145,85776.6165,85379.397,85746.5995,0.016437344,4.0,85741.483265
2025-04-15 08:00:00+00:00,85680.35,85970.6775,85680.35,85855.1,0.007949889,5.0,85854.05127
2025-04-15 09:00:00+00:00,85791.645,86000.194,85597.2525,85973.959,0.00695737,6.0,85951.741953
2025-04-15 10:00:00+00:00,85954.3675,85984.965,85443.91,85628.0,0.013357632,6.0,85635.823401
2025-04-15 11:00:00+00:00,85660.98,85720.0,85385.526,85567.2925,0.048984585,11.0,85579.826064
2025-04-15 12:00:00+00:00,85624.003,85810.339,85446.64,85810.339,0.000687,1.0,85716.6
2025-04-15 13:00:00+00:00,85841.3115,86445.9245,85550.65,85596.5425,0.02147614,11.0,86165.639861
2025-04-15 14:00:00+00:00,85562.795,85961.063,84821.496,85176.866,0.784850511,9.0,84923.821138
2025-04-15 15:00:00+00:00,85112.125,85401.777,84722.3205,84913.154,0.01606013,2.0,85191.98559
2025-04-15 16:00:00+00:00,84889.64,85109.05,84783.35,84861.232,0.020969082,12.0,85023.582074
2025-04-15 17:00:00+00:00,84807.835,84999.2435,84441.447,84502.828,0.005103306,4.0,84823.139069
2025-04-15 18:00:00+00:00,84433.216,84581.5185,84168.2,84223.5095,0.133060318,9.0,84485.865727
2025-04-15 19:00:00+00:00,84177.2,84211.3545,83902.905,84003.992,0.649990458,41.0,84027.872383
2025-04-15 20:00:00+00:00,83971.75,84194.255,83832.6565,83986.0185,0.000606,3.0,84085.131815
2025-04-15 21:00:00+00:00,84048.9535,84236.771,83897.8,84199.6365,0.00463291,1.0,84138.03
2025-04-15 22:00:00+00:00,84140.4645,84140.4645,83735.9550738915,83813.95,0.06673316,9.0,83963.064515
2025-04-15 23:00:00+00:00,83873.051,83873.051,83601.684,83665.095,0.002375,2.0,83743.100651
2025-04-16 00:00:00+00:00,83616.553,83653.06,83159.661,83179.745,0.005371071,5.0,83308.273541
2025-04-16 01:00:00+00:00,83122.6665,83653.415,83122.06,83620.5,0.0,0.0,83152.9855
2025-04-16 02:00:00+00:00,83598.04,83929.193,83598.04,83904.515,0.015283935,6.0,83859.151249
2025-04-16 03:00:00+00:00,83873.85,83984.45,83626.692,83682.174,0.015088712,2.0,83806.857094
2025-04-16 04:00:00+00:00,83632.646,83773.595,83402.645,83550.48,0.018833701,2.0,83561.130827
2025-04-16 05:00:00+00:00,83590.624,83777.71,83214.0425,83364.2555,0.01037184,2.0,83642.254298
2025-04-16 06:00:00+00:00,83433.315,83713.87,83301.725,83656.5,0.002868208,3.0,83577.424273
2025-04-16 07:00:00+00:00,83686.56,83724.219,83284.5225,83361.501,0.004271767,6.0,83461.290906
2025-04-16 08:00:00+00:00,83300.65,84104.159,83135.32,83731.815,0.020870842,6.0,83528.513522
2025-04-16 09:00:00+00:00,83782.1215,83891.8335,83626.2655,83635.895,0.0,0.0,83755.51075
2025-04-16 10:00:00+00:00,83603.421,83977.72,83603.421,83942.97,0.000760315,2.0,83907.564861
2025-04-16 11:00:00+00:00,83909.408,84119.95,83781.25,84038.469,0.001198354,3.0,83888.280428
2025-04-16 12:00:00+00:00,84099.635,84246.083,83756.555,83767.205,0.04028365,2.0,83902.574584
2025-04-16 13:00:00+00:00,83741.4,84207.321,83509.71,83770.884,0.007371474,4.0,83798.883059
2025-04-16 14:00:00+00:00,83714.8,84849.3075,83714.8,84607.7,0.015193803,9.0,84130.286853
2025-04-16 15:00:00+00:00,84650.3905,85279.8105,84524.3055,84839.55,0.178655423,8.0,85012.657046
2025-04-16 16:00:00+00:00,84907.2125,85228.16,84737.85,85061.995,0.886757418,13.0,84908.179829
2025-04-16 17:00:00+00:00,85105.855,85497.95,83308.832,83349.4,0.023378814,23.0,84801.136328
2025-04-16 18:00:00+00:00,83395.7065,84494.3165,83381.56,84019.466,0.051129227,7.0,84036.534344
2025-04-16 19:00:00+00:00,84078.3195,84523.0,83794.85,84342.296,0.079159752,46.0,83975.766565
2025-04-16 20:00:00+00:00,84320.0455,84633.45,84289.855,84289.855,7e-05,1.0,84482.9
2025-04-16 21:00:00+00:00,84321.595,84711.13,84295.344,84573.09,0.001585685,3.0,84444.331977
2025-04-16 22:00:00+00:00,84599.3525,84599.3525,84350.5505,84479.871,0.119633173,2.0,84473.548704
2025-04-16 23:00:00+00:00,84436.33,84436.33,84039.095,84039.095,0.000514327,2.0,84315.85318
2025-04-17 00:00:00+00:00,84017.87,84205.925,83947.709,84190.2875,0.0,0.0,84017.87
2025-04-17 01:00:00+00:00,84150.8155,84472.3,84142.7765,84335.0405,0.000421997,1.0,84358.59
2025-04-17 02:00:00+00:00,84311.472,84311.472,84060.36,84284.53,0.0,0.0,84311.472
2025-04-17 03:00:00+00:00,84312.591,84312.591,83834.645,84003.21,0.003425204,2.0,83957.536428
2025-04-17 04:00:00+00:00,83974.3155,84195.789,83912.725,84175.04,0.001349849,2.0,83992.367636
2025-04-17 05:00:00+00:00,84152.955,84502.85,84109.2125,84385.333,0.0,0.0,84170.49
2025-04-17 06:00:00+00:00,84403.7165,84866.4605,84345.206,84793.5105,0.002245706,3.0,84707.377628
2025-04-17 07:00:00+00:00,84832.694,85017.5,84564.3,84642.11,0.012270221,7.0,84978.643521
2025-04-17 08:00:00+00:00,84709.15,84759.2055,84408.0,84427.0635,0.00511838,6.0,84521.136396
2025-04-17 09:00:00+00:00,84458.065,84471.412,84341.5535,84465.86,0.002858026,1.0,84471.412
2025-04-17 10:00:00+00:00,84528.52,84528.52,84182.635,84345.665,0.057143313,2.0,84496.873681
2025-04-17 11:00:00+00:00,84392.8065,84724.3065,84304.289,84581.215,0.0003,3.0,84404.466667
2025-04-17 12:00:00+00:00,84625.4205,84838.06,84625.4205,84755.6285,0.005870098,2.0,84722.332045
2025-04-17 13:00:00+00:00,84726.1325,84726.1325,84327.396,84418.59,0.0,0.0,84726.1325
2025-04-17 14:00:00+00:00,84390.15,84467.4,83749.35,84093.0955,0.010235699,6.0,84183.969527
2025-04-17 15:00:00+00:00,84132.699,84693.8585,84132.699,84512.8975,0.011983354,3.0,84542.530121
2025-04-17 16:00:00+00:00,84555.48,85066.0775,84427.859,84955.0485,0.066009089,9.0,84847.750466
2025-04-17 17:00:00+00:00,84925.629,85175.185,84779.3,85148.315,0.02969261,4.0,84781.272112
2025-04-17 18:00:00+00:00,85109.45,85538.42,84940.675,84940.675,0.067528767,12.0,85404.396344
2025-04-17 19:00:00+00:00,84983.205,85111.1505,84586.3125,84870.7775,0.079694259,60.0,84781.445102
2025-04-17 20:00:00+00:00,84935.85,85132.15,84897.45,85124.198,0.002938518,3.0,85053.245203
2025-04-17 21:00:00+00:00,85081.1475,85089.0255,84868.8,85089.0255,0.0002,2.0,84948.75
2025-04-17 22:00:00+00:00,85049.35,85101.3475,84760.38,84760.38,0.014602651,2.0,85060.971038
2025-04-17 23:00:00+00:00,84811.565,85036.55,84811.565,84944.543,0.0,0.0,84811.565
2025-04-18 00:00:00+00:00,84968.378,85029.2735,84775.16,84816.029,0.000481645,1.0,84842.1
2025-04-18 01:00:00+00:00,84871.18,85105.42,84871.18,84950.735,0.0,0.0,84871.18
2025-04-18 02:00:00+00:00,84892.36,84966.215,84846.451,84904.514,0.0,0.0,84892.36
2025-04-18 03:00:00+00:00,84854.04,84864.42,84756.9725,84822.746,0.0,0.0,84854.04
2025-04-18 04:00:00+00:00,84853.0465,84853.0465,84570.78,84662.66,0.000231182,2.0,84640.121875
2025-04-18 05:00:00+00:00,84665.575,84742.2,84516.23,84742.2,0.001269758,4.0,84541.735566
2025-04-18 06:00:00+00:00,84704.345,84757.8135,84585.75,84719.7405,0.0,0.0,84704.345
2025-04-18 07:00:00+00:00,84696.588,84696.588,84436.0715,84633.319,0.230587004,4.0,84600.165395
2025-04-18 08:00:00+00:00,84680.04,84769.655,84632.241,84632.241,0.0,0.0,84680.04
2025-04-18 09:00:00+00:00,84589.452,84716.43,84538.77,84553.875,0.005834711,3.0,84563.45552
2025-04-18 10:00:00+00:00,84542.875,84657.65,84461.11,84518.5595,0.0,0.0,84543.95825
2025-04-18 11:00:00+00:00,84536.283,84663.15,84468.475,84663.15,0.0,0.0,84536.283
2025-04-18 12:00:00+00:00,84688.075,84765.515,84563.5065,84641.102,4.7213e-05,3.0,84701.940291
2025-04-18 13:00:00+00:00,84617.765,84617.765,84471.755,84562.9315,0.006114747,8.0,84595.877148
2025-04-18 14:00:00+00:00,84619.163,84619.163,84427.6,84546.463,0.0006351,2.0,84542.058197
2025-04-18 15:00:00+00:00,84605.9515,84605.9515,84326.86,84357.885,0.003478013,2.0,84477.635745
2025-04-18 16:00:00+00:00,84388.91,84524.9655,84347.88,84484.48,0.001784637,5.0,84413.113702
2025-04-18 17:00:00+00:00,84436.655,84571.345,84399.89,84571.345,0.0,0.0,84436.655
2025-04-18 18:00:00+00:00,84503.7945,84602.74,84503.7945,84602.74,0.0,0.0,84503.7945
2025-04-18 19:00:00+00:00,84645.52,84645.52,84438.97,84504.25,0.045843914,49.0,84466.548139
2025-04-18 20:00:00+00:00,84552.999,84607.9425,84437.684,84486.87,0.00179775,2.0,84503.439194
2025-04-18 21:00:00+00:00,84510.165,84658.95,84499.705,84614.15,0.0,0.0,84510.165
2025-04-18 22:00:00+00:00,84586.9985,84586.9985,84427.2255,84494.805,0.001141907,1.0,84567.8
2025-04-18 23:00:00+00:00,84475.2585,84475.2585,84356.9605,84472.29,0.00104802,1.0,84380.848
2025-04-19 00:00:00+00:00,84459.5465,84459.5465,84377.6365,84433.205,0.0,0.0,84459.5465
2025-04-19 01:00:00+00:00,84468.2,84574.815,84468.2,84547.411,0.0,0.0,84468.2
2025-04-19 02:00:00+00:00,84518.45,84783.13,84518.45,84760.594,0.004184018,4.0,84763.912922
2025-04-19 03:00:00+00:00,84819.003,84918.6875,84770.8,84861.155,0.001,2.0,84839.0
2025-04-19 04:00:00+00:00,84903.5665,85285.4,84903.5665,85034.24,0.001673265,3.0,85140.234709
2025-04-19 05:00:00+00:00,85066.05,85149.9555,84994.145,85078.477,0.0,0.0,85066.05
2025-04-19 06:00:00+00:00,85063.73,85063.73,84911.5,84911.5,0.002838433,1.0,85054.5
2025-04-19 07:00:00+00:00,84944.93,85235.275,84944.93,85165.338,0.001936072,3.0,85066.967507
2025-04-19 08:00:00+00:00,85157.4,85312.975,85130.55,85294.1125,0.001417142,4.0,85239.791819
2025-04-19 09:00:00+00:00,85330.7825,85458.62,85237.6,85364.745,0.036895372,18.0,85366.109717
2025-04-19 10:00:00+00:00,85332.917,85332.917,85173.9035,85256.8915,0.007184015,4.0,85245.651684
2025-04-19 11:00:00+00:00,85199.1685,85220.315,85165.13,85206.9555,0.0,0.0,85199.1685
2025-04-19 12:00:00+00:00,85245.5475,85383.1,85215.4335,85277.95,0.036808293,30.0,85310.419425
2025-04-19 13:00:00+00:00,85238.727,85491.147,85238.727,85491.147,0.0,0.0,85238.727
2025-04-19 14:00:00+00:00,85532.3,85532.3,85341.185,85409.95,0.000314065,1.0,85532.3
2025-04-19 15:00:00+00:00,85348.7275,85632.935,85112.21,85191.9085,0.0,0.0,85348.7275
2025-04-19 16:00:00+00:00,85230.915,85319.557,84726.989,84837.425,0.006337559,9.0,85075.231367
2025-04-19 17:00:00+00:00,84873.9725,85232.0755,84836.17,85232.0755,0.0003,1.0,84836.17
2025-04-19 18:00:00+00:00,85173.1245,85304.089,85122.7705,85122.7705,0.0,0.0,85173.1245
2025-04-19 19:00:00+00:00,85085.95,85173.859,85027.28,85088.09,0.004894792,27.0,85120.767103
2025-04-19 20:00:00+00:00,85051.441,85268.65,84986.94,85208.1685,0.0,0.0,85051.441
2025-04-19 21:00:00+00:00,85235.3665,85359.66,85229.1,85315.358,0.00167019,1.0,85229.1
2025-04-19 22:00:00+00:00,85303.715,85334.54,85239.863,85252.661,0.0,0.0,85308.9575
2025-04-19 23:00:00+00:00,85191.2475,85191.2475,85055.5,85055.5,0.0,0.0,85191.2475
2025-04-20 00:00:00+00:00,85102.6965,85198.55,85087.595,85145.06,0.0,0.0,85102.6965
2025-04-20 01:00:00+00:00,85183.135,85322.0125,85183.135,85307.291,0.0,0.0,85183.135
2025-04-20 02:00:00+00:00,85269.54,85320.8,85202.7125,85202.7125,0.002762268,2.0,85219.040705
2025-04-20 03:00:00+00:00,85271.787,85271.787,85137.324,85170.45,0.0,0.0,85271.787
2025-04-20 04:00:00+00:00,85113.8915,85205.755,85113.8915,85205.755,0.0,0.0,85113.8915
2025-04-20 05:00:00+00:00,85171.0285,85171.0285,85124.1905,85124.1905,0.0,0.0,85171.0285
2025-04-20 06:00:00+00:00,85169.3785,85169.3785,84897.007,84973.194,0.000581274,1.0,85108.06
2025-04-20 07:00:00+00:00,84948.223,84948.223,84682.3,84777.45,0.0028,1.0,84791.48
2025-04-20 08:00:00+00:00,84715.4,84791.7405,84583.26,84656.385,0.020975557,3.0,84692.139517
2025-04-20 09:00:00+00:00,84635.315,84635.315,84496.46,84552.974,0.0,0.0,84632.9575
2025-04-20 10:00:00+00:00,84522.0905,84522.0905,84014.987,84176.465,0.593279965,5.0,84495.77536
2025-04-20 11:00:00+00:00,84126.868,84219.6,83962.965,84140.7885,0.0,0.0,84126.868
2025-04-20 12:00:00+00:00,84173.467,84471.8175,84173.467,84363.8995,0.002,1.0,84388.0
2025-04-20 13:00:00+00:00,84373.7365,84451.6135,84190.1285,84348.55,0.001047212,2.0,84363.00599
2025-04-20 14:00:00+00:00,84316.17,84651.8095,84282.814,84640.75,0.000318372,1.0,84375.3
2025-04-20 15:00:00+00:00,84594.85,84594.85,84320.1795,84347.415,0.000466008,1.0,84405.9
2025-04-20 16:00:00+00:00,84392.9,84621.269,84284.204,84621.269,0.001018595,6.0,84376.801812
2025-04-20 17:00:00+00:00,84588.695,84635.217,84473.175,84577.035,1.1612e-05,1.0,84514.3
2025-04-20 18:00:00+00:00,84528.87,84629.847,84481.188,84557.85,0.0003,1.0,84528.87
2025-04-20 19:00:00+00:00,84568.2815,84732.5,84552.8865,84653.57,0.041516949,34.0,84695.061988
2025-04-20 20:00:00+00:00,84688.845,85225.53,84688.845,85094.7365,0.00269,5.0,84962.838104
2025-04-20 21:00:00+00:00,85134.3665,85297.6,84951.3775,84996.58,0.012593573,2.0,85296.962544
2025-04-20 22:00:00+00:00,85023.545,85023.545,84667.17,84848.35,0.0,0.0,85003.147
2025-04-20 23:00:00+00:00,84881.8,85278.8555,84881.8,85139.1945,0.0,0.0,84929.6995
2025-04-21 00:00:00+00:00,85166.0,87017.86,85158.135,86613.365,0.06580984,18.0,86087.730373
2025-04-21 01:00:00+00:00,86640.712,87429.938,86624.712,87336.365,0.042515194,14.0,87281.732397
2025-04-21 02:00:00+00:00,87262.633,87610.301,87136.63,87393.2,6.0748e-05,2.0,87400.801886
2025-04-21 03:00:00+00:00,87416.8265,87621.383,87211.581,87211.581,0.006630679,2.0,87383.45345
2025-04-21 04:00:00+00:00,87235.2795,87370.16825,87058.6415,87370.16825,0.034130706,4.0,87225.914018
2025-04-21 05:00:00+00:00,87388.61225,87728.546,87355.90675,87566.4405,0.020118348,3.0,87414.928131
2025-04-21 06:00:00+00:00,87614.388,87708.09,87400.395,87497.2,0.058297076,6.0,87610.659488
2025-04-21 07:00:00+00:00,87540.3775,87610.987,87343.55,87470.435,0.024677067,4.0,87570.858761
2025-04-21 08:00:00+00:00,87442.385,87767.42,87420.1,87579.177,0.036067973,23.0,87573.325691
2025-04-21 09:00:00+00:00,87546.1,87836.9,87326.94,87494.895,0.030495003,20.0,87638.702187
2025-04-21 10:00:00+00:00,87539.5525,87539.5525,87214.43,87368.9645,0.000441722,3.0,87333.123905
2025-04-21 11:00:00+00:00,87316.66,87374.92,86698.645,86987.4675,0.049759332,11.0,86901.211852
2025-04-21 12:00:00+00:00,87018.765,87519.2555,87018.765,87070.005,0.114873326,4.0,87364.092699
2025-04-21 13:00:00+00:00,87023.91,87557.35,86826.93,87090.795,0.09081893,11.0,87158.425157
2025-04-21 14:00:00+00:00,87038.091,88534.27,86994.8595,88298.171,0.108901288,42.0,88041.438088
2025-04-21 15:00:00+00:00,88325.15,88400.8,87911.036,88076.4,0.112515299,18.0,88111.362424
2025-04-21 16:00:00+00:00,88046.65,88277.238,87101.448,87186.9545,0.258149799,15.0,87848.648905
2025-04-21 17:00:00+00:00,87156.986,87337.035,86416.62,86855.762,0.049035254,12.0,86731.346411
2025-04-21 18:00:00+00:00,86823.4225,87071.2,86694.441,86806.3525,0.185981572,17.0,86953.692929
2025-04-21 19:00:00+00:00,86762.32,87473.5075,86688.58,87471.195,0.364406831,121.0,87252.667045
2025-04-21 20:00:00+00:00,87425.526,87425.526,87166.0545,87341.4185,0.000536061,2.0,87308.063311
2025-04-21 21:00:00+00:00,87303.6635,87371.503,86922.743,87305.45,0.01572193,4.0,87225.124101
2025-04-21 22:00:00+00:00,87270.205,87270.205,86954.039,87189.78,0.009119881,3.0,87085.510207
2025-04-21 23:00:00+00:00,87131.95,87609.735,87037.0265,87506.85,0.001375224,1.0,87200.29
2025-04-22 00:00:00+00:00,87552.151,87684.44,87046.509,87666.32,0.027509871,9.0,87536.434116
2025-04-22 01:00:00+00:00,87623.87,88888.097,87555.61,88391.35,1.130700737,39.0,88401.342952
2025-04-22 02:00:00+00:00,88464.9615,88695.473,87932.247,88208.7,0.009412924,16.0,88342.551493
2025-04-22 03:00:00+00:00,88149.385,88279.637,87883.24,88135.485,0.000322725,5.0,88083.910283
2025-04-22 04:00:00+00:00,88191.1775,88366.706,88050.075,88050.075,0.231654434,2.0,88215.707716
2025-04-22 05:00:00+00:00,87986.015,88381.15,87927.28,88381.15,0.136738694,2.0,88051.848052
2025-04-22 06:00:00+00:00,88419.73,88454.78,88011.6105,88228.745,0.121091728,2.0,88184.726871
2025-04-22 07:00:00+00:00,88188.7095,88468.205,88188.7095,88430.955,0.178756047,3.0,88194.781057
2025-04-22 08:00:00+00:00,88445.0,88665.46,88342.135,88395.495,0.058172843,8.0,88474.3632
2025-04-22 09:00:00+00:00,88422.865,88593.295,88338.195,88563.785,0.018644146,7.0,88506.186301
2025-04-22 10:00:00+00:00,88518.557,88630.1,88282.305,88572.416,0.003055308,2.0,88502.060536
2025-04-22 11:00:00+00:00,88606.043,88713.58,88483.9355,88594.2975,0.000242215,2.0,88696.454719
2025-04-22 12:00:00+00:00,88539.095,89193.5249137055,88479.56,88990.855,0.026952953,12.0,88735.797385
2025-04-22 13:00:00+00:00,89053.455,90453.65,89015.615,90263.895,0.269445996,38.0,89826.756093
2025-04-22 14:00:00+00:00,90235.772,90997.2595,90103.6,90875.475,0.025280787,19.0,90478.708264
2025-04-22 15:00:00+00:00,90855.405,91523.345,90473.372,90998.885,0.672568401,26.0,91088.55508
2025-04-22 16:00:00+00:00,91056.9385,91100.81,90685.7,90745.2535,0.251829195,13.0,90883.237988
2025-04-22 17:00:00+00:00,90788.56,91545.683,90743.67,91483.7285,0.007835344,6.0,90985.985841
2025-04-22 18:00:00+00:00,91516.5,91711.14,91234.2,91599.0,0.089862325,8.0,91312.661866
2025-04-22 19:00:00+00:00,91539.2,91787.506,91036.595,91521.8,0.12918938,101.0,91509.859739
2025-04-22 20:00:00+00:00,91561.4635,91590.6,91161.555,91171.23,0.00504359,4.0,91545.251214
2025-04-22 21:00:00+00:00,91149.917,93914.667,91111.01,93042.4,0.136848489,24.0,92573.362546
2025-04-22 22:00:00+00:00,93090.42,93326.667,92529.63,92825.195,0.000269699,4.0,92702.800584
2025-04-22 23:00:00+00:00,92852.8265,93871.215,92852.8265,93475.417,0.010400027,5.0,93124.821987
2025-04-23 00:00:00+00:00,93523.72,93927.3885,92871.6885,92941.0,0.006776947,5.0,93367.555984
2025-04-23 01:00:00+00:00,93002.108,93560.763,92664.6045,92664.6045,0.028676804,13.0,93247.578528
2025-04-23 02:00:00+00:00,92641.815,93292.707,92641.815,92896.35,0.012688304,4.0,92946.746786
2025-04-23 03:00:00+00:00,92859.53,93256.3505,92737.05,93187.865,0.050644297,10.0,92850.876169
2025-04-23 04:00:00+00:00,93263.455,93701.615,93030.348,93701.615,0.064303358,12.0,93243.327959
2025-04-23 05:00:00+00:00,93651.087,93662.2,93343.808,93528.836,0.008621624,4.0,93627.965786
2025-04-23 06:00:00+00:00,93477.1655,93895.5335,93477.1655,93690.6,0.038443937,4.0,93657.064552
2025-04-23 07:00:00+00:00,93740.4045,94238.0045,93507.618,94161.38,0.016409153,5.0,93794.246103
2025-04-23 08:00:00+00:00,94121.69,94413.596827411,93959.485,94313.752,0.069457666,9.0,94246.693764
2025-04-23 09:00:00+00:00,94370.486827411,94407.2,93971.197,93971.197,0.162120974,7.0,94394.100086
2025-04-23 10:00:00+00:00,93940.22,93940.22,93373.335,93742.092,0.26972773,17.0,93521.613798
2025-04-23 11:00:00+00:00,93797.17,93797.17,93356.583,93446.8585,0.008522936,9.0,93579.719036
2025-04-23 12:00:00+00:00,93492.05,93884.261,93478.698,93779.51,0.016716224,7.0,93670.62717
2025-04-23 13:00:00+00:00,93732.1495,94650.921,92931.64,93063.33,0.098139945,24.0,94038.454322
2025-04-23 14:00:00+00:00,93092.125,93637.09,92687.8,92995.825,0.279104337,32.0,92948.109367
2025-04-23 15:00:00+00:00,92965.527,93323.2,92000.0,93268.895,0.158650534,13.0,92694.411257
2025-04-23 16:00:00+00:00,93206.5675,93793.42,92945.228,93658.3245,0.100734684,17.0,93403.884865
2025-04-23 17:00:00+00:00,93617.615,93954.7,93539.8765,93954.7,0.009717627,9.0,93802.763544
2025-04-23 18:00:00+00:00,93894.9775,94243.267,93627.762,93648.795,0.088049105,16.0,93793.386726
2025-04-23 19:00:00+00:00,93580.0,93703.38,93025.0,93587.066,0.65820504,191.0,93418.952511
2025-04-23 20:00:00+00:00,93536.6,93853.96,93524.98,93690.855,0.015456291,12.0,93646.663518
2025-04-23 21:00:00+00:00,93632.121,93976.1,93320.987,93519.45,0.022982576,11.0,93733.756375
2025-04-23 22:00:00+00:00,93553.169,93828.58,93282.482,93828.58,0.000302398,5.0,93495.404833
2025-04-23 23:00:00+00:00,93765.06,93852.025,93542.7,93700.518,0.011439794,7.0,93720.523501
2025-04-24 00:00:00+00:00,93640.463,93879.0,93224.0,93388.241,0.015607425,9.0,93449.595061
2025-04-24 01:00:00+00:00,93368.18,93645.1765,93125.7935,93539.85,0.01052409,4.0,93488.580153
2025-04-24 02:00:00+00:00,93517.9785,93628.155,93075.784,93151.225,0.047166509,6.0,93456.037626
2025-04-24 03:00:00+00:00,93190.6365,93336.508,92667.7025,92715.625,0.012433884,24.0,93006.077427
2025-04-24 04:00:00+00:00,92661.45,92845.065,92433.8115,92802.489,0.132650276,5.0,92654.620489
2025-04-24 05:00:00+00:00,92831.6225,92949.856,92583.285,92597.65,0.032905991,8.0,92816.403031
2025-04-24 06:00:00+00:00,92640.857,92689.33,92341.0115,92434.615,0.006518429,6.0,92458.327148
2025-04-24 07:00:00+00:00,92387.305,92604.495,92122.7,92195.25,0.30855217,6.0,92274.923711
2025-04-24 08:00:00+00:00,92274.83,92364.6,91739.4,92046.99,0.006246145,6.0,92039.698337
2025-04-24 09:00:00+00:00,92074.2,92571.976,92065.4025,92470.264,0.011879383,4.0,92323.203813
2025-04-24 10:00:00+00:00,92509.66,92637.1,92383.898,92587.943,0.484877688,3.0,92529.063924
2025-04-24 11:00:00+00:00,92548.7325,92654.3495,92315.412,92654.3495,4.2924e-05,2.0,92500.891692
2025-04-24 12:00:00+00:00,92680.871,92813.62,92498.1185,92772.32,0.002601321,4.0,92593.727949
2025-04-24 13:00:00+00:00,92791.5695,93035.83,92611.955,92828.585,0.020094908,7.0,93017.045903
2025-04-24 14:00:00+00:00,92892.1285,93449.001,92674.435,93102.8205,0.03042466,13.0,93160.473812
2025-04-24 15:00:00+00:00,93073.36,93470.881,93049.299,93245.2135,0.08653019,11.0,93399.088277
2025-04-24 16:00:00+00:00,93302.494,93569.55,93231.09,93416.55,0.300901774,13.0,93367.984291
2025-04-24 17:00:00+00:00,93373.239,93447.12,92710.337,93043.508,0.065711558,7.0,92933.127183
2025-04-24 18:00:00+00:00,93088.365,93511.82,93088.365,93428.684,0.003241805,3.0,93448.977216
2025-04-24 19:00:00+00:00,93475.7125,93765.976,93247.75,93583.9,0.085708079,85.0,93653.258097
2025-04-24 20:00:00+00:00,93537.7595,93678.9,93366.895,93473.985,0.010572724,8.0,93674.527266
2025-04-24 21:00:00+00:00,93428.0425,93623.765,93159.6715,93387.8,0.046545755,13.0,93315.672562
2025-04-24 22:00:00+00:00,93420.362,93617.4,93336.35,93459.15,0.004252,4.0,93554.991094
2025-04-24 23:00:00+00:00,93482.5475,94016.0,93482.5475,93960.5,0.000192344,3.0,93983.745367
2025-04-25 00:00:00+00:00,93971.35,94016.0,93548.785,93956.425,0.017854914,10.0,93978.873512
2025-04-25 01:00:00+00:00,93983.654,94404.521827411,93678.7145,93700.4475,0.010728462,7.0,94026.700147
2025-04-25 02:00:00+00:00,93766.4465,93930.59,92933.6555,93039.7725,0.012495275,5.0,93286.233357
2025-04-25 03:00:00+00:00,92975.592,93364.63,92925.587,93327.96,0.057645253,3.0,93106.266409
2025-04-25 04:00:00+00:00,93294.82,93539.9445,93085.4,93099.69,0.069253327,9.0,93383.894467
2025-04-25 05:00:00+00:00,93071.7745,93448.51,93071.7745,93280.242,0.000959606,5.0,93226.127411
2025-04-25 06:00:00+00:00,93324.5365,93648.878,93260.91,93592.182,0.004215612,3.0,93583.543074
2025-04-25 07:00:00+00:00,93645.458,93874.64,93543.7,93803.044,0.008203588,35.0,93713.661367
2025-04-25 08:00:00+00:00,93851.62,93874.64,93648.858,93720.285,0.004857648,44.0,93817.863473
2025-04-25 09:00:00+00:00,93654.81,93858.544,93607.1025,93820.42,0.003692892,4.0,93768.967509
2025-04-25 10:00:00+00:00,93858.92,93981.4875,93659.06,93687.5215,0.007061159,8.0,93854.64417
2025-04-25 11:00:00+00:00,93751.865,94662.122,93712.4,94658.931,0.148415722,16.0,94285.71288
2025-04-25 12:00:00+00:00,94718.45,95012.565,94380.7925,94475.151,0.008216033,12.0,94724.881788
2025-04-25 13:00:00+00:00,94521.915,94667.94,94014.7165,94475.545,0.003165194,10.0,94295.249756
2025-04-25 14:00:00+00:00,94502.679,95839.25,94468.297,95480.4,0.342879427,36.0,95254.288574
2025-04-25 15:00:00+00:00,95519.702,95770.0345,94888.7,95191.0,0.009323374,15.0,95465.415035
2025-04-25 16:00:00+00:00,95255.3,95434.775,94769.427,95313.313,0.174365873,28.0,95278.837485
2025-04-25 17:00:00+00:00,95339.49,95603.527,94529.395,94631.4435,0.178375913,18.0,94785.592434
2025-04-25 18:00:00+00:00,94675.8585,95316.5775,94675.8585,95076.9715,0.194892363,11.0,94939.13408
2025-04-25 19:00:00+00:00,95137.4515,95479.7,94990.523,95439.8245,0.194074854,55.0,95250.208188
2025-04-25 20:00:00+00:00,95373.7465,95387.752,94902.785,94991.3655,0.001319892,6.0,95107.794285
2025-04-25 21:00:00+00:00,94933.05,95106.135,94593.9085,94718.335,0.012585661,10.0,94785.302327
2025-04-25 22:00:00+00:00,94744.51,95079.143,94732.996,94917.653,0.005591165,10.0,95041.757568
2025-04-25 23:00:00+00:00,94970.396,95053.7,94690.348,94742.1035,0.027342864,4.0,94895.055892
2025-04-26 00:00:00+00:00,94682.6675,94988.295,94635.6995,94968.118,0.005224075,3.0,94687.084784
2025-04-26 01:00:00+00:00,95041.2,95256.42,94842.0835,95098.4355,0.00015,1.0,95041.2
2025-04-26 02:00:00+00:00,95166.93,95188.3945,94768.3415,95057.5065,0.001483582,3.0,94969.306887
2025-04-26 03:00:00+00:00,95114.2,95114.2,94735.22,94780.0285,0.00273024,3.0,94757.722743
2025-04-26 04:00:00+00:00,94838.4,94870.992,94582.885,94582.885,0.00015,1.0,94838.4
2025-04-26 05:00:00+00:00,94638.795,94761.925,94429.71,94658.462,0.00456935,4.0,94683.685376
2025-04-26 06:00:00+00:00,94716.87,94768.65,94649.595,94706.86,0.005942298,3.0,94727.696157
2025-04-26 07:00:00+00:00,94787.51,94815.4575,94618.7,94618.7,0.002047154,2.0,94661.26098
2025-04-26 08:00:00+00:00,94671.115,94759.797,94314.05,94358.05,0.004410953,4.0,94476.92861
2025-04-26 09:00:00+00:00,94288.4,94453.4035,94084.6,94272.885,0.155102656,6.0,94157.175854
2025-04-26 10:00:00+00:00,94315.69,94416.271,94208.2085,94262.0195,0.000139012,2.0,94362.396358
2025-04-26 11:00:00+00:00,94236.095,94311.9,94021.711,94180.3415,0.169383407,9.0,94290.160925
2025-04-26 12:00:00+00:00,94239.204,94366.05,94065.022,94285.28,0.002751056,6.0,94326.399149
2025-04-26 13:00:00+00:00,94218.031,94371.253,93957.785,94180.375,0.003308532,7.0,94241.217121
2025-04-26 14:00:00+00:00,94233.2,94340.0,93947.3,94273.5045,0.003217679,4.0,94150.080585
2025-04-26 15:00:00+00:00,94332.3,94444.375,94214.1365,94444.375,0.031660093,9.0,94337.635372
2025-04-26 16:00:00+00:00,94376.285,94442.2,94040.87,94330.5735,0.025298706,11.0,94256.942203
2025-04-26 17:00:00+00:00,94374.24,94431.669,94262.015,94368.7095,0.000118001,3.0,94382.197979
2025-04-26 18:00:00+00:00,94318.076,94452.24,94181.3,94211.665,0.001413229,7.0,94411.196247
2025-04-26 19:00:00+00:00,94273.13,94381.6,94137.85,94341.8555,0.880501695,222.0,94305.07257
2025-04-26 20:00:00+00:00,94409.301,94419.74,94141.218,94141.218,0.000194235,4.0,94361.926718
2025-04-26 21:00:00+00:00,94075.738,94451.16,94075.738,94393.7085,0.004661136,6.0,94434.613097
2025-04-26 22:00:00+00:00,94441.4,94829.924,94441.4,94829.924,0.004121892,9.0,94582.455368
2025-04-26 23:00:00+00:00,94871.833,94901.0,94650.5545,94673.075,0.000155089,3.0,94821.15703
2025-04-27 00:00:00+00:00,94732.89,95038.59,94656.199,94928.898,0.016007301,9.0,94770.175466
2025-04-27 01:00:00+00:00,94886.421,95376.4235,94173.81,94173.81,0.014452083,6.0,94424.687461
2025-04-27 02:00:00+00:00,94190.5255,94509.7,94155.0445,94374.5375,0.000192722,3.0,94374.630055
2025-04-27 03:00:00+00:00,94321.55,94510.025,94151.5,94188.9125,0.000397128,4.0,94309.950601
2025-04-27 04:00:00+00:00,94176.8685,94349.559,94127.43,94135.215,0.000663655,8.0,94233.619385
2025-04-27 05:00:00+00:00,94127.43,94183.695,93702.25,93941.3465,0.001606379,5.0,94115.392303
2025-04-27 06:00:00+00:00,93956.185,94106.32,93923.0,94036.15,0.000139,2.0,93944.657935
2025-04-27 07:00:00+00:00,94090.847,94194.695,93984.795,94108.8,0.001109396,2.0,94168.802103
2025-04-27 08:00:00+00:00,94106.151,94358.9685,94069.6625,94254.3885,0.00016449,3.0,94153.141072
2025-04-27 09:00:00+00:00,94218.7065,94315.7,94137.569,94209.3805,0.001636106,3.0,94278.305846
2025-04-27 10:00:00+00:00,94198.275,94242.07,94001.6265,94068.665,0.031774908,2.0,94017.819546
2025-04-27 11:00:00+00:00,94099.8935,94134.045,93907.1,93936.382,0.000226713,3.0,93972.024303
2025-04-27 12:00:00+00:00,93866.964,94007.47,93703.275,93830.021,0.092008238,11.0,93843.656229
2025-04-27 13:00:00+00:00,93768.972,94108.169,93685.982,94108.169,0.012850045,4.0,93768.84661
2025-04-27 14:00:00+00:00,94172.243,94192.74,93959.97,94043.715,0.000375251,2.0,94121.331557
2025-04-27 15:00:00+00:00,93977.42,94039.7795,93836.415,93931.861,8.6978e-05,1.0,94005.4
2025-04-27 16:00:00+00:00,93954.1375,94053.546,93756.0,93887.7625,0.004484733,13.0,93924.674921
2025-04-27 17:00:00+00:00,93834.3115,94181.836,93834.3115,94077.305,0.005224941,2.0,94158.081583
2025-04-27 18:00:00+00:00,94091.05,94416.97,94036.811,94335.986,0.002040864,3.0,94260.523937
2025-04-27 19:00:00+00:00,94418.099,94517.18,94233.57,94441.175,0.092630619,49.0,94353.990275
2025-04-27 20:00:00+00:00,94497.31,94497.31,94307.0005,94307.0005,0.010474815,2.0,94496.327138
2025-04-27 21:00:00+00:00,94269.7105,94563.7,94235.2145,94376.742,0.005304438,4.0,94436.715609
2025-04-27 22:00:00+00:00,94320.214,94320.214,93721.6205,93944.51,0.02096407,4.0,93839.063522
2025-04-27 23:00:00+00:00,93912.655,93912.655,93700.0935,93789.776,0.00017328,2.0,93848.577098
2025-04-28 00:00:00+00:00,93733.55,93832.055,93354.545,93471.014,0.011513478,29.0,93607.761444
2025-04-28 01:00:00+00:00,93520.06,93621.0255,92867.8905,92962.949,0.13270417,14.0,93271.119474
2025-04-28 02:00:00+00:00,92994.5,93669.643,92994.5,93631.82,0.013371456,5.0,93570.698679
2025-04-28 03:00:00+00:00,93687.64,93999.6915,93526.8865,93854.7,0.013707803,5.0,93779.679912
2025-04-28 04:00:00+00:00,93913.24,94189.655,93913.24,94060.875,0.006942573,2.0,93964.306721
2025-04-28 05:00:00+00:00,94107.5,94363.338,94005.9745,94252.05,0.0,0.0,94107.5
2025-04-28 06:00:00+00:00,94299.2775,94651.0325,94299.2775,94642.878,0.01634581,2.0,94528.98243
2025-04-28 07:00:00+00:00,94671.05,94851.261,94462.6,94694.7,0.213785318,7.0,94482.353006
2025-04-28 08:00:00+00:00,94757.97,94905.344,94635.818,94760.085,0.012186244,5.0,94812.290076
2025-04-28 09:00:00+00:00,94785.5,94905.73,93317.440781773,94745.7,0.00162996,2.0,94776.920931
2025-04-28 10:00:00+00:00,94797.0865,95267.65,94343.74,95097.285,0.008284006,7.0,94902.347608
2025-04-28 11:00:00+00:00,95121.6,95558.6588832485,95028.553,95344.25,0.038380433,7.0,95378.457223
2025-04-28 12:00:00+00:00,95381.45,95604.3188832485,95096.1,95422.2135,0.14634677,13.0,95369.938035
2025-04-28 13:00:00+00:00,95369.5455,95616.2,93959.37,94032.054,0.023826562,21.0,94718.11935
2025-04-28 14:00:00+00:00,93962.0105,94926.9395,93851.677,94493.8,0.015153378,12.0,93929.995272
2025-04-28 15:00:00+00:00,94502.2765,94582.9755,93606.925,93867.632,0.104643519,20.0,93940.414639
2025-04-28 16:00:00+00:00,93830.225,94106.7,93494.71,93770.8145,0.294496124,24.0,93935.870136
2025-04-28 17:00:00+00:00,93829.829,94112.238,93563.6,94112.238,0.009002447,7.0,93808.993637
2025-04-28 18:00:00+00:00,94053.45,94237.5335,93807.35,94237.5335,0.013542092,24.0,93883.060656
2025-04-28 19:00:00+00:00,94172.2,95012.512,94172.2,94798.885,0.421248423,83.0,94576.95395
2025-04-28 20:00:00+00:00,94745.829,94745.829,94378.475,94493.65,0.000400364,5.0,94562.863533
2025-04-28 21:00:00+00:00,94542.343,94597.476,94331.14,94538.497,0.117772836,6.0,94481.038395
2025-04-28 22:00:00+00:00,94586.645,94893.175,94535.435,94834.248,0.000185997,2.0,94693.701572
2025-04-28 23:00:00+00:00,94902.275,95209.5865,94902.275,95031.745,0.0164541,2.0,94996.24531
2025-04-29 00:00:00+00:00,94980.965,95250.185,94870.592,95061.421,0.005314948,3.0,95115.748376
2025-04-29 01:00:00+00:00,95031.875,95456.765,94769.3265,94897.55,0.000104121,1.0,95140.12
2025-04-29 02:00:00+00:00,94951.24,94993.5145,94529.182,94621.2,0.018341147,3.0,94879.343887
2025-04-29 03:00:00+00:00,94691.5395,94810.3575,94507.2265,94680.49,0.0,0.0,94707.70775
2025-04-29 04:00:00+00:00,94650.5535,94868.45,94347.3825,94397.848,0.002432332,3.0,94567.451358
2025-04-29 05:00:00+00:00,94375.585,94440.333,94238.1565,94317.245,0.001965854,1.0,94316.14
2025-04-29 06:00:00+00:00,94357.4365,94827.65,94357.4365,94827.65,0.002464935,3.0,94680.225818
2025-04-29 07:00:00+00:00,94771.435,95009.3,94771.435,94951.14,0.000104258,1.0,95009.3
2025-04-29 08:00:00+00:00,95015.665,95076.041,94859.86,95019.295,0.003434776,2.0,95041.43042
2025-04-29 09:00:00+00:00,95079.815,95108.19,94833.21,95022.1445,0.018734205,3.0,94837.61696
2025-04-29 10:00:00+00:00,95066.4575,95066.4575,94738.48,94849.194,0.005566137,3.0,95021.130985
2025-04-29 11:00:00+00:00,94911.64,95338.65,94849.194,95149.065,0.004931791,9.0,95189.848329
2025-04-29 12:00:00+00:00,95226.73,95226.73,94769.45,94881.0,0.016341457,6.0,94827.701559
2025-04-29 13:00:00+00:00,94822.654,95045.7615,94640.433,94832.06,0.224641614,13.0,94746.974653
2025-04-29 14:00:00+00:00,94794.4155,95255.09,94584.3575,95102.2,0.02243644,15.0,94898.837947
2025-04-29 15:00:00+00:00,95047.705,95163.275,94764.855,94890.0185,0.045507462,10.0,94933.008833
2025-04-29 16:00:00+00:00,94843.75,95526.18,94837.93,94979.741,0.019646543,20.0,95197.032896
2025-04-29 17:00:00+00:00,94928.0615,95365.413,94695.222,95262.218,0.002781973,12.0,94986.26367
2025-04-29 18:00:00+00:00,95305.26,95541.72,95095.01,95411.5,0.065622654,15.0,95367.81686
2025-04-29 19:00:00+00:00,95461.5,95497.3,95257.3,95356.295,0.313842618,137.0,95430.602736
2025-04-29 20:00:00+00:00,95403.58,95403.58,94861.666,94861.666,0.006999207,8.0,95187.972834
2025-04-29 21:00:00+00:00,94797.23,94982.04,94429.65,94765.1,0.076927781,15.0,94685.119527
2025-04-29 22:00:00+00:00,94712.9005,94712.9005,94082.295,94189.2705,0.013322899,18.0,94243.666316
2025-04-29 23:00:00+00:00,94162.33,94376.3,93830.585,94272.88,0.001058592,10.0,94083.331028
2025-04-30 00:00:00+00:00,94195.06,94724.292,94193.1285,94587.2875,0.00530142,4.0,94219.391121
2025-04-30 01:00:00+00:00,94623.543,94628.745,94248.1,94514.495,0.005834565,3.0,94453.757509
2025-04-30 02:00:00+00:00,94450.79,94770.4735,94450.79,94665.9025,0.224875473,3.0,94450.946136
2025-04-30 03:00:00+00:00,94631.125,95159.6,94538.262,95034.565,0.008903821,11.0,94923.163764
2025-04-30 04:00:00+00:00,95074.3905,95200.38,94867.75,95074.877,0.002962,14.0,94953.48945
2025-04-30 05:00:00+00:00,95019.3,95161.717,94883.262,94931.15,0.003076645,13.0,94972.075394
2025-04-30 06:00:00+00:00,94977.9,95045.9,94722.91,94796.7445,0.005409507,21.0,94946.240086
2025-04-30 07:00:00+00:00,94828.058,94944.122,94548.0,94655.045,0.025636469,19.0,94765.488085
2025-04-30 08:00:00+00:00,94732.09,94803.755,94547.24,94750.3745,0.008109422,14.0,94704.82301
2025-04-30 09:00:00+00:00,94776.305,95082.1,94727.25,94985.745,0.013031855,18.0,95032.318677
2025-04-30 10:00:00+00:00,94940.69,95094.41,94851.3,94937.251,0.002962191,20.0,94938.324921
2025-04-30 11:00:00+00:00,95002.5935,95279.83,94944.587,95185.421,0.032192225,22.0,95113.412128
2025-04-30 12:00:00+00:00,95149.995,95232.01,94393.045,94593.3775,0.020889002,16.0,94937.784489
2025-04-30 13:00:00+00:00,94559.5,94674.526,93056.1,93056.1,0.138852903,35.0,93630.760699
2025-04-30 14:00:00+00:00,93047.5805,94359.0985,93008.447,93718.397,0.047050481,17.0,93319.916199
2025-04-30 15:00:00+00:00,93755.5025,94120.97,93660.1,94003.805,0.000486,5.0,94003.336831
2025-04-30 16:00:00+00:00,93939.164,94178.902,93583.175,93913.4835,0.027874665,16.0,94022.622122
2025-04-30 17:00:00+00:00,93968.723,94304.3,93758.93,94099.4745,0.024542211,8.0,94094.877186
2025-04-30 18:00:00+00:00,94047.65,94512.375,94031.23,94093.35,0.023334705,6.0,94238.988101
2025-04-30 19:00:00+00:00,94140.309,94208.151,93709.997,94160.7975,0.389899891,170.0,94034.310785
2025-04-30 20:00:00+00:00,94119.18,94698.66,94119.18,94545.319,0.00578385,9.0,94405.873316
2025-04-30 21:00:00+00:00,94623.565,94772.1015,94394.71,94438.193,0.001496473,4.0,94697.195459
2025-04-30 22:00:00+00:00,94484.1815,94729.804,94115.405,94115.405,0.0015,1.0,94267.89
2025-04-30 23:00:00+00:00,94157.5085,94359.71,93987.14,94205.06,0.002005649,4.0,94023.200902
2025-05-01 00:00:00+00:00,94146.5695,94407.1025,94146.5695,94388.845,0.0,0.0,94146.5695
2025-05-01 01:00:00+00:00,94433.048,94771.02,94433.048,94680.733,0.000685624,3.0,94726.683632
2025-05-01 02:00:00+00:00,94710.35,94995.7,94654.45,94825.5985,0.001688439,5.0,94796.540826
2025-05-01 03:00:00+00:00,94856.875,95027.56,94676.93,94757.59,0.000642182,2.0,94851.037784
2025-05-01 04:00:00+00:00,94801.747,94967.02,94749.3635,94914.9935,0.03780811,3.0,94880.359428
2025-05-01 05:00:00+00:00,94977.3175,95187.47,94873.8,95156.7425,0.156644487,4.0,94951.220071
2025-05-01 06:00:00+00:00,95219.585,95219.585,94826.845,94925.45,0.081726586,9.0,94963.401931
2025-05-01 07:00:00+00:00,94884.04,95108.7465,94846.35,95059.2165,0.004412621,1.0,94846.73
2025-05-01 08:00:00+00:00,94998.4605,95216.4655,94968.049,95216.4655,0.041697137,5.0,95139.579896
2025-05-01 09:00:00+00:00,95269.677,95813.726,95195.6765,95569.719,0.027755502,7.0,95322.319793
2025-05-01 10:00:00+00:00,95612.239,96402.9,95605.3,96205.25,0.153124922,17.0,96092.961229
2025-05-01 11:00:00+00:00,96259.1,96338.2,95888.985,96212.582,0.075364728,15.0,96164.548459
2025-05-01 12:00:00+00:00,96242.836,96425.000253807,96128.9,96376.05,0.005284479,10.0,96251.524011
2025-05-01 13:00:00+00:00,96407.120253807,96723.8,95887.644,95890.731,0.247091255,21.0,96272.672156
2025-05-01 14:00:00+00:00,95933.329,96965.7505,95898.19,96901.528,0.03674057,11.0,96217.377123
2025-05-01 15:00:00+00:00,96958.6,97443.364467005,96803.3,96915.2465,0.249305353,19.0,97050.936831
2025-05-01 16:00:00+00:00,96973.945,97417.664467005,96965.237,97074.5545,0.08255755,14.0,97119.550914
2025-05-01 17:00:00+00:00,97053.48,97248.37,96579.8675,96815.8,0.07666652,12.0,97007.463016
2025-05-01 18:00:00+00:00,96824.0,97034.848,96527.9565,96921.296,0.041402104,11.0,96783.103806
2025-05-01 19:00:00+00:00,96843.3995,96918.3,96468.37,96559.455,0.447240207,144.0,96639.529316
2025-05-01 20:00:00+00:00,96607.698,96953.495,96377.361,96480.47,0.002584847,2.0,96586.416537
2025-05-01 21:00:00+00:00,96511.8105,96830.241,96511.8105,96531.531,0.000948761,2.0,96698.766746
2025-05-01 22:00:00+00:00,96565.699,96663.57,96419.9,96446.8455,0.00217984,3.0,96588.079513
2025-05-01 23:00:00+00:00,96393.7175,96539.7,96200.01,96539.7,0.000250665,3.0,96318.783775
2025-05-02 00:00:00+00:00,96599.477,97046.816,96521.61,97006.55,0.0,0.0,96599.477
2025-05-02 01:00:00+00:00,97029.5,97212.0065,96820.965,97014.146,0.0003,1.0,97047.0
2025-05-02 02:00:00+00:00,96962.6225,97091.3,96790.15,97001.307,0.000580524,2.0,97072.40265
2025-05-02 03:00:00+00:00,97039.482,97249.717,97039.482,97217.15,0.011014612,4.0,97164.246107
2025-05-02 04:00:00+00:00,97233.6,97338.689,96920.53,96935.5285,0.011853861,5.0,97079.293002
2025-05-02 05:00:00+00:00,96909.9065,97000.0,96036.9458128075,96745.98,0.004435918,6.0,96822.286821
2025-05-02 06:00:00+00:00,96699.697,96893.37,96645.6145,96733.923,0.088313703,3.0,96721.354491
2025-05-02 07:00:00+00:00,96702.2465,96792.94,96365.92,96397.078,0.007066795,2.0,96787.923533
2025-05-02 08:00:00+00:00,96449.773,96779.12,96449.773,96645.2495,0.002079014,2.0,96770.041044
2025-05-02 09:00:00+00:00,96609.75,96835.72,96518.655,96638.7385,0.007437257,3.0,96764.609202
2025-05-02 10:00:00+00:00,96691.2475,97000.0,96691.2475,96944.932,0.02957548,8.0,96753.325856
2025-05-02 11:00:00+00:00,96967.105,97114.2835,96934.41,96993.03,0.295668062,4.0,96997.133691
2025-05-02 12:00:00+00:00,96954.7135,97223.6555,96745.359,97223.6555,0.02217788,6.0,97022.365861
2025-05-02 13:00:00+00:00,97285.905,97285.905,96716.2505,96788.472,0.005366717,6.0,96870.759835
2025-05-02 14:00:00+00:00,96814.9025,97924.896573604,96754.77,97793.45,0.468687681,20.0,96868.128755
2025-05-02 15:00:00+00:00,97733.6,97913.711573604,97134.8545,97374.8285,0.048541156,10.0,97500.97387
2025-05-02 16:00:00+00:00,97441.0325,97837.4995,97402.82,97402.82,0.027156633,8.0,97735.187689
2025-05-02 17:00:00+00:00,97351.285,97486.399,97159.78,97433.416,0.040250336,12.0,97283.546022
2025-05-02 18:00:00+00:00,97487.15,97672.685,97177.215,97177.215,0.006207687,2.0,97654.848166
2025-05-02 19:00:00+00:00,97104.23,97256.515,96751.13,97010.0495,0.164678575,77.0,96906.585949
2025-05-02 20:00:00+00:00,96952.2905,97157.383,96896.136,97071.334,0.011994337,3.0,97064.938575
2025-05-02 21:00:00+00:00,97132.9,97132.9,96645.3,96800.765,0.09128278,5.0,96772.520681
2025-05-02 22:00:00+00:00,96747.405,96840.81,96610.709,96689.75,0.029163217,5.0,96810.233464
2025-05-02 23:00:00+00:00,96765.5,96905.6615,96654.172,96905.6615,0.00062,2.0,96793.967742
2025-05-03 00:00:00+00:00,96978.421,96978.421,96609.16,96720.765,0.001814979,6.0,96776.105712
2025-05-03 01:00:00+00:00,96792.2,96792.2,96421.57,96500.465,0.007478595,6.0,96559.177675
2025-05-03 02:00:00+00:00,96543.64,96707.402,96500.424,96562.65,0.000248219,3.0,96617.568174
2025-05-03 03:00:00+00:00,96528.98,96577.56,96332.505,96376.865,0.025468214,18.0,96442.571023
2025-05-03 04:00:00+00:00,96437.7,96586.6325,96260.3,96538.4,0.033979667,7.0,96523.336443
2025-05-03 05:00:00+00:00,96570.95,96687.475,96446.505,96446.698,0.00069756,1.0,96687.475
2025-05-03 06:00:00+00:00,96401.16,96459.25,96157.63546798,96201.65273399,0.324404103,13.0,96282.198791
2025-05-03 07:00:00+00:00,96255.9,96400.61,96198.01773399,96358.6,0.00599954,5.0,96311.61052
2025-05-03 08:00:00+00:00,96301.29,96478.152,96203.88523399,96313.915,0.007041274,3.0,96420.254204
2025-05-03 09:00:00+00:00,96279.66,96402.8845,96202.61,96275.39,0.002313581,2.0,96234.8236
2025-05-03 10:00:00+00:00,96331.6,96331.6,95941.415,95941.415,0.030091895,4.0,96159.509832
2025-05-03 11:00:00+00:00,95901.24,96109.95,95864.3,95947.357,0.018829403,8.0,95920.866106
2025-05-03 12:00:00+00:00,95977.7515,96143.0625,95936.74,96143.0625,0.0,0.0,95957.24575
2025-05-03 13:00:00+00:00,96200.012,96356.571,96136.524,96338.483,0.000297993,2.0,96153.060951
2025-05-03 14:00:00+00:00,96407.366,96441.865,96328.754,96386.165,0.000730301,3.0,96427.927493
2025-05-03 15:00:00+00:00,96460.75,96489.195,96344.26,96452.7,0.0,0.0,96460.75
2025-05-03 16:00:00+00:00,96520.1,96540.447,96124.415,96257.538,0.000926977,7.0,96454.693594
2025-05-03 17:00:00+00:00,96195.0795,96200.9,95941.6955,96194.5975,0.066196395,5.0,96081.972782
2025-05-03 18:00:00+00:00,96147.395,96290.1,96077.99,96175.46,0.028817525,4.0,96241.983888
2025-05-03 19:00:00+00:00,96111.6,96458.994,96111.6,96363.875,0.08970979,84.0,96401.690853
2025-05-03 20:00:00+00:00,96419.02,96438.82,96282.38,96324.695,0.005749133,2.0,96418.618428
2025-05-03 21:00:00+00:00,96303.16,96457.62,96261.762,96275.795,0.001193266,3.0,96367.485399
2025-05-03 22:00:00+00:00,96321.236,96378.685,96158.482,96175.5585,0.00061194,3.0,96182.140857
2025-05-03 23:00:00+00:00,96158.88,96158.88,95821.2795,95910.9265,0.005612677,1.0,96071.03
2025-05-04 00:00:00+00:00,95850.173,96075.489,95808.92,95906.75,0.001922084,4.0,95930.878306
2025-05-04 01:00:00+00:00,95845.81,96172.01,95634.53,96127.056,0.001817893,8.0,95871.084308
2025-05-04 02:00:00+00:00,96187.942,96318.96,95828.4685,95924.5025,0.000143282,1.0,96318.96
2025-05-04 03:00:00+00:00,95874.9795,95883.843,95703.935,95784.2445,8.2219e-05,1.0,95869.921
2025-05-04 04:00:00+00:00,95816.222,95937.205,95683.6,95773.445,0.002096764,2.0,95854.632889
2025-05-04 05:00:00+00:00,95735.014,96120.995,95735.014,96059.557,0.011589368,3.0,96028.983116
2025-05-04 06:00:00+00:00,96099.22,96099.22,95906.7405,95928.966,0.023895613,3.0,95959.651602
2025-05-04 07:00:00+00:00,95866.732,96047.93,95791.841,95860.598,0.008898284,7.0,95934.958551
2025-05-04 08:00:00+00:00,95901.809,95901.809,95473.585,95653.0915,0.006184026,3.0,95634.859541
2025-05-04 09:00:00+00:00,95621.665,95736.71,95433.97,95497.583,0.005780191,6.0,95643.426218
2025-05-04 10:00:00+00:00,95458.735,95532.9,95366.0,95413.95,0.106504749,5.0,95457.204449
2025-05-04 11:00:00+00:00,95461.073,95566.616,95421.2165,95421.2165,0.012060259,5.0,95540.792349
2025-05-04 12:00:00+00:00,95467.235,95623.006,95438.326,95497.9945,0.031872504,6.0,95559.596871
2025-05-04 13:00:00+00:00,95556.8195,95556.8195,95243.2535,95404.778,0.04264907,5.0,95377.57369
2025-05-04 14:00:00+00:00,95376.965,95629.215,95331.1195,95629.215,0.000985656,3.0,95514.362129
2025-05-04 15:00:00+00:00,95661.3385,95735.0,95425.6185,95477.56,0.002099548,2.0,95725.500252
2025-05-04 16:00:00+00:00,95399.8115,95638.64,95304.54,95344.65,0.001953101,7.0,95597.012647
2025-05-04 17:00:00+00:00,95403.9695,95460.54,95259.739,95407.8195,0.001731224,4.0,95428.645067
2025-05-04 18:00:00+00:00,95463.082,95569.7,95382.887,95405.7,0.007242597,4.0,95483.077809
2025-05-04 19:00:00+00:00,95351.1,95634.885,95351.1,95581.1345,0.010169563,53.0,95566.896105
2025-05-04 20:00:00+00:00,95637.335,95717.143,95538.358,95710.45,0.001510142,2.0,95636.602735
2025-05-04 21:00:00+00:00,95762.8,95772.1925,95643.21,95678.0855,0.001310939,1.0,95762.8
2025-05-04 22:00:00+00:00,95606.8625,95606.8625,94783.191,95043.881,0.001809843,4.0,94936.264823
2025-05-04 23:00:00+00:00,94984.13,95063.352,94187.6925,94271.855,0.035002822,10.0,94378.511759
2025-05-05 00:00:00+00:00,94249.775,94846.641,94241.3,94718.3425,0.008809021,7.0,94554.922419
2025-05-05 01:00:00+00:00,94679.278,94708.75,93806.3565,93950.202,0.000869969,6.0,94272.245926
2025-05-05 02:00:00+00:00,93870.513,94410.2,93541.3965,94213.71,0.058462616,9.0,94390.513374
2025-05-05 03:00:00+00:00,94155.1,94276.8115,94048.169,94055.453,8.312e-05,1.0,94123.038
2025-05-05 04:00:00+00:00,94092.4175,94483.666,94059.0,94387.61,0.002711217,6.0,94349.211726
2025-05-05 05:00:00+00:00,94443.6385,94759.7225,94225.27,94670.9165,0.003331026,2.0,94366.333794
2025-05-05 06:00:00+00:00,94725.528,94797.562,94507.6,94757.053,0.007097407,12.0,94665.394925
2025-05-05 07:00:00+00:00,94794.328,94794.328,94557.5705,94764.096,0.005083577,2.0,94631.675958
2025-05-05 08:00:00+00:00,94718.8,94769.995,94470.26,94549.13,0.008742979,5.0,94660.791452
2025-05-05 09:00:00+00:00,94555.25,94677.953,94487.627,94567.3975,0.052351998,4.0,94664.997712
2025-05-05 10:00:00+00:00,94522.7965,94556.77,94131.75,94150.8325,0.005993083,7.0,94324.869585
2025-05-05 11:00:00+00:00,94176.415,94336.1,93913.3,94075.795,0.076203588,7.0,94156.855142
2025-05-05 12:00:00+00:00,94007.365,94320.753,93928.7,94307.8255,0.026799305,3.0,94284.096232
2025-05-05 13:00:00+00:00,94230.811,94424.05,93661.25,94229.24,0.054431436,17.0,94159.88088
2025-05-05 14:00:00+00:00,94285.295,94563.0,93719.38,93899.5285,0.026667347,11.0,94222.679908
2025-05-05 15:00:00+00:00,93848.9635,93938.905,93604.351,93759.824,0.164980253,10.0,93656.873633
2025-05-05 16:00:00+00:00,93825.1,94287.9,93759.824,94175.7,0.218262976,9.0,94212.386369
2025-05-05 17:00:00+00:00,94119.8415,94551.915,94064.988,94529.605,0.259982049,4.0,94528.164102
2025-05-05 18:00:00+00:00,94585.01,94917.92,94427.9635,94731.0325,0.105082848,16.0,94764.097129
2025-05-05 19:00:00+00:00,94676.9,94889.29,94270.835,94333.8795,0.307697216,101.0,94524.557821
2025-05-05 20:00:00+00:00,94294.585,94294.585,93899.2755,94200.1165,0.009672668,3.0,94221.63091
2025-05-05 21:00:00+00:00,94245.5985,94807.4,94245.5985,94690.455,0.000473523,1.0,94389.8
2025-05-05 22:00:00+00:00,94749.1,95162.262,94742.7445,95079.785,0.00149,1.0,94846.86
2025-05-05 23:00:00+00:00,95132.1,95132.1,94697.848,94724.04,0.015178289,8.0,95116.076518
2025-05-06 00:00:00+00:00,94784.4,94784.4,94440.6705,94590.8,0.00022,2.0,94779.4
2025-05-06 01:00:00+00:00,94646.1,94867.695,94311.6735,94311.6735,0.00256113,3.0,94413.13985
2025-05-06 02:00:00+00:00,94348.696,94405.869,94010.6005,94337.1,0.00845649,3.0,94222.606351
2025-05-06 03:00:00+00:00,94361.725,94511.71,94239.1095,94456.3525,0.0,0.0,94361.725
2025-05-06 04:00:00+00:00,94414.35,94557.0665,94392.7335,94557.0665,0.000695347,2.0,94539.046999
2025-05-06 05:00:00+00:00,94500.21,94500.21,94223.142,94322.4655,0.001452147,18.0,94323.562045
2025-05-06 06:00:00+00:00,94367.525,94511.204,94367.525,94504.655,0.005532712,5.0,94499.497957
2025-05-06 07:00:00+00:00,94522.005,94614.2,94299.251,94396.385,0.006016569,3.0,94506.363137
2025-05-06 08:00:00+00:00,94336.7915,94411.0,94001.447,94362.345,0.009457516,4.0,94357.930609
2025-05-06 09:00:00+00:00,94331.9685,94331.9685,94065.17,94194.528,0.02259693,7.0,94153.6879
2025-05-06 10:00:00+00:00,94149.988,94290.89,93893.786,93960.662,8.231e-05,1.0,93991.38
2025-05-06 11:00:00+00:00,93993.5915,94063.957,93655.738,93779.9,0.00425683,11.0,93920.756669
2025-05-06 12:00:00+00:00,93709.6,94032.825,93698.45,93927.1795,0.0842981,19.0,93834.768634
2025-05-06 13:00:00+00:00,93864.953,94013.592,93318.87,93593.35,0.008570859,12.0,93794.733348
2025-05-06 14:00:00+00:00,93658.1,94697.5,93658.1,94164.4815,0.007092413,21.0,94337.960448
2025-05-06 15:00:00+00:00,94204.2,94737.7505,94117.6785,94554.309,0.026418585,5.0,94486.273017
2025-05-06 16:00:00+00:00,94581.1,94751.978,94213.075,94213.075,0.003138679,10.0,94608.034841
2025-05-06 17:00:00+00:00,94261.0275,94859.22,94259.7365,94517.715,0.009296544,7.0,94471.188595
2025-05-06 18:00:00+00:00,94605.0,95066.35,94543.7415,95066.35,0.004649184,3.0,94939.646533
2025-05-06 19:00:00+00:00,95005.0,95191.256,94864.0,94997.88,0.103689341,58.0,95011.488672
2025-05-06 20:00:00+00:00,95056.26,95066.5,94637.2845,94710.691,0.00474792,4.0,95012.668755
2025-05-06 21:00:00+00:00,94685.765,94835.6885,94492.1925,94702.77,0.002241553,3.0,94694.902339
2025-05-06 22:00:00+00:00,94758.404,96261.066,94758.404,96261.066,0.023531018,13.0,95429.41388
2025-05-06 23:00:00+00:00,96305.75,96868.98,96056.46,96814.08,0.262509465,8.0,96544.083087
2025-05-07 00:00:00+00:00,96801.16,97469.4,96765.495,97415.8,0.024016449,9.0,97123.239291
2025-05-07 01:00:00+00:00,97450.91,97704.1,97213.855,97213.855,0.043199493,5.0,97481.01003
2025-05-07 02:00:00+00:00,97289.797,97289.797,96564.808,96589.8135,0.0023,2.0,97067.080435
2025-05-07 03:00:00+00:00,96559.627,96614.1,96251.3865,96538.0138333333,0.0018,2.0,96541.9045
2025-05-07 04:00:00+00:00,96512.22766666667,96711.8015,96453.2675,96606.725,0.04264758,3.0,96547.46112
2025-05-07 05:00:00+00:00,96546.535,96546.535,96321.395,96370.361,0.002458586,5.0,96432.772767
2025-05-07 06:00:00+00:00,96419.792,96622.6,96366.525,96547.78,0.132925819,5.0,96600.529028
2025-05-07 07:00:00+00:00,96504.3,96998.946,96504.3,96998.946,0.204875503,6.0,96878.487139
2025-05-07 08:00:00+00:00,96916.968,97094.793,96867.614,97019.96,0.026261911,4.0,97035.474552
2025-05-07 09:00:00+00:00,97053.745,97053.745,96858.4,96954.5915,0.059307014,5.0,96862.253383
2025-05-07 10:00:00+00:00,96914.91,97076.095,96838.765,97005.92,0.020907257,3.0,97049.643871
2025-05-07 11:00:00+00:00,96963.235,97115.79,96917.71,97029.2525,0.019773908,8.0,97020.798661
2025-05-07 12:00:00+00:00,97060.59,97208.121827411,96820.8,96957.8565,0.113483349,6.0,97003.210257
2025-05-07 13:00:00+00:00,96924.711,97275.0627440002,96737.154,97050.065,0.019822859,9.0,97125.563799
2025-05-07 14:00:00+00:00,96976.6,97435.8835,96749.51,96965.409,0.124285731,8.0,97153.310245
2025-05-07 15:00:00+00:00,96942.15,97127.615,96791.06,96965.1705,0.023799291,4.0,96945.605848
2025-05-07 16:00:00+00:00,96906.245,97011.9,96566.79,96880.525,0.024061929,21.0,96865.58854
2025-05-07 17:00:00+00:00,96814.6625,96875.5985,96225.275,96282.309,0.020380118,12.0,96550.47105
2025-05-07 18:00:00+00:00,96339.225,96889.48,95973.17,96590.1585,0.920912979,37.0,96522.192904
2025-05-07 19:00:00+00:00,96559.905,96572.385,95852.904,96197.99,0.163537442,80.0,96147.114057
2025-05-07 20:00:00+00:00,96153.13,96803.29,96120.6,96776.645,0.003281215,7.0,96546.391654
2025-05-07 21:00:00+00:00,96717.09,97397.0,96695.056,97175.9605,0.002781639,7.0,97211.175691
2025-05-07 22:00:00+00:00,97237.474,97337.83,96998.6,97254.4,0.018555364,5.0,97148.295636
2025-05-07 23:00:00+00:00,97315.8085,97437.5,96928.767,97035.9715,0.000411408,3.0,97294.17483
2025-05-08 00:00:00+00:00,97113.4535,97771.75,96852.1,97771.75,0.09478842,7.0,97460.196341
2025-05-08 01:00:00+00:00,97803.05,98385.289,97691.5325,97845.2215,0.135215914,11.0,97820.270051
2025-05-08 02:00:00+00:00,97921.13,98816.4855,97864.1,98695.6,0.105645506,15.0,98419.679121
2025-05-08 03:00:00+00:00,98623.6,99216.1205,98547.7,99197.97,0.047310895,15.0,98769.360315
2025-05-08 04:00:00+00:00,99260.6315,99411.71,98932.37,99007.3795,0.441519006,8.0,99241.698176
2025-05-08 05:00:00+00:00,98976.92,99179.83,98752.09,98768.904,0.222631434,15.0,98837.689032
2025-05-08 06:00:00+00:00,98832.868,99058.86,98768.904,99058.86,0.029115962,17.0,98877.934592
2025-05-08 07:00:00+00:00,99097.47,99396.39,99039.3,99255.3975,0.101451853,7.0,99131.487207
2025-05-08 08:00:00+00:00,99301.2565,99797.02,99031.14,99685.841,0.114977836,18.0,99530.27268
2025-05-08 09:00:00+00:00,99635.132,99871.23,99534.89,99838.394,0.013841533,14.0,99679.500115
2025-05-08 10:00:00+00:00,99770.0805,99921.61,99702.4365,99811.925,0.013506338,13.0,99861.307531
2025-05-08 11:00:00+00:00,99875.7,99875.7,99433.935,99446.25,0.014826583,10.0,99659.551009
2025-05-08 12:00:00+00:00,99508.277,99575.587,99296.872,99309.385,0.031460042,11.0,99436.765566
2025-05-08 13:00:00+00:00,99376.2,99597.505,99181.8295,99302.5475,0.123407745,22.0,99425.680978
2025-05-08 14:00:00+00:00,99353.39,99903.952,99199.2,99406.543,0.094197226,18.0,99552.688785
2025-05-08 15:00:00+00:00,99350.717,101495.583,99350.717,100771.55,1.248243948,50.0,100018.471973
2025-05-08 16:00:00+00:00,100699.7,101438.4,100615.91,101304.9,0.261248525,29.0,100950.445643
2025-05-08 17:00:00+00:00,101269.72,101671.4485,100853.849,101078.2455,0.82832389,20.0,101403.008873
2025-05-08 18:00:00+00:00,101116.2755,101469.43,100922.7,101380.2,0.101894116,12.0,101317.206036
2025-05-08 19:00:00+00:00,101342.745,101457.4,100942.1,101333.993,1.146281885,238.0,101134.594535
2025-05-08 20:00:00+00:00,101413.186,102817.258883248,101265.241,102580.345,0.174217609,38.0,101641.817067
2025-05-08 21:00:00+00:00,102504.611,104153.56,102131.8,102803.72,0.132453459,45.0,102898.58781
2025-05-08 22:00:00+00:00,102753.597,103149.368,102452.17,102990.458,0.087866026,16.0,102684.03872
2025-05-08 23:00:00+00:00,102911.348,103284.715,102752.9,103284.715,0.005672116,6.0,103127.068917
2025-05-09 00:00:00+00:00,103230.7,103267.4635,102539.7125,102839.998,0.26679344,10.0,102896.554979
2025-05-09 01:00:00+00:00,102802.912,103127.2,102544.3,103082.28,0.005196385,9.0,102941.655624
2025-05-09 02:00:00+00:00,103037.5945,103109.029,102472.2,102583.046,0.142114994,14.0,102568.644858
2025-05-09 03:00:00+00:00,102540.525,102692.0,102366.14,102440.1,0.008579286,13.0,102499.444501
2025-05-09 04:00:00+00:00,102395.71,102837.965,102342.6,102812.1275,0.523817747,15.0,102419.989506
2025-05-09 05:00:00+00:00,102757.7915,102994.5,102578.65,102943.865,0.11680578,10.0,102720.373925
2025-05-09 06:00:00+00:00,102945.805,103272.74,102876.968,103203.838,0.307792253,17.0,103105.922517
2025-05-09 07:00:00+00:00,103255.395,104353.913,103154.0305,103670.305,0.184836107,21.0,103505.258884
2025-05-09 08:00:00+00:00,103609.94,103945.819,102645.34,102941.12,0.264600773,20.0,102913.068865
2025-05-09 09:00:00+00:00,102957.6935,103288.6,102428.925,102905.44,0.059389854,24.0,102781.509221
2025-05-09 10:00:00+00:00,102865.0095,103419.52,102806.1865,103342.18,0.050892544,12.0,103134.246223
2025-05-09 11:00:00+00:00,103307.6945,103410.105,102694.165,102914.9685,0.008256956,10.0,103244.08366
2025-05-09 12:00:00+00:00,102969.7215,103119.749,102804.7195,102913.87,0.059363125,13.0,102854.379082
2025-05-09 13:00:00+00:00,102954.0,103809.1,102855.416,103651.775,0.185097615,35.0,103343.711879
2025-05-09 14:00:00+00:00,103591.33,103763.58,102411.66,103134.95,0.117518807,42.0,102898.062771
2025-05-09 15:00:00+00:00,103181.55,103306.6875,102634.932,102898.622,0.001273536,3.0,103195.475221
2025-05-09 16:00:00+00:00,102951.196,102951.9,102362.865,102489.876,0.361007701,18.0,102847.157436
2025-05-09 17:00:00+00:00,102458.85,103254.38,102395.165,103233.8595,0.010805411,11.0,102672.237028
2025-05-09 18:00:00+00:00,103184.31,103455.297,102979.575,103187.57,0.010081351,16.0,103110.246013
2025-05-09 19:00:00+00:00,103268.2,103327.3,102891.205,103198.75,0.037465741,103.0,103093.582453
2025-05-09 20:00:00+00:00,103118.0,103416.629,103118.0,103230.8645,0.001775662,8.0,103242.324081
2025-05-09 21:00:00+00:00,103158.75,103273.69,102748.04,103006.8435,0.004047233,7.0,102817.581652
2025-05-09 22:00:00+00:00,103057.874,103086.97,102729.7,102797.328,0.000459446,7.0,102930.100212
2025-05-09 23:00:00+00:00,102835.685,103043.07,102773.238,102986.9105,0.012484499,8.0,102904.281196
2025-05-10 00:00:00+00:00,102915.321,103107.01,102843.769,102867.7465,0.006113586,8.0,103028.211016
2025-05-10 01:00:00+00:00,102918.15,103105.8,102853.3,103004.8595,0.001665854,6.0,103005.527133
2025-05-10 02:00:00+00:00,103071.9,103282.08,102968.65,103171.455,0.062440891,6.0,103123.099823
2025-05-10 03:00:00+00:00,103109.5315,103207.847,103029.963,103207.847,0.010169733,3.0,103147.537816
2025-05-10 04:00:00+00:00,103118.534,103207.847,103059.605,103164.7765,9.8954e-05,1.0,103118.534
2025-05-10 05:00:00+00:00,103223.47,103353.58,103098.8,103353.58,0.02337279,4.0,103119.595443
2025-05-10 06:00:00+00:00,103386.34,103955.2325,103386.34,103955.2325,0.007462854,11.0,103579.707294
2025-05-10 07:00:00+00:00,103895.215,104093.65,103639.02,103776.005,0.010981039,15.0,103827.896944
2025-05-10 08:00:00+00:00,103838.495,104114.9535,103527.1,103611.89,0.00193143,6.0,103767.580307
2025-05-10 09:00:00+00:00,103663.73,103896.8015,103385.0315,103786.52,0.014539706,3.0,103523.817116
2025-05-10 10:00:00+00:00,103848.33,103939.95,103633.62,103635.0,0.086334393,9.0,103641.113741
2025-05-10 11:00:00+00:00,103600.6585,103656.42,103431.9405,103455.3265,0.000875815,3.0,103555.558347
2025-05-10 12:00:00+00:00,103493.627,103826.053,103493.627,103696.235,0.003031446,5.0,103599.379133
2025-05-10 13:00:00+00:00,103771.0,103808.89,103485.0,103620.82,0.012739057,6.0,103595.547913
2025-05-10 14:00:00+00:00,103705.17,103705.17,103476.2,103576.7265,0.030352107,5.0,103633.633641
2025-05-10 15:00:00+00:00,103524.411,103570.9,103120.6,103210.171,0.00076947,7.0,103465.287305
2025-05-10 16:00:00+00:00,103244.2595,103499.644,103168.909,103433.11,0.279251324,8.0,103442.831837
2025-05-10 17:00:00+00:00,103483.2505,103645.4655,103115.77,103202.015,0.001522438,5.0,103516.559358
2025-05-10 18:00:00+00:00,103244.3275,103376.1,103074.605,103276.4,0.01042994,11.0,103289.567869
2025-05-10 19:00:00+00:00,103218.8,103920.0,101366.0,103200.3905,0.149963342,92.0,102678.70869
2025-05-10 20:00:00+00:00,103203.9875,103920.0,101200.0,103232.0625,0.513100902,106.0,102350.397639
2025-05-10 21:00:00+00:00,103158.67,103767.19,103119.725,103767.19,0.156635402,11.0,103236.68641
2025-05-10 22:00:00+00:00,103722.449,103816.545,103607.479,103607.479,0.147396038,4.0,103706.737965
2025-05-10 23:00:00+00:00,103683.395,104967.55,103613.6125,104827.785,0.312009688,18.0,104654.026148
2025-05-11 00:00:00+00:00,104759.548,104977.7445,103959.875,104409.0145,1.417276358,10.0,104308.985869
2025-05-11 01:00:00+00:00,104346.027,104544.775,103918.955,104126.2945,0.065103141,6.0,104333.667389
2025-05-11 02:00:00+00:00,104091.465,104287.105,103521.6665,103770.5885,0.004161876,4.0,103751.197264
2025-05-11 03:00:00+00:00,103694.74,104190.3,103694.74,104055.27,0.002431453,6.0,103853.17437
2025-05-11 04:00:00+00:00,104095.627,104381.8,104042.1565,104166.04,0.007777652,7.0,104199.686403
2025-05-11 05:00:00+00:00,104211.1,104211.1,103861.42,103890.36,0.025473461,5.0,104028.7605
2025-05-11 06:00:00+00:00,103878.86,104038.12,103593.2,103867.33,0.081949793,15.0,103741.553552
2025-05-11 07:00:00+00:00,103876.785,103876.785,103423.045,103424.555,0.004090699,6.0,103714.079468
2025-05-11 08:00:00+00:00,103440.59,104012.7775,103440.59,103867.57,0.000458607,5.0,103855.115823
2025-05-11 09:00:00+00:00,103897.319,104432.103,103867.3965,104368.113,0.03854007,3.0,104353.812026
2025-05-11 10:00:00+00:00,104419.026,104611.095,104248.061,104611.095,0.002428901,3.0,104465.178009
2025-05-11 11:00:00+00:00,104586.19,104769.2925,104387.1,104675.185,0.005952595,10.0,104502.569395
2025-05-11 12:00:00+00:00,104612.37,104856.875,104547.427,104667.33,0.008774174,6.0,104652.047727
2025-05-11 13:00:00+00:00,104587.2,104678.015,103992.6995,103999.805,0.011771985,5.0,104171.244798
2025-05-11 14:00:00+00:00,104080.4,104295.855,103836.427695,104182.8915,0.029623434,6.0,103904.999392
2025-05-11 15:00:00+00:00,104155.105,104673.28,103931.21,104173.225,0.019771633,5.0,104311.233276
2025-05-11 16:00:00+00:00,104118.555,104160.174,103838.539,103968.809,0.001036421,6.0,103972.85535
2025-05-11 17:00:00+00:00,104028.282,104186.3,103858.74,104046.679,0.003144814,9.0,104064.030242
2025-05-11 18:00:00+00:00,103973.195,104826.589,103874.7,104574.925,0.005905776,6.0,104432.960555
2025-05-11 19:00:00+00:00,104517.82,104691.9,104407.624,104505.9599,0.190702718,52.0,104507.801847
2025-05-11 20:00:00+00:00,104450.7798,104502.152,104229.691,104309.715,0.004043945,10.0,104393.166228
2025-05-11 21:00:00+00:00,104226.95,104414.105,103966.17,104398.18,0.004876039,12.0,104177.189437
2025-05-11 22:00:00+00:00,104345.0845,104649.418,103667.54,103805.0865,0.003554253,7.0,103887.401343
2025-05-11 23:00:00+00:00,103834.5005,104143.2005,103806.375,104143.2005,0.002679794,8.0,103957.07811
2025-05-12 00:00:00+00:00,104107.541,104645.605,104107.541,104586.501,0.007534161,4.0,104236.062828
2025-05-12 01:00:00+00:00,104509.283,105064.25,103851.9585,104004.7825,0.003871527,5.0,104657.776303
2025-05-12 02:00:00+00:00,103927.565,104282.6,103741.1375,103899.0055,0.005298824,8.0,104037.186057
2025-05-12 03:00:00+00:00,103853.4,104063.635,103741.9005,104035.842,0.000737731,3.0,103853.479003
2025-05-12 04:00:00+00:00,104087.484,104186.2625,103869.494,104091.482,0.021943896,6.0,104063.82059
2025-05-12 05:00:00+00:00,104071.3975,104071.3975,103799.5895,103919.362,0.023855139,4.0,103850.710143
2025-05-12 06:00:00+00:00,103866.777,104448.134,103781.834,104357.055,0.072693803,8.0,104116.587451
2025-05-12 07:00:00+00:00,104322.11,105688.1355,104257.935,104467.485,0.108728603,24.0,105055.055388
2025-05-12 08:00:00+00:00,104430.4705,104742.22,104088.844,104627.7895,0.040380671,10.0,104570.217093
2025-05-12 09:00:00+00:00,104600.5125,104625.895,104206.845,104476.04,0.014749847,6.0,104403.477057
2025-05-12 10:00:00+00:00,104516.3775,104545.603,104175.95,104510.15,0.017459719,8.0,104264.968939
2025-05-12 11:00:00+00:00,104479.7705,104648.396,103640.29,103773.714,0.068555643,17.0,104148.787393
2025-05-12 12:00:00+00:00,103809.3775,104176.733,103783.15,103927.8525,0.004676481,10.0,104064.453102
2025-05-12 13:00:00+00:00,103985.635,104682.32,103682.275,104317.464,0.218672771,55.0,104109.451007
2025-05-12 14:00:00+00:00,104356.756,104422.12,102569.7,102800.89,0.204313076,125.0,103560.01128
2025-05-12 15:00:00+00:00,102736.7945,103249.59,102366.0,102508.431,0.292172039,140.0,102696.986254
2025-05-12 16:00:00+00:00,102557.844,103124.84,102447.73,102840.55,0.279058424,88.0,102818.823627
2025-05-12 17:00:00+00:00,102765.6,103174.145,102563.664,102584.993,1.026834163,89.0,102656.094506
2025-05-12 18:00:00+00:00,102622.9895,102622.9895,100741.3,101664.923,1.328049561,22.0,101588.016191
2025-05-12 19:00:00+00:00,101744.3,102083.45,101489.015,101809.05,1.076355551,251.0,101956.390426
2025-05-12 20:00:00+00:00,101880.576,102841.8536795254,101764.695,102682.6,0.113488026,9.0,102674.307575
2025-05-12 21:00:00+00:00,102604.3,102705.465,102357.8875,102546.9915,0.013001074,8.0,102594.290197
2025-05-12 22:00:00+00:00,102502.2635,102876.1581795254,102396.3,102856.2901795253,0.002991462,12.0,102598.797185
2025-05-12 23:00:00+00:00,102871.4431795253,103106.971,102754.97,102815.965,0.010928647,6.0,102885.428462
2025-05-13 00:00:00+00:00,102766.087,102766.087,102178.6,102272.16,0.001977149,2.0,102387.081382
2025-05-13 01:00:00+00:00,102364.73,102730.29,102107.8485,102405.6995,0.001504915,5.0,102578.162481
2025-05-13 02:00:00+00:00,102441.236,102660.41,101720.98,102075.1,0.047473267,3.0,102356.353533
2025-05-13 03:00:00+00:00,102022.1,102199.3,101459.14,101806.4805,0.030910253,9.0,101785.960869
2025-05-13 04:00:00+00:00,101702.584,102766.7,101669.9,102725.68,0.077116587,12.0,101852.362811
2025-05-13 05:00:00+00:00,102667.905,102723.9685,102282.681,102482.815,0.005722588,6.0,102399.87391
2025-05-13 06:00:00+00:00,102537.4745,102697.5,102305.339,102568.515,0.002165555,16.0,102563.660014
2025-05-13 07:00:00+00:00,102594.85,102923.799,102547.0,102664.199,0.103727013,11.0,102808.701233
2025-05-13 08:00:00+00:00,102695.7825,102979.56,102577.76,102750.125,0.003769983,7.0,102962.150285
2025-05-13 09:00:00+00:00,102796.2,103600.59,102740.5965,103511.0,0.067600985,18.0,103549.324773
2025-05-13 10:00:00+00:00,103589.6,103639.45,103309.26,103576.2,0.023605054,6.0,103455.631069
2025-05-13 11:00:00+00:00,103509.81,103898.4,103469.1,103704.321,0.029805637,9.0,103523.090759
2025-05-13 12:00:00+00:00,103746.841,103900.775,103284.62,103669.135,0.015391943,4.0,103593.053859
2025-05-13 13:00:00+00:00,103748.5345,103972.859,103445.863,103747.2855,0.155111677,11.0,103595.151817
2025-05-13 14:00:00+00:00,103687.175,103766.4,102875.143,103220.082,0.031484765,15.0,103117.908093
2025-05-13 15:00:00+00:00,103165.55,103872.785,103154.6915,103754.5,0.123832343,8.0,103550.18275
2025-05-13 16:00:00+00:00,103699.95,104461.6,103568.8215,103727.355,0.094915619,21.0,104195.389755
2025-05-13 17:00:00+00:00,103816.9565,104362.34,103768.65,104285.556,0.05902687,9.0,104048.745636
2025-05-13 18:00:00+00:00,104366.812,104528.663,104138.45,104395.499,1.038085305,13.0,104477.8733
2025-05-13 19:00:00+00:00,104459.2,105000.0,104183.1245,104834.305,0.134690072,121.0,104558.973379
2025-05-13 20:00:00+00:00,104872.95,104939.976,104444.009,104638.4075,0.0003,1.0,104581.819
2025-05-13 21:00:00+00:00,104563.781,104615.2,104248.0855,104354.6865,0.004892865,5.0,104424.321166
2025-05-13 22:00:00+00:00,104402.36,104431.2,104192.5,104209.95,0.001580676,4.0,104414.973482
2025-05-13 23:00:00+00:00,104192.5,104295.35,103894.585,104146.195,0.014489964,10.0,104110.067066
2025-05-14 00:00:00+00:00,104116.16,104122.478,103730.77,103962.4595,0.004010829,5.0,104110.712447
2025-05-14 01:00:00+00:00,103884.6,104089.92,103716.79,103738.812,0.016507238,10.0,103971.276853
2025-05-14 02:00:00+00:00,103789.352,103789.352,103570.115,103706.23,0.006640509,7.0,103703.82905
2025-05-14 03:00:00+00:00,103757.4965,103845.593,103500.0,103544.575,0.004207651,10.0,103615.580754
2025-05-14 04:00:00+00:00,103526.465,103868.992,103500.0,103754.93,0.003339538,10.0,103760.960676
2025-05-14 05:00:00+00:00,103800.5,104034.126,103670.745,103889.001,0.007979795,4.0,103959.642789
2025-05-14 06:00:00+00:00,103941.255,103996.688,103678.98,103756.13,0.007265549,9.0,103804.355221
2025-05-14 07:00:00+00:00,103688.5575,103773.3,103400.235,103764.695,0.069274873,17.0,103682.932993
2025-05-14 08:00:00+00:00,103788.94,103897.2,103237.2625,103237.2625,0.031673754,9.0,103646.371615
2025-05-14 09:00:00+00:00,103202.8165,103448.345,102915.2905,103448.345,0.029595527,27.0,103139.920726
2025-05-14 10:00:00+00:00,103456.6415,103925.457,103456.6415,103751.321,0.488182076,15.0,103904.403959
2025-05-14 11:00:00+00:00,103799.428,104118.335,103799.428,103933.755,0.005105624,5.0,104000.474174
2025-05-14 12:00:00+00:00,103997.3345,104255.312,103884.68,104014.8,0.004918382,7.0,104093.519726
2025-05-14 13:00:00+00:00,103965.75,104373.505,103538.12,103981.0,3.4962e-05,2.0,104094.859081
2025-05-14 14:00:00+00:00,103917.574,103989.64,102915.625,103281.083,0.03853618,24.0,103275.819305
2025-05-14 15:00:00+00:00,103226.96,103594.0,102845.134,103554.2,0.072839285,19.0,103097.907618
2025-05-14 16:00:00+00:00,103480.8,103617.219,103146.8,103432.539,0.046670709,16.0,103510.039514
2025-05-14 17:00:00+00:00,103486.56,103486.56,102628.9825,103267.004,0.073715494,11.0,103369.813496
2025-05-14 18:00:00+00:00,103207.8,103483.65,103037.3455,103483.65,0.001677625,3.0,103374.11595
2025-05-14 19:00:00+00:00,103456.5,103762.224,103271.5,103285.32,0.014396951,38.0,103505.206376
2025-05-14 20:00:00+00:00,103334.725,103681.545,103297.751,103621.05,0.001034232,2.0,103567.019412
2025-05-14 21:00:00+00:00,103564.815,103705.415,103479.7,103670.415,0.051833828,5.0,103676.364592
2025-05-14 22:00:00+00:00,103626.95,103655.45,103468.078,103524.734,0.000721653,3.0,103505.154064
2025-05-14 23:00:00+00:00,103509.695,103643.025,103412.568,103549.699,0.001500381,1.0,103412.568
2025-05-15 00:00:00+00:00,103530.1015,103842.248,103519.4225,103795.193,7.3085e-05,1.0,103721.72
2025-05-15 01:00:00+00:00,103758.6,103774.807,102962.307,103069.015,0.008333568,3.0,102972.063295
2025-05-15 02:00:00+00:00,103024.3795,103230.02,102976.028,103114.861,0.006957749,8.0,103077.974803
2025-05-15 03:00:00+00:00,103074.0,103176.0085,102724.518,102753.86,0.001647025,4.0,102925.697672
2025-05-15 04:00:00+00:00,102712.51,103036.693,102712.51,102910.094,0.016186696,6.0,102748.306004
2025-05-15 05:00:00+00:00,102896.5595,102905.96,102390.507,102462.286,0.003474574,4.0,102579.949502
2025-05-15 06:00:00+00:00,102484.5165,102727.203,102202.9,102285.0425,0.138156648,7.0,102354.055176
2025-05-15 07:00:00+00:00,102334.383,102445.16,101789.595,101832.574,0.024458585,11.0,102076.214865
2025-05-15 08:00:00+00:00,101884.61,102312.7,101884.61,102291.688,0.021353835,14.0,102188.697569
2025-05-15 09:00:00+00:00,102354.716,102354.716,101555.335,101836.8065,0.085154955,8.0,102014.20626
2025-05-15 10:00:00+00:00,101802.335,101951.5,101603.698,101865.6245,0.004843364,3.0,101637.04895
2025-05-15 11:00:00+00:00,101794.2525,102427.019,101794.2525,102360.594,0.002653108,5.0,102253.953786
2025-05-15 12:00:00+00:00,102337.45,102856.265,102324.75,102571.99,0.150812585,6.0,102465.42776
2025-05-15 13:00:00+00:00,102618.375,102792.975,101643.6975,102138.3175,0.015769462,11.0,102509.950057
2025-05-15 14:00:00+00:00,102170.2165,102398.46,101424.622,101956.4395,0.020431026,6.0,101749.014763
2025-05-15 15:00:00+00:00,102020.345,103284.76,101964.015,103196.224,0.048627889,15.0,102232.449289
2025-05-15 16:00:00+00:00,103209.0,103850.7775,103091.3315,103789.55,0.019791454,11.0,103429.72254
2025-05-15 17:00:00+00:00,103800.0,104267.9,103703.725,103976.99,0.050116884,18.0,103939.107455
2025-05-15 18:00:00+00:00,104022.545,104023.0265,102672.71,102672.71,0.127377696,10.0,103490.572951
2025-05-15 19:00:00+00:00,102758.45,103304.714,102572.7375,103205.28,0.057400313,80.0,103080.678081
2025-05-15 20:00:00+00:00,103256.65,103575.0,102950.23,103463.85,0.001813847,11.0,103405.660197
2025-05-15 21:00:00+00:00,103415.2465,103508.873,102784.1965,103307.82,0.011642668,12.0,103359.784458
2025-05-15 22:00:00+00:00,103344.9915,103964.9295920002,103296.176,103549.7535,0.003718012,12.0,103590.301314
2025-05-15 23:00:00+00:00,103620.841,103870.15,103275.017,103794.1015,0.002465843,12.0,103603.645479
2025-05-16 00:00:00+00:00,103737.47,104021.75918400034,103652.101,103795.22,0.007969299,17.0,103893.180549
2025-05-16 01:00:00+00:00,103717.233,104152.4,103498.44,104030.495,0.015572451,29.0,103917.154114
2025-05-16 02:00:00+00:00,104131.0,104449.055,103967.98,104227.069,0.162576677,13.0,104242.663564
2025-05-16 03:00:00+00:00,104196.9175,104346.935,104030.4,104036.585,0.064451321,13.0,104068.45636
2025-05-16 04:00:00+00:00,104108.7,104231.0345,103930.42,103960.5555,0.007684035,16.0,104106.718781
2025-05-16 05:00:00+00:00,103977.535,104149.2805,103930.42,103976.125,0.001372144,7.0,103987.469266
2025-05-16 06:00:00+00:00,104003.381,104109.41,103951.146,104033.05,0.022021799,4.0,104000.863077
2025-05-16 07:00:00+00:00,103972.91,104205.475,103730.456,103798.835,0.0768997,15.0,103855.830753
2025-05-16 08:00:00+00:00,103772.428,103810.57,103165.1755,103427.72,0.02053476,26.0,103323.664024
2025-05-16 09:00:00+00:00,103458.73,103878.48,103420.768,103801.21,0.034925501,13.0,103597.002263
2025-05-16 10:00:00+00:00,103873.97,103981.26,103670.1895,103899.08,0.00063867,12.0,103877.108394
2025-05-16 11:00:00+00:00,103981.26,103981.26,103534.706,103709.957,0.006534855,16.0,103682.037785
2025-05-16 12:00:00+00:00,103654.6045,103844.3,103560.668,103561.0605,0.002070271,9.0,103662.90173
2025-05-16 13:00:00+00:00,103519.074,104093.7695,103450.0,104053.9785,0.018433515,19.0,103825.513477
2025-05-16 14:00:00+00:00,104090.8,104090.8,103395.14,103592.3316675125,0.066775008,18.0,103626.071357
2025-05-16 15:00:00+00:00,103631.0111675125,104332.625,103631.0111675125,104233.41,0.056799538,25.0,104011.145037
2025-05-16 16:00:00+00:00,104282.57,104593.335,103920.8295,104214.4505,0.044800826,25.0,104239.989075
2025-05-16 17:00:00+00:00,104282.881,104415.2715,103779.72,103904.68,0.076151348,11.0,103994.553967
2025-05-16 18:00:00+00:00,103982.94,104130.9225,103679.6,103740.166,0.006221393,15.0,103948.107971
2025-05-16 19:00:00+00:00,103769.45,105376.0,102212.836,104076.522,0.056197896,49.0,104271.847362
2025-05-16 20:00:00+00:00,104067.0415,104077.7,103515.229,103751.429,0.058100173,22.0,103758.594833
2025-05-16 21:00:00+00:00,103697.915,103869.84,103555.85,103644.723,0.004511544,18.0,103717.494653
2025-05-16 22:00:00+00:00,103594.889,103722.135,103417.421,103565.735,0.006541168,18.0,103560.620277
2025-05-16 23:00:00+00:00,103627.036,103783.7,103480.675,103504.465,0.0008731,19.0,103685.262807
2025-05-17 00:00:00+00:00,103463.9475,103617.095,103141.603,103437.3,0.014942214,25.0,103355.659859
2025-05-17 01:00:00+00:00,103401.1315,103401.1315,102655.93,102866.0595,0.009577793,23.0,103039.948188
2025-05-17 02:00:00+00:00,102905.6055,103388.3,102774.6,103316.933,0.004927324,9.0,102953.763363
2025-05-17 03:00:00+00:00,103360.2255,103587.3,103224.316,103569.85,0.00196314,3.0,103392.466189
2025-05-17 04:00:00+00:00,103508.0,103689.3365,103508.0,103689.3365,0.126138661,2.0,103586.316398
2025-05-17 05:00:00+00:00,103727.6,103727.6,103356.8435,103356.8435,0.0,0.0,103727.6
2025-05-17 06:00:00+00:00,103418.0835,103532.016,103307.23,103493.485,0.131225535,7.0,103450.455493
2025-05-17 07:00:00+00:00,103557.715,103695.047,103538.6295,103541.3355,0.186833174,2.0,103673.961136
2025-05-17 08:00:00+00:00,103421.99,103561.8765,103196.363,103447.37,0.000145716,2.0,103394.259066
2025-05-17 09:00:00+00:00,103500.128,103566.5995,102854.025,102975.0975,0.01224247,5.0,102989.433067
2025-05-17 10:00:00+00:00,102923.0095,103086.77,102857.4,102895.768,0.023087137,7.0,102963.155449
2025-05-17 11:00:00+00:00,102966.53,103107.33,102781.5435,103023.355,0.000103613,3.0,102908.151019
2025-05-17 12:00:00+00:00,103097.365,103159.53,102891.0,102939.017,0.009149622,3.0,103158.421669
2025-05-17 13:00:00+00:00,102888.2205,103130.5,102667.448,102709.915,0.000984225,4.0,102843.789517
2025-05-17 14:00:00+00:00,102784.135,103219.886,102784.135,103142.03,0.047664947,4.0,102959.637013
2025-05-17 15:00:00+00:00,103160.0,103234.893,102992.5255,102992.5255,0.017674592,3.0,103233.433378
2025-05-17 16:00:00+00:00,103060.2,103136.99,102846.704,102947.1475,0.000579361,5.0,103037.456884
2025-05-17 17:00:00+00:00,103002.4,103337.1,103002.4,103174.5745,0.001204713,5.0,103196.418868
2025-05-17 18:00:00+00:00,103212.0155,103409.8,102938.8,103015.595,0.000378007,6.0,103103.482605
2025-05-17 19:00:00+00:00,102942.09,103284.53,102931.503,103254.455,0.017019823,80.0,103122.651085
2025-05-17 20:00:00+00:00,103181.3585,103475.98,103126.409,103432.08,0.00015013,3.0,103291.551967
2025-05-17 21:00:00+00:00,103366.26,103499.7,103186.93,103266.25,0.000111652,2.0,103473.558363
2025-05-17 22:00:00+00:00,103204.873,103204.873,103000.015,103095.3065,0.000137197,2.0,103110.566133
2025-05-17 23:00:00+00:00,103034.585,103249.76,102952.47,103169.95,0.000240323,4.0,103094.292338
2025-05-18 00:00:00+00:00,103228.17,103448.074,103170.37,103408.81,0.000138523,2.0,103326.513274
2025-05-18 01:00:00+00:00,103489.32,103489.32,103191.9945,103269.05,0.12088475,2.0,103489.120285
2025-05-18 02:00:00+00:00,103348.82,103407.9,103289.147,103356.16,0.001554732,2.0,103340.222528
2025-05-18 03:00:00+00:00,103430.395,103430.395,103161.6,103311.195,0.001204473,2.0,103335.163579
2025-05-18 04:00:00+00:00,103248.29,103527.1,103248.29,103332.1065,0.038930196,4.0,103476.438353
2025-05-18 05:00:00+00:00,103400.585,103685.0705,103400.585,103665.5565,0.002122499,3.0,103569.273429
2025-05-18 06:00:00+00:00,103730.23,103731.11,103435.384,103492.0625,0.003044571,3.0,103536.864312
2025-05-18 07:00:00+00:00,103436.68,103995.2335,103436.68,103949.1,0.00578745,6.0,103507.195052
2025-05-18 08:00:00+00:00,104027.75,104070.334,103854.4,104002.235,0.006766033,4.0,104037.088165
2025-05-18 09:00:00+00:00,104048.82,104070.1,103922.0525,103922.0525,0.001971654,3.0,104023.837675
2025-05-18 10:00:00+00:00,103991.705,104000.0,103858.57,103864.92,0.018951258,3.0,103992.000643
2025-05-18 11:00:00+00:00,103939.2885,104075.91,103854.6,103883.9915,0.002582566,3.0,103918.814842
2025-05-18 12:00:00+00:00,103809.9,103981.3375,103694.248,103981.3375,0.039221194,2.0,103713.863737
2025-05-18 13:00:00+00:00,104018.355,104783.51,104018.355,104782.915,0.033648396,7.0,104330.345543
2025-05-18 14:00:00+00:00,104841.35,105547.314974619,104573.65,105301.49,0.082294158,20.0,105316.118685
2025-05-18 15:00:00+00:00,105240.15,105668.447,105057.5655,105551.065,0.003359531,18.0,105389.007005
2025-05-18 16:00:00+00:00,105617.0115,105963.095,105113.5,105820.375,0.055806034,50.0,105479.29515
2025-05-18 17:00:00+00:00,105774.77,105900.35,104869.555,104869.555,0.009154835,23.0,105173.063405
2025-05-18 18:00:00+00:00,104857.851,104964.5165,104040.5,104530.0445,0.02351589,13.0,104596.000214
2025-05-18 19:00:00+00:00,104446.589,104797.94,103949.015,103949.015,0.022847146,55.0,104353.589265
2025-05-18 20:00:00+00:00,103888.023,104285.46,103350.972,104175.779,0.052544484,37.0,103688.002425
2025-05-18 21:00:00+00:00,104203.025,104679.6,104190.2,104253.9625,0.001470128,11.0,104298.09196
2025-05-18 22:00:00+00:00,104264.5825,105943.2655,104051.25,105941.609,0.041358329,121.0,105320.21007
2025-05-18 23:00:00+00:00,105909.218,106659.93,105516.8,106498.695,0.936460242,85.0,106571.188537
2025-05-19 00:00:00+00:00,106432.49,107106.5315,105217.465,105330.23,0.099313665,96.0,106321.804831
2025-05-19 01:00:00+00:00,105307.19,105417.8735,104789.435,105110.32,0.006633821,6.0,104989.386493
2025-05-19 02:00:00+00:00,105043.15,105214.965,104610.6165,104664.925,6.3632e-05,4.0,104909.226427
2025-05-19 03:00:00+00:00,104606.05,104606.05,103654.835,103665.71,0.045162302,35.0,104204.020612
2025-05-19 04:00:00+00:00,103660.885,103791.945,102850.6,103002.165,0.028388856,15.0,103257.472307
2025-05-19 05:00:00+00:00,102964.1125,103214.78,102593.720689655,103078.2305,0.02271898,11.0,103078.127555
2025-05-19 06:00:00+00:00,102982.575,103301.9,102090.885,102231.1345,0.029590404,16.0,102462.650661
2025-05-19 07:00:00+00:00,102320.663,103364.4205,102320.663,103278.1835,0.007472643,27.0,103132.324992
2025-05-19 08:00:00+00:00,103209.441,103395.93,102969.183,103294.085,0.011808823,13.0,103224.237996
2025-05-19 09:00:00+00:00,103229.0,103401.9835,103002.086,103123.447,0.162757199,7.0,103238.318833
2025-05-19 10:00:00+00:00,103083.75,103137.8,102891.3,102980.6045,0.000312883,4.0,103023.274724
2025-05-19 11:00:00+00:00,103048.27,103114.0,102831.888,103008.9245,0.007766354,4.0,103112.699543
2025-05-19 12:00:00+00:00,102955.05,102955.05,102179.7395,102488.58,0.002725268,6.0,102513.031322
2025-05-19 13:00:00+00:00,102549.89,103615.06,102388.125,103355.21,0.227546835,18.0,102909.167393
2025-05-19 14:00:00+00:00,103381.9235,104350.36,103223.155,104327.498,0.024642969,16.0,103819.762659
2025-05-19 15:00:00+00:00,104382.34,105056.631,104298.77,104839.1,0.05304347,16.0,104951.485811
2025-05-19 16:00:00+00:00,104912.7525,105448.2,104563.03,105414.8,0.246854538,15.0,105067.670194
2025-05-19 17:00:00+00:00,105446.37,105500.0,105007.465,105427.805,0.045807553,8.0,105284.421429
2025-05-19 18:00:00+00:00,105384.6855,105626.8,104706.385,104779.406,0.02770071,12.0,105026.442735
2025-05-19 19:00:00+00:00,104819.79,105697.13,104705.64,105564.106,0.213637793,85.0,105607.899442
2025-05-19 20:00:00+00:00,105513.3445,105822.168,105337.218,105470.3,0.201817081,8.0,105728.064366
2025-05-19 21:00:00+00:00,105515.088,105534.68,105100.546,105534.68,1.3102e-05,1.0,105502.64
2025-05-19 22:00:00+00:00,105501.2445,105682.5605,105266.65,105579.65,0.001135802,3.0,105585.929059
2025-05-19 23:00:00+00:00,105595.677,105754.4195,105448.328,105619.1455,0.001733137,4.0,105519.382799
2025-05-20 00:00:00+00:00,105679.0145,106497.5415,105637.54,105713.9,0.035542082,10.0,106264.286863
2025-05-20 01:00:00+00:00,105771.4815,106757.402,105771.4815,106537.6805,0.008126143,10.0,106473.866854
2025-05-20 02:00:00+00:00,106467.559,106927.792,106070.335,106127.619,0.092301155,10.0,106632.97173
2025-05-20 03:00:00+00:00,106159.6375,106226.723,105608.478,105760.035,0.007058424,5.0,106015.591879
2025-05-20 04:00:00+00:00,105833.585,106281.41,105587.03,106222.57,0.097331421,4.0,105842.773519
2025-05-20 05:00:00+00:00,106273.1705,106504.5,106136.274,106140.87,0.173217297,9.0,106178.253264
2025-05-20 06:00:00+00:00,106167.04,106257.8,105500.0,105552.85,0.008397528,5.0,105833.532558
2025-05-20 07:00:00+00:00,105510.7,105738.442,105004.15,105107.03,0.041680797,24.0,105283.875481
2025-05-20 08:00:00+00:00,105135.645,105278.1455,104907.0505,105252.655,0.005844252,5.0,105004.567106
2025-05-20 09:00:00+00:00,105261.075,105440.8,105261.075,105313.94,0.011261469,6.0,105439.717777
2025-05-20 10:00:00+00:00,105378.64,105412.374,105018.32,105082.4405,0.027009378,8.0,105290.380971
2025-05-20 11:00:00+00:00,105154.581,105389.1,104940.255,105287.78,0.027876476,5.0,105154.605439
2025-05-20 12:00:00+00:00,105245.3715,105245.3715,104764.07,104830.72,0.028863061,13.0,104973.159062
2025-05-20 13:00:00+00:00,104841.925,104849.848,104259.15,104458.095,0.025504001,13.0,104503.284664
2025-05-20 14:00:00+00:00,104522.19,104984.525,104288.62,104589.6215,0.064454477,11.0,104772.377712
2025-05-20 15:00:00+00:00,104518.392,105370.125,104518.392,105370.125,0.309203228,11.0,105267.682015
2025-05-20 16:00:00+00:00,105371.28,105500.0,105125.55,105227.1665,0.007840276,16.0,105422.021952
2025-05-20 17:00:00+00:00,105288.95,106363.035,105288.95,106264.548,0.051750007,15.0,106081.181789
2025-05-20 18:00:00+00:00,106220.5285,106500.0,105240.7,105317.4705,0.452114312,51.0,106298.310408
2025-05-20 19:00:00+00:00,105253.365,107344.9,105231.164,107098.921,0.572292779,143.0,106879.453779
2025-05-20 20:00:00+00:00,107024.96,107287.6305,106532.576,107010.055,0.00163482,14.0,106730.553208
2025-05-20 21:00:00+00:00,106970.865,107220.6,106184.71,106706.0235,0.01039217,6.0,106764.297103
2025-05-20 22:00:00+00:00,106715.6,106908.65,106062.86,106870.45,0.016922832,3.0,106375.026425
2025-05-20 23:00:00+00:00,106825.541,107238.2945,106694.3,106881.631,0.018089756,4.0,106858.236652
2025-05-21 00:00:00+00:00,106922.5555,107252.431,106541.59,106758.5575,0.008701909,4.0,106751.174844
2025-05-21 01:00:00+00:00,106795.12,107102.674,106546.548,106546.548,0.0,0.0,106795.12
2025-05-21 02:00:00+00:00,106572.1,106923.9865,106244.96,106923.9865,0.00614117,4.0,106566.035537
2025-05-21 03:00:00+00:00,106883.915,107179.63,106830.4105,106881.211,0.007968563,7.0,106987.156027
2025-05-21 04:00:00+00:00,106849.28,107667.45,106811.3,107355.02,0.759459772,15.0,107467.003697
2025-05-21 05:00:00+00:00,107419.6185,107774.368,107400.8,107621.65,0.039141513,10.0,107652.398941
2025-05-21 06:00:00+00:00,107548.0465,107995.54,107318.152,107859.355,0.025488024,5.0,107535.509694
2025-05-21 07:00:00+00:00,107785.0,107950.6025,106558.844,106585.4515,0.159541938,43.0,106963.771342
2025-05-21 08:00:00+00:00,106614.2045,106832.665,106500.145,106508.105,0.0015,1.0,106536.3
2025-05-21 09:00:00+00:00,106506.9,106557.2563333333,106157.1535,106226.6165,0.154082596,4.0,106294.012557
2025-05-21 10:00:00+00:00,106144.819,106491.3505,106144.819,106417.181,0.011289822,4.0,106176.918778
2025-05-21 11:00:00+00:00,106339.65,106754.8,106339.65,106619.665,0.000259018,4.0,106564.360325
2025-05-21 12:00:00+00:00,106567.511,106903.1085,106380.281,106607.411,0.001800765,5.0,106518.383155
2025-05-21 13:00:00+00:00,106665.809,107679.605,106354.39,107287.988,0.045521264,12.0,106809.267393
2025-05-21 14:00:00+00:00,107364.845,109000.0,107075.355,108982.6995,0.065538492,19.0,107915.549942
2025-05-21 15:00:00+00:00,108965.399,109454.765,108432.97,109028.7215,0.363471536,35.0,109053.094095
2025-05-21 16:00:00+00:00,108981.2965,109847.875,108780.455,109239.409,0.76995933,38.0,109441.966762
2025-05-21 17:00:00+00:00,109254.6615,109378.2825,106194.275,106629.335,0.173908668,50.0,107290.376785
2025-05-21 18:00:00+00:00,106669.95,107434.5,106394.063,107037.11,0.138061477,27.0,106961.362544
2025-05-21 19:00:00+00:00,107111.978,108873.5395,106673.41,108680.3,0.060880913,54.0,107996.198988
2025-05-21 20:00:00+00:00,108750.015,108818.325,107866.515,108277.3,0.048020354,11.0,108249.559364
2025-05-21 21:00:00+00:00,108223.5985,108500.0,108018.9515,108466.0,0.450124147,6.0,108156.678958
2025-05-21 22:00:00+00:00,108499.415,109037.88,108356.043,108794.903,0.031190266,7.0,108746.319081
2025-05-21 23:00:00+00:00,108736.35,110732.385,108736.35,109687.6,0.109945803,41.0,110082.08625
2025-05-22 00:00:00+00:00,109645.7,110172.355,109265.06,109971.065,0.057804285,12.0,109957.328439
2025-05-22 01:00:00+00:00,110009.085,110574.585,109734.533,109936.545,0.238289303,7.0,110396.142823
2025-05-22 02:00:00+00:00,109976.975,110931.545,109877.234,110478.8755,0.206817208,16.0,110693.78799
2025-05-22 03:00:00+00:00,110389.241,111828.7795,110389.241,111781.49,0.267448839,38.0,111498.654773
2025-05-22 04:00:00+00:00,111722.9,111802.19,111218.2,111567.094,0.640622435,16.0,111575.801491
2025-05-22 05:00:00+00:00,111501.871,111669.0615,110871.6,110871.6,0.317495227,13.0,111427.912702
2025-05-22 06:00:00+00:00,110925.0635,111153.59,110509.07,110574.34,0.137047118,11.0,110795.36334
2025-05-22 07:00:00+00:00,110634.123,111175.7,110541.161,111089.0,0.003170857,5.0,110995.825975
2025-05-22 08:00:00+00:00,111150.653,111150.653,110424.947,110444.25,0.171803123,15.0,110578.027474
2025-05-22 09:00:00+00:00,110406.365,110794.157,110374.965,110794.157,0.033673288,5.0,110613.64921
2025-05-22 10:00:00+00:00,110858.825,111018.83,110670.303,110817.0,0.029742091,14.0,110895.251358
2025-05-22 11:00:00+00:00,110756.219,111347.22,110491.567,111003.9525,0.113210734,9.0,110680.072795
2025-05-22 12:00:00+00:00,111055.85,111691.0,110831.927,111589.34,0.311134363,25.0,111351.60561
2025-05-22 13:00:00+00:00,111536.0,111665.943,110932.78,110979.354,0.303795214,27.0,111309.812262
2025-05-22 14:00:00+00:00,110918.245,111390.5215,110579.9,110934.9695,0.022136793,13.0,110889.518639
2025-05-22 15:00:00+00:00,110847.639,111500.0,110785.85,111299.826,0.017888303,12.0,111161.034878
2025-05-22 16:00:00+00:00,111362.045,111793.9105,111175.55,111300.48,0.029636564,21.0,111497.619772
2025-05-22 17:00:00+00:00,111251.79,112000.0,111165.38,111526.65,0.22153117,16.0,111392.33966
2025-05-22 18:00:00+00:00,111429.1,112000.0,111403.667,111819.952,0.073101926,12.0,111749.082859
2025-05-22 19:00:00+00:00,111769.904,112000.0,111042.97,111226.75,0.2350586,70.0,111583.00984
2025-05-22 20:00:00+00:00,111198.9,111455.4,110848.8,111073.064,0.013061688,8.0,111004.373971
2025-05-22 21:00:00+00:00,111030.108,111154.22,110806.725,110865.035,0.006923002,5.0,110948.803236
2025-05-22 22:00:00+00:00,110939.015,111266.89,110918.091,111043.625,0.002970257,7.0,111109.466437
2025-05-22 23:00:00+00:00,111100.1725,111690.71,111100.1725,111684.9895,0.014005719,10.0,111426.060106
2025-05-23 00:00:00+00:00,111679.269,111865.356,111402.92,111643.37,0.010715953,12.0,111586.295842
2025-05-23 01:00:00+00:00,111577.0,111740.48,111267.0115,111360.109,0.006761736,8.0,111399.473014
2025-05-23 02:00:00+00:00,111412.715,111670.2,111211.79,111277.525,0.109826004,6.0,111328.608642
2025-05-23 03:00:00+00:00,111360.5315,111450.943,111000.0,111102.286,0.269807457,7.0,111068.116957
2025-05-23 04:00:00+00:00,111173.1,111255.8,110600.965,110819.062,0.031678919,18.0,110755.03944
2025-05-23 05:00:00+00:00,110853.2955,110968.174,110640.7,110840.782,0.012600414,5.0,110897.639056
2025-05-23 06:00:00+00:00,110798.0615,110822.5385,110403.3,110497.015,0.342975774,17.0,110736.134657
2025-05-23 07:00:00+00:00,110535.997,110901.5,110535.997,110739.275,0.033944662,5.0,110722.587245
2025-05-23 08:00:00+00:00,110800.016,111000.0,110739.153,110930.595,0.093484784,4.0,110857.321964
2025-05-23 09:00:00+00:00,111000.0,111447.571,110930.595,111320.0,0.100210278,7.0,111259.596783
2025-05-23 10:00:00+00:00,111393.9,111393.9,110857.7125,111041.9045,0.027183441,5.0,111296.29789
2025-05-23 11:00:00+00:00,111107.263,111107.263,108917.495,109078.6115,0.052995446,43.0,109920.612138
2025-05-23 12:00:00+00:00,108996.492,109015.6175,107390.313780788,108400.305,1.423994361,32.0,108440.93767
2025-05-23 13:00:00+00:00,108461.9,109746.5695,107992.05,109660.89,0.130077655,17.0,108479.187861
2025-05-23 14:00:00+00:00,109704.845,109995.93,109548.3805,109776.525,0.052128864,15.0,109826.133006
2025-05-23 15:00:00+00:00,109703.681,109896.1915,108955.212,108955.212,0.023991793,15.0,109591.818922
2025-05-23 16:00:00+00:00,109018.3935,109214.95,108033.894,109084.29,0.200524306,21.0,108311.716067
2025-05-23 17:00:00+00:00,109108.79,109826.32,109108.79,109476.635,0.037364879,6.0,109557.415066
2025-05-23 18:00:00+00:00,109401.5795,109516.79,108737.008,108861.542,0.033587744,2.0,109083.873451
2025-05-23 19:00:00+00:00,108926.7,109249.91,108616.9075,108762.45,0.253740334,60.0,109001.215043
2025-05-23 20:00:00+00:00,108700.0025,108798.74,108233.06,108250.055,0.004755774,8.0,108562.408005
2025-05-23 21:00:00+00:00,108333.623,108682.931,108141.214,108310.295,0.008042052,3.0,108522.167274
2025-05-23 22:00:00+00:00,108341.506,108581.53,107657.01,107842.6275,0.006235576,13.0,108082.731906
2025-05-23 23:00:00+00:00,107784.4365,107963.747,106855.76,107313.844,0.048367045,19.0,107209.159029
2025-05-24 00:00:00+00:00,107269.025,107715.35,106869.44,107433.95,0.010348694,7.0,107405.286943
2025-05-24 01:00:00+00:00,107467.289,107909.3,107456.4455,107506.9535,0.001827265,2.0,107908.759405
2025-05-24 02:00:00+00:00,107466.1385,107896.785,107281.564,107851.855,0.0,0.0,107381.24425
2025-05-24 03:00:00+00:00,107786.935,108398.65,107786.935,108378.302,0.040705518,3.0,108207.445625
2025-05-24 04:00:00+00:00,108421.35,108588.345,108344.865,108540.6735,0.0,0.0,108408.305
2025-05-24 05:00:00+00:00,108602.747,108602.747,108112.28,108238.723,0.016683336,7.0,108419.892623
2025-05-24 06:00:00+00:00,108294.85,108391.87,107742.0855,107940.9935,0.004934062,3.0,108003.668471
2025-05-24 07:00:00+00:00,108001.68,108235.022,107662.115,107662.115,0.010277274,3.0,108072.058891
2025-05-24 08:00:00+00:00,107608.51,108376.6,107591.15,108277.6,0.128125119,9.0,108134.837196
2025-05-24 09:00:00+00:00,108324.75,108465.94,108208.97,108208.97,0.0,0.0,108350.495
2025-05-24 10:00:00+00:00,108262.6575,109289.94,108210.3425,109178.1745,0.00711351,5.0,108851.821872
2025-05-24 11:00:00+00:00,109215.1705,109519.255,109198.257,109225.52,0.000899413,5.0,109375.151085
2025-05-24 12:00:00+00:00,109281.2075,109281.2075,108697.8355,108855.84,0.03212933,7.0,108851.898838
2025-05-24 13:00:00+00:00,108840.8,108957.9,108599.323,108630.865,0.00231551,2.0,108616.335783
2025-05-24 14:00:00+00:00,108691.1,109078.756,108630.265,109012.6,0.002108352,3.0,108927.135414
2025-05-24 15:00:00+00:00,108976.45,109270.2015,108894.8835,108953.4805,0.010836261,2.0,109041.302672
2025-05-24 16:00:00+00:00,109039.187,109175.5,108697.66,109025.002,0.017319564,21.0,109037.720067
2025-05-24 17:00:00+00:00,108964.204,109239.6265,108947.898,109004.31,0.005869324,2.0,108968.033647
2025-05-24 18:00:00+00:00,109044.72,109100.615,108828.1,108850.1625,0.001559145,1.0,109008.9
2025-05-24 19:00:00+00:00,108774.4,109055.8125,108774.4,109002.8,0.049450342,68.0,108879.718757
2025-05-24 20:00:00+00:00,108941.645,109155.47,108895.726,108895.726,0.0,0.0,108941.645
2025-05-24 21:00:00+00:00,108887.0955,108934.2,108613.3,108862.83,0.000205182,3.0,108757.571256
2025-05-24 22:00:00+00:00,108815.405,108815.405,108063.732,108120.025,0.001579426,3.0,108560.723923
2025-05-24 23:00:00+00:00,108194.06,108409.7585,107540.453,107812.5795,0.009622929,10.0,107896.292089
2025-05-25 00:00:00+00:00,107881.259,108173.664,107404.6869458125,107473.4819458125,0.095049018,7.0,107489.837708
2025-05-25 01:00:00+00:00,107387.073891625,108058.805,107233.78,107709.385,0.013916,4.0,107270.429163
2025-05-25 02:00:00+00:00,107775.8305,108063.0735,107532.3845,107998.21,0.0,0.0,107812.64025
2025-05-25 03:00:00+00:00,108039.9105,108340.8,108039.9105,108208.237,0.01149,2.0,108312.335683
2025-05-25 04:00:00+00:00,108128.385,108321.37,107994.7365,108321.37,0.001171889,3.0,108059.659032
2025-05-25 05:00:00+00:00,108275.25,108329.395,108031.7575,108118.1355,0.001211004,7.0,108232.300308
2025-05-25 06:00:00+00:00,108096.4,108159.43,107761.507,107953.095,0.000608963,5.0,108022.603368
2025-05-25 07:00:00+00:00,107903.165,107925.592,107518.475,107690.59,0.027114876,5.0,107901.946333
2025-05-25 08:00:00+00:00,107647.4,107670.79,106983.233,107127.195,0.00197481,4.0,107119.138283
2025-05-25 09:00:00+00:00,107202.645,107306.688,106793.1695,107134.5055,0.002234863,6.0,107175.525834
2025-05-25 10:00:00+00:00,107075.821,107443.2,106861.6,106992.115,0.002102759,4.0,106888.34706
2025-05-25 11:00:00+00:00,106946.5525,107363.2,106879.2635,107283.9835,0.001570643,4.0,107162.189784
2025-05-25 12:00:00+00:00,107228.7835,107672.725,107228.7835,107551.78,0.000559938,4.0,107439.804737
2025-05-25 13:00:00+00:00,107598.7,107804.7375,107371.259,107589.995,0.032811739,8.0,107687.50609
2025-05-25 14:00:00+00:00,107536.605,107699.0,107243.035,107375.211,0.090938763,5.0,107696.178734
2025-05-25 15:00:00+00:00,107433.4825,107433.4825,106714.01,106970.86,0.004646439,6.0,107161.973434
2025-05-25 16:00:00+00:00,107025.0,107273.327,106708.562,107200.415,0.078394006,13.0,107042.957274
2025-05-25 17:00:00+00:00,107249.54,107387.7,107219.04,107384.12,0.038433612,6.0,107378.714656
2025-05-25 18:00:00+00:00,107339.087,107590.52,107339.087,107492.89,0.006102269,2.0,107555.635658
2025-05-25 19:00:00+00:00,107583.28,107924.85,107449.7,107752.95,0.004332858,43.0,107782.352667
2025-05-25 20:00:00+00:00,107814.685,107814.685,107530.5,107672.551,0.0,0.0,107769.6525
2025-05-25 21:00:00+00:00,107755.29,107879.824,107242.3945,107457.15,6.9024e-05,1.0,107662.13
2025-05-25 22:00:00+00:00,107548.265,109255.735,107366.058,109208.3485,0.745661838,12.0,108627.710319
2025-05-25 23:00:00+00:00,109284.3805,109384.1,108636.85,109069.54,0.014872663,13.0,108882.016365
2025-05-26 00:00:00+00:00,109136.0,109648.6995,108756.44,109648.6995,0.006292392,11.0,109139.709611
2025-05-26 01:00:00+00:00,109685.23,109869.52,109302.752,109600.15,0.001534798,3.0,109746.704426
2025-05-26 02:00:00+00:00,109654.5,109779.605,109294.26,109429.435,0.000744703,2.0,109366.398569
2025-05-26 03:00:00+00:00,109387.9335,109823.524,109328.613,109693.2,0.003888543,4.0,109413.572114
2025-05-26 04:00:00+00:00,109647.4,109784.905,109561.174,109589.157,0.009981936,3.0,109604.595212
2025-05-26 05:00:00+00:00,109547.6825,109833.85,109417.142,109714.8625,0.700533743,13.0,109708.042515
2025-05-26 06:00:00+00:00,109707.732,110000.0,109608.91,109940.9,0.004775108,9.0,109822.321196
2025-05-26 07:00:00+00:00,109975.0,110251.606,109798.785,110126.7915,2.26949044,17.0,110001.051752
2025-05-26 08:00:00+00:00,110188.5,110205.138,109652.431,109698.3935,0.019016219,7.0,110079.461135
2025-05-26 09:00:00+00:00,109757.009,110076.174,109721.565,109753.71,0.001788433,3.0,110074.749119
2025-05-26 10:00:00+00:00,109837.92,109932.8,109587.033,109739.1,0.002047525,5.0,109813.698346
2025-05-26 11:00:00+00:00,109643.57,109952.14,109637.08,109827.5555,0.00032503,5.0,109853.14525
2025-05-26 12:00:00+00:00,109859.9345,110086.651,109658.7,109892.85,0.002824177,5.0,109872.435909
2025-05-26 13:00:00+00:00,109995.186,110038.25,109556.448,109658.005,0.049675315,11.0,109891.720721
2025-05-26 14:00:00+00:00,109754.05,109817.4,109582.65,109707.3505,0.015260073,9.0,109737.298687
2025-05-26 15:00:00+00:00,109747.484,110410.8,109602.0,110074.1185,0.026396721,10.0,109961.292908
2025-05-26 16:00:00+00:00,110132.52,110450.971,109143.055,109406.007,0.027936476,19.0,109896.991393
2025-05-26 17:00:00+00:00,109485.87,109704.164,108963.7645,109241.861,0.001231767,5.0,109547.729053
2025-05-26 18:00:00+00:00,109168.7235,109524.374,109065.1685,109157.299,0.0002479,4.0,109351.532223
2025-05-26 19:00:00+00:00,109084.75,109337.435,108934.618,109215.66,0.059679069,74.0,109045.661645
2025-05-26 20:00:00+00:00,109149.2735,109643.4,109007.615,109617.321,0.002077802,7.0,109526.012057
2025-05-26 21:00:00+00:00,109677.422,109677.422,109223.75,109376.445,0.000112523,2.0,109432.751061
2025-05-26 22:00:00+00:00,109434.3295,109893.6345,109263.9875,109263.9875,0.005291124,1.0,109506.351
2025-05-26 23:00:00+00:00,109196.5,109523.2075,109142.551,109523.2075,0.0,0.0,109196.5
2025-05-27 00:00:00+00:00,109458.1175,109696.093,109136.4,109210.1565,0.010055085,3.0,109553.038359
2025-05-27 01:00:00+00:00,109272.124,109272.124,107574.925,108415.92,0.109055323,10.0,108189.430998
2025-05-27 02:00:00+00:00,108359.779,108812.59,107935.896,108351.2685,0.011095482,3.0,108454.074815
2025-05-27 03:00:00+00:00,108385.424,109253.3253200002,108346.21,108947.245,0.015338695,7.0,108922.120588
2025-05-27 04:00:00+00:00,108989.5445,109383.18,108932.115,108978.7445,0.111993206,4.0,109335.885362
2025-05-27 05:00:00+00:00,108976.8365,108982.73,108607.4,108982.73,6.7976e-05,1.0,108889.79
2025-05-27 06:00:00+00:00,109068.255,109317.935,108896.719,108896.719,0.000244745,2.0,109162.058313
2025-05-27 07:00:00+00:00,108955.0455,109646.318,108955.0455,109547.199,0.00605827,5.0,109414.353059
2025-05-27 08:00:00+00:00,109595.7155,109822.75,109556.3105,109775.8205,0.00167051,4.0,109733.114026
2025-05-27 09:00:00+00:00,109843.698,109980.13,109514.6,109849.969,0.008771081,7.0,109767.661396
2025-05-27 10:00:00+00:00,109925.738,109961.4,109677.095,109738.572,0.010688924,4.0,109731.920096
2025-05-27 11:00:00+00:00,109807.394,109821.3945,109500.0,109675.2165,0.000501997,4.0,109663.892267
2025-05-27 12:00:00+00:00,109591.805,109866.308,109558.05,109637.791,0.015590499,4.0,109747.833709
2025-05-27 13:00:00+00:00,109695.082,110780.918,109637.791,109895.15,0.02822529,21.0,110281.607627
2025-05-27 14:00:00+00:00,109956.83,110272.157,108762.9075,109455.0635,0.133444363,24.0,110013.435486
2025-05-27 15:00:00+00:00,109410.4425,110300.112,109074.7375,110175.605,0.272147496,14.0,110022.728648
2025-05-27 16:00:00+00:00,110252.995,110572.7725,110055.492,110283.2,0.027679668,15.0,110360.126575
2025-05-27 17:00:00+00:00,110345.8,110528.89,110053.95,110303.84,0.155333851,12.0,110132.745189
2025-05-27 18:00:00+00:00,110371.84,110518.87,109873.015,109954.8245,0.013521514,11.0,110126.137992
2025-05-27 19:00:00+00:00,109880.8405,110072.77,109635.13,109923.95,0.07190023,56.0,109985.520002
2025-05-27 20:00:00+00:00,109892.426,110040.7,109630.8,109630.8,0.019810577,259.0,109863.113734
2025-05-27 21:00:00+00:00,109658.087,109743.8505,109002.72,109002.72,0.020114781,6.0,109586.239244
2025-05-27 22:00:00+00:00,109032.505,109198.216,108673.0,109100.95,0.064973174,5.0,109154.105513
2025-05-27 23:00:00+00:00,109129.833,109222.17,108967.35,108967.35,0.0,0.0,109129.833
2025-05-28 00:00:00+00:00,108924.778,109294.3985,108748.017,109222.5,0.046315,7.0,108896.116314
2025-05-28 01:00:00+00:00,109146.6,109320.67,108707.45,108707.45,0.035113096,3.0,109023.828456
2025-05-28 02:00:00+00:00,108765.85,108981.68,108500.0,108684.2,0.027122484,178.0,108761.564346
2025-05-28 03:00:00+00:00,108780.1,109016.732,108531.169,108922.58,0.009269756,208.0,108893.704275
2025-05-28 04:00:00+00:00,108876.913,109119.339,108649.1,109021.205,0.008298812,15.0,108841.545119
2025-05-28 05:00:00+00:00,108972.775,109214.0,108835.75,109088.494,0.269267244,36.0,108949.315151
2025-05-28 06:00:00+00:00,109039.25,109136.194,108629.374,108805.175,0.008227087,41.0,108892.730001
2025-05-28 07:00:00+00:00,108827.3245,109064.98,108827.3245,108844.105,0.031355389,6.0,108931.94534
2025-05-28 08:00:00+00:00,108895.25,109171.95,108698.4455,109076.9725,0.036658998,6.0,108998.561767
2025-05-28 09:00:00+00:00,109045.298,109085.39,108582.06,108858.975,0.025961626,7.0,108837.598624
2025-05-28 10:00:00+00:00,108796.519,108961.6,108345.8495,108901.07,0.020352682,11.0,108710.606126
2025-05-28 11:00:00+00:00,108967.2,109039.6,108771.0525,108962.049,0.133555894,6.0,109036.50807
2025-05-28 12:00:00+00:00,108903.5615,109115.149,108849.1315,108965.545,0.007271284,5.0,109077.132237
2025-05-28 13:00:00+00:00,108888.844,109024.9995,108000.297,108130.385,0.106128667,15.0,108357.108545
2025-05-28 14:00:00+00:00,108157.92,108340.8,107557.585,107590.555,0.276075028,23.0,107933.582474
2025-05-28 15:00:00+00:00,107628.5665,107766.8,107130.0915,107173.89,2.289790756,31.0,107371.009831
2025-05-28 16:00:00+00:00,107097.18,107575.18,107097.18,107474.205,0.739221132,21.0,107269.304235
2025-05-28 17:00:00+00:00,107399.91,107885.7695,107399.91,107726.963,0.021971745,7.0,107549.177352
2025-05-28 18:00:00+00:00,107778.9415,107885.75,107467.945,107520.1,0.049722692,5.0,107703.251075
2025-05-28 19:00:00+00:00,107566.245,107868.816,107015.5,107015.5,0.077360132,49.0,107553.54814
2025-05-28 20:00:00+00:00,107000.0,107500.0,106801.725,107325.461,0.014859963,10.0,107028.465636
2025-05-28 21:00:00+00:00,107301.988,107608.5,107238.97,107534.62,0.017555166,4.0,107513.364472
2025-05-28 22:00:00+00:00,107473.6265,107514.485,107210.83,107454.238,0.002754926,8.0,107375.360543
2025-05-28 23:00:00+00:00,107532.44,108076.774,107532.44,107807.448,0.007567002,12.0,107925.47473
2025-05-29 00:00:00+00:00,107853.945,108258.850392,107524.3,108258.850392,0.015938291,9.0,107891.350626
2025-05-29 01:00:00+00:00,108241.14,108258.850392,107837.78,108197.587,0.000427357,4.0,108048.572391
2025-05-29 02:00:00+00:00,108262.474,108491.15,108021.1065,108451.57,0.007739121,6.0,108263.815836
2025-05-29 03:00:00+00:00,108500.0,108500.0,108000.4225,108080.0825,0.0033209,16.0,108264.775896
2025-05-29 04:00:00+00:00,108134.2255,108144.375,107029.0315,107640.5595,0.040303218,8.0,107653.827402
2025-05-29 05:00:00+00:00,107587.81,107830.89,107538.838,107689.4665,0.0210771,5.0,107785.416776
2025-05-29 06:00:00+00:00,107743.0,108000.0,107723.703,107929.1165,0.003331098,4.0,107945.8169
2025-05-29 07:00:00+00:00,107850.3,107999.595,107782.7,107940.8755,0.02715845,8.0,107964.039768
2025-05-29 08:00:00+00:00,107889.5825,108496.5,107739.437,108496.5,0.008331515,4.0,108130.402772
2025-05-29 09:00:00+00:00,108470.885,108667.311,108377.1915,108625.6735,0.015604553,8.0,108515.154386
2025-05-29 10:00:00+00:00,108550.047,108867.735,108435.71,108806.115,0.097410895,7.0,108619.878143
2025-05-29 11:00:00+00:00,108890.5,109000.0,108735.945,108806.6485,0.172945152,27.0,108957.167949
2025-05-29 12:00:00+00:00,108892.99,108892.99,108457.4,108494.3815,0.164631361,10.0,108698.924454
2025-05-29 13:00:00+00:00,108409.34,108678.7,107535.65,107625.394,0.014422223,11.0,108042.637781
2025-05-29 14:00:00+00:00,107663.05,107837.361,106604.392610837,107646.45,0.745464343,27.0,107153.318273
2025-05-29 15:00:00+00:00,107586.23,107791.12,107027.635,107068.084,0.124424569,24.0,107489.747672
2025-05-29 16:00:00+00:00,107114.985,107161.277,106647.387610837,106808.3475,0.186325123,44.0,106955.837502
2025-05-29 17:00:00+00:00,106755.363,106911.29,106111.4,106355.8,0.049835914,29.0,106606.214984
2025-05-29 18:00:00+00:00,106449.1,106652.49,105912.6550246305,105912.6550246305,0.04979694,34.0,106311.902485
2025-05-29 19:00:00+00:00,105952.5615246305,106136.8,105684.41,105725.26,0.218840509,95.0,106025.551334
2025-05-29 20:00:00+00:00,105785.626,106263.5,105785.626,106166.2035,0.028486159,21.0,106051.926767
2025-05-29 21:00:00+00:00,106219.4,106461.6,106173.7,106461.6,0.006698151,13.0,106281.621399
2025-05-29 22:00:00+00:00,106404.2805,106486.615,105869.7,105973.7475,0.013597059,26.0,106001.953951
2025-05-29 23:00:00+00:00,106051.645,106138.47,105427.206105911,105580.45,0.010013818,12.0,105789.131558
2025-05-30 00:00:00+00:00,105639.87,106200.7,104671.765,104870.1805,0.056355565,27.0,105074.033305
2025-05-30 01:00:00+00:00,104938.56,105881.92,104938.56,105696.951,0.014183498,12.0,105400.710666
2025-05-30 02:00:00+00:00,105769.7,106233.2,105696.951,106023.04,0.016126632,22.0,106103.474987
2025-05-30 03:00:00+00:00,106079.93,106257.4,105963.6745,105996.0415,0.005959872,14.0,106123.595855
2025-05-30 04:00:00+00:00,106073.273,106207.25,105940.115,106157.21,0.039262939,23.0,106145.195577
2025-05-30 05:00:00+00:00,106209.03,106386.68,106081.22,106106.626,0.001941217,16.0,106234.277055
2025-05-30 06:00:00+00:00,106188.552,106225.7,105626.975,105768.085,0.009880284,27.0,106041.805417
2025-05-30 07:00:00+00:00,105830.36,105970.79,104822.815,105014.155,0.116962728,39.0,105293.695576
2025-05-30 08:00:00+00:00,105075.2,105452.9,104918.79,105232.5705,0.063272726,23.0,105177.921072
2025-05-30 09:00:00+00:00,105148.841,105698.61,104653.64,105698.61,0.024450374,25.0,105093.747147
2025-05-30 10:00:00+00:00,105612.745,105969.025,105352.577,105969.025,0.046955433,13.0,105626.434643
2025-05-30 11:00:00+00:00,105935.63,106047.5,105758.09,105909.375,0.010113903,17.0,105848.506942
2025-05-30 12:00:00+00:00,105955.57,106039.7,105233.415,105783.995,0.102151156,13.0,105487.21341
2025-05-30 13:00:00+00:00,105853.11,106012.7275,105376.641,105568.9975,0.058756355,30.0,105661.237482
2025-05-30 14:00:00+00:00,105613.85,105925.879,105136.57,105399.569,0.09175423,31.0,105674.447813
2025-05-30 15:00:00+00:00,105323.4705,105890.78,105307.7,105559.265,0.071033947,25.0,105695.444447
2025-05-30 16:00:00+00:00,105627.59,105627.59,103653.6,103897.76,0.648326092,43.0,103793.593206
2025-05-30 17:00:00+00:00,103858.155,104278.8695,103841.955,104186.476,0.258685211,26.0,104075.982375
2025-05-30 18:00:00+00:00,104204.7985,104915.385,104112.37,104915.385,0.047344234,7.0,104682.702946
2025-05-30 19:00:00+00:00,104873.21,104940.72,104511.207,104632.66,0.08898546,114.0,104733.017336
2025-05-30 20:00:00+00:00,104598.637,104836.41,104391.495,104557.6785,0.000405527,2.0,104608.272046
2025-05-30 21:00:00+00:00,104621.0845,104913.497,104615.96,104674.7,0.047621033,4.0,104697.870919
2025-05-30 22:00:00+00:00,104745.04,104787.195,104057.35,104075.7515,0.008653336,13.0,104252.95886
2025-05-30 23:00:00+00:00,103994.84,104278.667,103671.935,103988.865,0.006384637,9.0,104099.358614
2025-05-31 00:00:00+00:00,104088.9825,104296.455,103625.67,103989.335,0.001023172,8.0,104068.548351
2025-05-31 01:00:00+00:00,103963.7285,104233.7175,103339.2745,103559.585,0.004247,2.0,103450.419736
2025-05-31 02:00:00+00:00,103519.4835,103895.8235,103179.92,103247.395,0.001536933,2.0,103268.104967
2025-05-31 03:00:00+00:00,103317.96,103688.4755,103143.2765,103682.3215,0.014670745,6.0,103541.854701
2025-05-31 04:00:00+00:00,103725.743,103899.1,103553.596,103847.245,0.019719715,8.0,103760.565991
2025-05-31 05:00:00+00:00,103876.4,103891.6115,103526.1,103607.19,0.007375543,6.0,103826.303979
2025-05-31 06:00:00+00:00,103681.78,103905.19,103563.1485,103897.337,0.015712706,7.0,103771.264615
2025-05-31 07:00:00+00:00,103873.195,103999.75,103701.8605,103796.09,0.08386399,15.0,103713.83581
2025-05-31 08:00:00+00:00,103876.555,103950.37,103591.785,103737.0825,0.015100714,6.0,103886.915061
2025-05-31 09:00:00+00:00,103799.917,103886.002,103511.897,103611.88,0.038376615,10.0,103759.079885
2025-05-31 10:00:00+00:00,103678.88,103724.13,103417.79,103427.59,0.005736484,4.0,103551.625742
2025-05-31 11:00:00+00:00,103481.8,103612.253,103409.646,103553.685,0.033128389,5.0,103532.969088
2025-05-31 12:00:00+00:00,103571.5535,104055.519,103571.5535,104055.519,0.002200272,5.0,103951.681525
2025-05-31 13:00:00+00:00,104141.297,104318.53,104091.695,104126.7105,0.006724077,6.0,104255.828362
2025-05-31 14:00:00+00:00,104149.3,104606.083,104149.3,104596.445,0.001880228,15.0,104446.625294
2025-05-31 15:00:00+00:00,104575.54,104899.467,104532.556,104642.5,0.005781844,19.0,104680.457642
2025-05-31 16:00:00+00:00,104704.9,104833.3365,104469.265,104560.9,0.002616769,11.0,104635.357034
2025-05-31 17:00:00+00:00,104496.8,104659.115,104285.466,104408.16,0.022671191,4.0,104616.276522
2025-05-31 18:00:00+00:00,104449.0555,104675.1,104441.61,104540.475,0.00057154,3.0,104596.407711
2025-05-31 19:00:00+00:00,104484.4,104891.47,104484.4,104760.7,0.05146972,62.0,104734.211376
2025-05-31 20:00:00+00:00,104786.905,104949.56,104601.101,104848.434,0.011737268,10.0,104889.552286
2025-05-31 21:00:00+00:00,104897.681,104922.38,104764.427,104887.74,9.3861e-05,1.0,104842.839
2025-05-31 22:00:00+00:00,104913.88,105003.02,104616.79,104658.01,0.000186257,4.0,104785.624971
2025-05-31 23:00:00+00:00,104622.62,104850.1095,104579.45,104663.8825,0.008133141,13.0,104597.680674
2025-06-01 00:00:00+00:00,104736.655,104736.655,104407.1705,104466.5785,0.000209148,3.0,104597.768991
2025-06-01 01:00:00+00:00,104495.192,104558.365,104159.265,104200.685,0.00055042,6.0,104438.392794
2025-06-01 02:00:00+00:00,104165.805,104358.3795,103964.4885,104251.7,0.001848138,3.0,104160.523365
2025-06-01 03:00:00+00:00,104209.7,104526.638,104023.73,104452.7245,0.000109068,2.0,104122.851676
2025-06-01 04:00:00+00:00,104523.75,104784.36,104435.85,104706.28,0.015610929,5.0,104614.032462
2025-06-01 05:00:00+00:00,104628.2,104784.36,104528.505,104603.3,0.00333917,5.0,104666.75043
2025-06-01 06:00:00+00:00,104675.4,104675.4,104297.64,104297.64,0.003149716,11.0,104465.20323
2025-06-01 07:00:00+00:00,104344.8,104465.7,104205.1,104360.75,0.011950276,11.0,104424.742288
2025-06-01 08:00:00+00:00,104286.441,104416.0,104270.804,104416.0,0.000138838,1.0,104331.908
2025-06-01 09:00:00+00:00,104463.166,104517.8455,103854.311,103974.935,0.00546152,4.0,104159.934772
2025-06-01 10:00:00+00:00,104021.46,104138.49,103838.48,103943.027,0.000947345,9.0,104055.811301
2025-06-01 11:00:00+00:00,103992.25,104223.214,103902.7955,104150.335,0.001119483,9.0,104098.781683
2025-06-01 12:00:00+00:00,104148.1135,104251.2095,103852.23,104038.0885,0.014526272,3.0,104074.433585
2025-06-01 13:00:00+00:00,104115.85,104481.33,104025.202,104341.465,0.003484986,6.0,104329.218793
2025-06-01 14:00:00+00:00,104350.944,104784.36,104350.944,104660.66,0.001204323,7.0,104587.620928
2025-06-01 15:00:00+00:00,104759.88,104934.42,104595.7,104775.871,0.016139505,18.0,104822.000403
2025-06-01 16:00:00+00:00,104841.9,105375.64,104737.593,105073.55,0.004528856,31.0,105007.811798
2025-06-01 17:00:00+00:00,105138.4,105289.08,105071.24,105144.97,0.026288687,27.0,105189.020922
2025-06-01 18:00:00+00:00,105199.84,105199.84,104423.895,104955.0635,0.001763446,16.0,104938.493044
2025-06-01 19:00:00+00:00,104876.227,105275.51,104876.227,105168.0235,0.103133208,72.0,105163.114112
2025-06-01 20:00:00+00:00,105125.535,105433.495,104948.7,105015.05,0.02899507,14.0,105147.035982
2025-06-01 21:00:00+00:00,105021.3415,105538.961,105011.7645,105535.314,8.4887e-05,2.0,105423.305468
2025-06-01 22:00:00+00:00,105554.1765,105875.78,105488.755,105567.7475,0.010819463,10.0,105743.625701
2025-06-01 23:00:00+00:00,105651.955,105935.2,105534.466,105723.562,0.442059825,8.0,105610.688226
2025-06-02 00:00:00+00:00,105807.624,105807.624,105448.7835,105484.25,0.025211618,9.0,105676.768623
2025-06-02 01:00:00+00:00,105535.775,105678.499,105355.4,105463.6965,0.000137523,2.0,105452.442351
2025-06-02 02:00:00+00:00,105483.36,105483.36,105107.76,105124.245,0.000333584,5.0,105276.88808
2025-06-02 03:00:00+00:00,105140.73,105140.73,104636.13,104882.5325,0.002506205,5.0,105011.383301
2025-06-02 04:00:00+00:00,104960.1,105045.4,104774.945,104774.945,0.001882177,1.0,104907.1
2025-06-02 05:00:00+00:00,104849.4665,104996.5745,104684.775,104867.9855,0.007691054,2.0,104967.878931
2025-06-02 06:00:00+00:00,104924.88,105387.49,104808.993,105235.24,0.201259412,9.0,105042.307905
2025-06-02 07:00:00+00:00,105317.2,105507.65,105235.24,105467.495,0.002215953,4.0,105337.788779
2025-06-02 08:00:00+00:00,105526.82,105935.2375,105352.8,105399.16,0.009345226,8.0,105684.418253
2025-06-02 09:00:00+00:00,105447.92,105447.92,104548.6,104622.92,0.007749313,10.0,105006.404723
2025-06-02 10:00:00+00:00,104655.8845,104781.977,104329.405,104492.5586666667,0.015367529,6.0,104525.337327
2025-06-02 11:00:00+00:00,104472.93333333333,104599.833,104000.0,104067.54,0.023850749,12.0,104348.69956
2025-06-02 12:00:00+00:00,104135.08,104351.767,104000.0,104222.535,0.002434673,35.0,104249.446024
2025-06-02 13:00:00+00:00,104255.8425,104605.8,103776.56,103879.15,0.083199719,9.0,104131.991038
2025-06-02 14:00:00+00:00,103842.0,104780.87,103738.7855,104264.295,0.130140211,19.0,103937.365245
2025-06-02 15:00:00+00:00,104183.095,104606.4,103988.8965,104516.914,0.024261015,9.0,104372.73866
2025-06-02 16:00:00+00:00,104467.07,104530.71,104079.65,104323.04,0.045297675,30.0,104234.353901
2025-06-02 17:00:00+00:00,104384.05,104567.782,104135.731,104439.475,0.034469748,45.0,104456.624696
2025-06-02 18:00:00+00:00,104367.01,104752.3745,104234.03,104392.37,0.146971447,26.0,104310.906515
2025-06-02 19:00:00+00:00,104473.3,104553.303,104104.705,104465.5245,0.223841782,113.0,104479.026007
2025-06-02 20:00:00+00:00,104520.9645,105047.3,104520.9645,104953.085,0.002527045,9.0,104824.351397
2025-06-02 21:00:00+00:00,105027.7,105164.24,104656.316,104953.304,0.001140728,5.0,104852.216185
2025-06-02 22:00:00+00:00,105005.53,105810.03233262806,105005.53,105680.645,0.002421851,13.0,105529.333047
2025-06-02 23:00:00+00:00,105743.8,106023.3,105634.675,105929.76,0.035789433,12.0,105855.099547
2025-06-03 00:00:00+00:00,105997.57,106396.1,105821.565,106342.8585,0.002294997,14.0,106227.386096
2025-06-03 01:00:00+00:00,106391.887,106491.0,106208.5,106491.0,0.0061206,6.0,106407.595414
2025-06-03 02:00:00+00:00,106500.0,106500.0,105674.125,105731.0385,0.007726915,6.0,106330.453605
2025-06-03 03:00:00+00:00,105681.355,105833.968,105469.16,105541.762,0.002642525,7.0,105562.018198
2025-06-03 04:00:00+00:00,105624.484,105630.45,105176.978,105227.1825,0.042828526,10.0,105601.74035
2025-06-03 05:00:00+00:00,105272.855,105545.595,105272.855,105536.795,0.001218549,5.0,105470.397686
2025-06-03 06:00:00+00:00,105484.65,105554.3,105243.1,105510.1815,0.005342053,6.0,105310.896371
2025-06-03 07:00:00+00:00,105437.417,105539.08,105195.695,105238.2085,0.000385722,3.0,105452.296592
2025-06-03 08:00:00+00:00,105294.0685,105294.0685,104944.67,105146.85,0.020251908,11.0,105014.619315
2025-06-03 09:00:00+00:00,105157.155,105350.0,105157.155,105294.485,0.000665525,2.0,105255.398903
2025-06-03 10:00:00+00:00,105233.645,105375.2315,105233.645,105365.225,0.013197191,3.0,105369.813351
2025-06-03 11:00:00+00:00,105398.5645,105458.26,105157.578,105351.37,0.057120491,152.0,105219.214898
2025-06-03 12:00:00+00:00,105402.21,105492.0,105297.425,105359.868,0.009652964,8.0,105444.265018
2025-06-03 13:00:00+00:00,105280.483,105777.58,105117.787,105504.9175,0.401343435,190.0,105497.642229
2025-06-03 14:00:00+00:00,105547.5625,106752.155,105232.33,106615.9835,0.163201351,26.0,105946.579368
2025-06-03 15:00:00+00:00,106635.0,106880.48,106448.83,106693.4015,0.046969905,28.0,106768.540689
2025-06-03 16:00:00+00:00,106763.103,106845.023,105915.0,105915.0,0.044292852,44.0,106483.323771
2025-06-03 17:00:00+00:00,105837.6325,106257.1,105837.6325,105979.1,0.108940574,91.0,105982.531506
2025-06-03 18:00:00+00:00,106027.0,106148.44,105679.54,106068.3755,0.164799943,23.0,106001.847457
2025-06-03 19:00:00+00:00,106130.266,106485.92,106057.54,106326.442,0.287383305,107.0,106132.985583
2025-06-03 20:00:00+00:00,106394.434,106394.434,105435.674,105865.567,0.034176686,46.0,106034.833921
2025-06-03 21:00:00+00:00,105797.72,105951.1,105372.8,105447.3455,0.007600398,43.0,105692.477152
2025-06-03 22:00:00+00:00,105390.2015,106000.0,105390.2015,105802.078,0.015564887,56.0,105895.66799
2025-06-03 23:00:00+00:00,105870.76,105873.03,105268.83,105472.9355,0.005202486,91.0,105634.763069
2025-06-04 00:00:00+00:00,105384.0225,105662.45,105198.87,105529.225,0.012930082,62.0,105488.685577
2025-06-04 01:00:00+00:00,105576.15,105830.76,105448.746,105670.1395,0.004020087,19.0,105635.903026
2025-06-04 02:00:00+00:00,105752.5,105904.988,105510.85,105577.615,0.003779063,59.0,105692.855033
2025-06-04 03:00:00+00:00,105663.33,105859.735,105511.145,105586.503,0.007978612,39.0,105680.959328
2025-06-04 04:00:00+00:00,105646.59,105708.91,105417.234,105495.47,0.031547916,13.0,105617.53758
2025-06-04 05:00:00+00:00,105448.175,105636.28,105400.6325,105420.147,0.004816653,6.0,105521.658163
2025-06-04 06:00:00+00:00,105492.66,105549.38,105281.432,105407.023,0.001104367,5.0,105418.769226
2025-06-04 07:00:00+00:00,105460.765,105525.512,105318.285,105390.631,0.012840801,7.0,105435.781045
2025-06-04 08:00:00+00:00,105329.262,105699.5,105329.262,105554.693,0.00270742,4.0,105469.505521
2025-06-04 09:00:00+00:00,105495.5,105933.9,105423.3005,105859.65,0.001842586,6.0,105590.077629
2025-06-04 10:00:00+00:00,105840.15,106000.0,105631.96,105723.0,0.003145047,39.0,105825.692144
2025-06-04 11:00:00+00:00,105652.6,105870.125,105187.2875,105187.2875,0.044990525,3.0,105447.416707
2025-06-04 12:00:00+00:00,105136.555,105205.765,104839.3325,105111.785,0.009954789,13.0,105045.814522
2025-06-04 13:00:00+00:00,105065.6825,105314.78,104751.3,104804.463,0.006888485,10.0,105046.653677
2025-06-04 14:00:00+00:00,104741.625,105178.33,104232.11,105071.3655,0.127400661,44.0,104473.547355
2025-06-04 15:00:00+00:00,105023.921,105669.258,104955.4,105330.5175,0.049953276,73.0,105584.426492
2025-06-04 16:00:00+00:00,105373.245,105513.09,105162.2295,105470.377,0.032002237,51.0,105416.258896
2025-06-04 17:00:00+00:00,105541.0265,105619.0,105013.593,105087.103,0.007960291,24.0,105380.505249
2025-06-04 18:00:00+00:00,105151.165,105361.04,105000.0,105042.11,0.003422507,16.0,105217.747704
2025-06-04 19:00:00+00:00,105000.0,105179.53,104943.19,104994.655,0.096195647,66.0,105023.660012
2025-06-04 20:00:00+00:00,105050.0,105050.0,104514.123,104696.557,0.050266507,15.0,104644.699659
2025-06-04 21:00:00+00:00,104622.1,105121.2695,104607.133,104991.326,0.001,1.0,104622.1
2025-06-04 22:00:00+00:00,104934.254,105093.479,104812.162,104885.05,6.8236e-05,1.0,104883.954
2025-06-04 23:00:00+00:00,104828.495,104930.195,104618.6,104748.56,0.008719954,6.0,104799.861232
2025-06-05 00:00:00+00:00,104832.9185,105021.4115,104739.448,105021.4115,0.006890273,3.0,104837.439483
2025-06-05 01:00:00+00:00,105082.3115,105219.5245,104778.555,104832.469,0.003593118,6.0,104963.151718
2025-06-05 02:00:00+00:00,104915.246,105261.962,104886.846,105100.735,0.003485056,2.0,105022.514223
2025-06-05 03:00:00+00:00,105025.01,105128.9475,104885.604,105073.705,0.016413448,5.0,104960.053031
2025-06-05 04:00:00+00:00,105107.4,105262.0,105094.771,105217.26,0.000277618,2.0,105250.911932
2025-06-05 05:00:00+00:00,105262.0,105264.311,104652.75,104687.38,0.01316397,7.0,105088.477381
2025-06-05 06:00:00+00:00,104732.65,104759.22,104427.45,104530.855,0.0,0.0,104732.65
2025-06-05 07:00:00+00:00,104458.9535,104743.9,104458.9535,104583.445,0.002877805,5.0,104562.194889
2025-06-05 08:00:00+00:00,104623.25,104775.16,104475.9,104705.069,0.049799394,15.0,104676.105213
2025-06-05 09:00:00+00:00,104782.238,105009.9,104705.069,104972.539,0.033372874,5.0,104833.040565
2025-06-05 10:00:00+00:00,104894.85,104894.85,104573.2085,104676.639,0.000138647,1.0,104594.07
2025-06-05 11:00:00+00:00,104729.8,104978.02,104506.958,104867.5595,0.003698529,7.0,104750.118952
2025-06-05 12:00:00+00:00,104945.6565,105821.2645,104867.4,105723.6805,0.021745821,14.0,105332.679122
2025-06-05 13:00:00+00:00,105685.7505,105963.505,104370.085,104527.148,0.029901413,12.0,105598.821115
2025-06-05 14:00:00+00:00,104576.01,104956.4,103978.3405,104704.0,0.195313724,11.0,104214.940375
2025-06-05 15:00:00+00:00,104634.3,104896.9455,104397.29,104594.195,0.019090418,5.0,104532.651813
2025-06-05 16:00:00+00:00,104665.66,104730.6,103288.55,103315.765,0.05283874,16.0,103723.914768
2025-06-05 17:00:00+00:00,103234.295,103595.4,103190.865,103297.9326666667,0.018039508,8.0,103448.814207
2025-06-05 18:00:00+00:00,103326.0,103348.458,102672.7602610835,103014.665,0.090374389,17.0,102858.516743
2025-06-05 19:00:00+00:00,102934.5,103260.397804048,101611.748,101903.0,0.141154548,101.0,102150.574837
2025-06-05 20:00:00+00:00,101971.4,102198.95,100419.0365,100507.4,1.399760951,27.0,101855.201501
2025-06-05 21:00:00+00:00,100450.9,101719.9,100450.9,101587.2325,0.622714754,16.0,100771.405463
2025-06-05 22:00:00+00:00,101543.5205,101735.3395,101079.4435,101515.7,0.010261134,6.0,101302.586596
2025-06-05 23:00:00+00:00,101582.2375,101925.205,101525.51,101576.0515,0.055319869,9.0,101799.676613
2025-06-06 00:00:00+00:00,101515.836,101976.75,101148.1415,101976.75,0.001470591,3.0,101882.646976
2025-06-06 01:00:00+00:00,101895.0305,102043.955,101728.215,101856.102,0.01847088,4.0,101986.23399
2025-06-06 02:00:00+00:00,101813.1215,102192.635,101594.55,102192.635,0.038225343,3.0,101896.949864
2025-06-06 03:00:00+00:00,102125.37,102609.3,102117.7,102562.7,0.027596244,4.0,102605.018143
2025-06-06 04:00:00+00:00,102644.8,102887.19,102389.3,102835.4525,0.013397861,10.0,102843.169536
2025-06-06 05:00:00+00:00,102907.65,102973.73,102739.896,102973.73,0.101579329,4.0,102859.057075
2025-06-06 06:00:00+00:00,103012.762,103286.9,102993.115,103215.955,0.026491702,3.0,103241.458257
2025-06-06 07:00:00+00:00,103253.7725,103506.855,103069.5,103194.425,0.024152239,6.0,103250.597412
2025-06-06 08:00:00+00:00,103239.8895,103686.2,103239.8895,103574.4615,0.166078751,6.0,103545.29249
2025-06-06 09:00:00+00:00,103662.5,103808.993,103574.4615,103702.9,0.002093765,3.0,103637.823075
2025-06-06 10:00:00+00:00,103743.8065,103844.8010809174,103658.855,103742.7045,0.00227411,1.0,103658.855
2025-06-06 11:00:00+00:00,103703.603,104087.574,103703.603,103998.28,0.04579806,19.0,103862.477303
2025-06-06 12:00:00+00:00,104073.86,104333.8715,103631.3455,103881.435,0.002223872,13.0,104029.671117
2025-06-06 13:00:00+00:00,103935.96,104638.9,103929.295,104181.9035,0.01935289,28.0,104200.754363
2025-06-06 14:00:00+00:00,104188.758,105000.0,104106.527,104889.89,0.250383633,27.0,104766.305711
2025-06-06 15:00:00+00:00,104975.68,105465.6,104679.7,105183.2085,0.56903042,62.0,105008.392154
2025-06-06 16:00:00+00:00,105240.225,105393.865,104780.207,104881.0075,0.036509777,30.0,105273.220817
2025-06-06 17:00:00+00:00,104900.21,104995.71,104561.52,104995.71,0.008137325,21.0,104676.842251
2025-06-06 18:00:00+00:00,105052.8975,105121.618,104482.551,104581.74,0.04805671,14.0,104979.253462
2025-06-06 19:00:00+00:00,104639.2685,104730.068,104114.5,104255.625,0.034172068,89.0,104207.691124
2025-06-06 20:00:00+00:00,104327.53,104712.8325,104268.2,104569.327,0.004431312,8.0,104357.455995
2025-06-06 21:00:00+00:00,104521.554,104582.755,104397.603,104490.4425,0.00068943,9.0,104514.201346
2025-06-06 22:00:00+00:00,104448.77,104549.09,104318.41,104549.09,0.000507139,6.0,104353.29157
2025-06-06 23:00:00+00:00,104486.059,104486.059,104346.5775,104397.4905,0.0,0.0,104486.059
2025-06-07 00:00:00+00:00,104338.489,104561.787,104034.095,104561.787,0.000736628,3.0,104482.517001
2025-06-07 01:00:00+00:00,104627.354,104673.583,104458.03,104550.9755,0.001265528,4.0,104627.434471
2025-06-07 02:00:00+00:00,104495.7305,104697.5725,104439.95,104632.55,0.002612552,3.0,104620.013989
2025-06-07 03:00:00+00:00,104706.2,105063.4,104594.605,104977.476,0.002736359,8.0,104834.614175
2025-06-07 04:00:00+00:00,105053.182,105053.182,104758.55,104879.6975,0.000304727,4.0,104947.217209
2025-06-07 05:00:00+00:00,104823.93,105056.9545,104822.6,104977.564,0.003499556,6.0,104947.124378
2025-06-07 06:00:00+00:00,105052.2,105366.761,104803.208,105290.1,0.028020505,8.0,105029.472714
2025-06-07 07:00:00+00:00,105307.0,105307.0,104897.283,104954.07,0.617247688,23.0,105091.303141
2025-06-07 08:00:00+00:00,104893.6,105068.84,104793.545,104827.385,0.012616197,8.0,104977.199649
2025-06-07 09:00:00+00:00,104892.273,105076.7,104811.4,104924.854,0.000759135,3.0,104830.089781
2025-06-07 10:00:00+00:00,104971.578,105229.516,104961.7505,105223.1,9.9038e-05,2.0,105132.064527
2025-06-07 11:00:00+00:00,105204.85,105397.4,105128.684,105187.871,0.002279914,6.0,105372.176006
2025-06-07 12:00:00+00:00,105243.368,105748.6,105218.29,105498.1635,0.035008788,12.0,105413.124098
2025-06-07 13:00:00+00:00,105535.15,105874.51,105393.7,105680.475,0.00749406,24.0,105605.745931
2025-06-07 14:00:00+00:00,105725.97,105816.728,105458.105,105516.4585,0.018933783,20.0,105566.375417
2025-06-07 15:00:00+00:00,105589.587,105646.106,105408.93,105603.97,0.00155052,4.0,105535.421608
2025-06-07 16:00:00+00:00,105688.34,105740.74,105337.8,105387.263,0.005642897,13.0,105694.342391
2025-06-07 17:00:00+00:00,105462.835,105603.02,105462.835,105497.843,0.00133281,1.0,105603.02
2025-06-07 18:00:00+00:00,105574.88,105927.396,105548.5,105646.95,0.19864032,12.0,105814.574584
2025-06-07 19:00:00+00:00,105706.944,106000.0,105639.965,105748.899,0.033295251,59.0,105690.551468
2025-06-07 20:00:00+00:00,105838.316,106000.0,105748.899,105914.88,0.009377716,27.0,105913.832779
2025-06-07 21:00:00+00:00,105995.4,106000.0,105774.832,105851.34,0.011517302,31.0,105897.63385
2025-06-07 22:00:00+00:00,105908.51,105994.9,105731.7,105911.3675,0.016080011,26.0,105909.57433
2025-06-07 23:00:00+00:00,105839.2,105946.75,105561.775,105630.65,0.013697336,36.0,105769.931134
2025-06-08 00:00:00+00:00,105692.5,105753.5,105451.5,105559.35,0.009019935,29.0,105610.76935
2025-06-08 01:00:00+00:00,105615.1,105786.025,105455.902,105786.025,0.004066402,2.0,105614.970813
2025-06-08 02:00:00+00:00,105740.7205,105740.7205,105515.0,105515.0,0.00037892,2.0,105644.85
2025-06-08 03:00:00+00:00,105590.5,105602.374,105451.2,105511.814,0.002269588,14.0,105553.334485
2025-06-08 04:00:00+00:00,105598.518,105752.291,105466.06,105661.358,0.001988422,9.0,105636.083115
2025-06-08 05:00:00+00:00,105611.796,105730.08,105454.89,105515.955,0.00354742,23.0,105633.380717
2025-06-08 06:00:00+00:00,105597.81,105708.7,105461.21,105501.585,0.006593296,15.0,105671.510931
2025-06-08 07:00:00+00:00,105579.27,105720.87,105459.589,105493.2175,0.003262324,19.0,105591.413266
2025-06-08 08:00:00+00:00,105527.401,105665.378,105409.7,105433.4575,0.004701235,25.0,105475.588067
2025-06-08 09:00:00+00:00,105507.945,105521.52,105181.8,105247.64,0.011734892,17.0,105387.525768
2025-06-08 10:00:00+00:00,105181.8,105545.4,105047.08,105404.95,0.01374978,23.0,105170.914404
2025-06-08 11:00:00+00:00,105452.9845,105755.062,105440.05,105695.9715,0.001930504,19.0,105572.796755
2025-06-08 12:00:00+00:00,105745.743,105864.9,105579.84,105762.35,0.00126802,13.0,105722.73066
2025-06-08 13:00:00+00:00,105809.9,106163.8775,105634.928,105669.525,0.003890426,20.0,105927.486564
2025-06-08 14:00:00+00:00,105633.55,105988.5,105560.5,105866.836,0.003531015,17.0,105690.123252
2025-06-08 15:00:00+00:00,105934.472,106168.297,105866.836,106015.1535,0.025052233,16.0,105996.264887
2025-06-08 16:00:00+00:00,106087.507,106326.581,105994.4395,106250.74,0.013553097,19.0,106184.018036
2025-06-08 17:00:00+00:00,106319.58,106364.03,106092.277,106177.18,0.014841705,15.0,106312.676071
2025-06-08 18:00:00+00:00,106255.4,106364.03,106089.3855,106350.715,0.002299017,11.0,106207.295961
2025-06-08 19:00:00+00:00,106329.1725,106377.5,106242.245,106330.4195,0.002635567,13.0,106362.734018
2025-06-08 20:00:00+00:00,106396.919,106400.0,106213.0475,106213.0475,0.001442371,13.0,106361.107038
2025-06-08 21:00:00+00:00,106284.595,106480.7865,106156.836,106361.43,0.010373196,13.0,106386.129765
2025-06-08 22:00:00+00:00,106420.1,106420.1,105783.89,105830.066,0.042866647,8.0,105847.689872
2025-06-08 23:00:00+00:00,105815.983,105859.345,105626.345,105791.689,0.001540354,4.0,105784.996611
2025-06-09 00:00:00+00:00,105843.115,106085.8,105683.294,105728.4025,0.005694479,11.0,105838.561034
2025-06-09 01:00:00+00:00,105695.865,105776.42,105493.146,105558.7665,0.000256209,4.0,105682.41795
2025-06-09 02:00:00+00:00,105484.0,105802.1,105484.0,105644.7605,0.000395725,8.0,105682.051201
2025-06-09 03:00:00+00:00,105599.34,105751.414,105355.144,105738.81,0.002446444,11.0,105627.796085
2025-06-09 04:00:00+00:00,105749.665,105838.247,105534.33,105534.33,0.004403351,8.0,105759.250466
2025-06-09 05:00:00+00:00,105468.33,105567.75,105344.6,105478.84,0.01535653,4.0,105470.797311
2025-06-09 06:00:00+00:00,105519.267,105760.156,105412.225,105734.147,0.008840892,2.0,105511.887469
2025-06-09 07:00:00+00:00,105698.08,105733.162,105544.685,105660.448,0.105197472,4.0,105637.414814
2025-06-09 08:00:00+00:00,105729.957,105990.0015,105529.44,105983.905,0.005088732,8.0,105938.555159
2025-06-09 09:00:00+00:00,106037.74,106929.43,105879.475,106676.3,0.009636721,17.0,106414.392756
2025-06-09 10:00:00+00:00,106647.4,107457.95,106597.25,107229.025,0.32266186,21.0,107254.380749
2025-06-09 11:00:00+00:00,107270.1645,107847.58,107191.1,107780.9205,0.029918203,13.0,107549.815797
2025-06-09 12:00:00+00:00,107813.1885,107959.0,107616.02,107816.829,0.030717209,12.0,107858.67217
2025-06-09 13:00:00+00:00,107873.758,107913.639,107000.0,107111.6825,0.456529912,15.0,107521.403902
2025-06-09 14:00:00+00:00,107191.465,108000.0,107191.465,107635.519,0.297442563,24.0,107666.256464
2025-06-09 15:00:00+00:00,107598.169,108093.87,107578.3,107701.136,0.123271558,20.0,107779.274985
2025-06-09 16:00:00+00:00,107775.8,108172.777,107639.905,107816.955,0.075541652,22.0,108069.801211
2025-06-09 17:00:00+00:00,107777.75,108433.0,107726.535,108392.795,0.00313486,10.0,108183.228895
2025-06-09 18:00:00+00:00,108396.0975,108637.427,108308.63,108502.8295,0.105227871,17.0,108393.631999
2025-06-09 19:00:00+00:00,108524.9,108806.18,108416.14,108649.692,0.228999967,130.0,108563.639452
2025-06-09 20:00:00+00:00,108719.42,108882.678,108544.0535,108801.657,0.009586438,13.0,108857.217996
2025-06-09 21:00:00+00:00,108886.3,110606.1492385785,108781.8875,110004.2715,0.131655823,29.0,109889.778165
2025-06-09 22:00:00+00:00,110077.7,110439.54,109765.299,110239.8305,0.079445047,15.0,109855.008254
2025-06-09 23:00:00+00:00,110146.6,110348.065,109899.15,110303.9455,0.003547612,14.0,110131.962366
2025-06-10 00:00:00+00:00,110400.8,110400.8,109954.59,109968.89,0.013459436,22.0,110236.054014
2025-06-10 01:00:00+00:00,109946.54,109968.9,109671.26,109874.59,0.110897735,16.0,109857.106755
2025-06-10 02:00:00+00:00,109954.26,109954.26,109506.08,109703.2435,0.001201445,11.0,109663.475154
2025-06-10 03:00:00+00:00,109767.587,109818.365,109383.6,109597.643,0.016848674,21.0,109544.774927
2025-06-10 04:00:00+00:00,109681.14,109681.14,109366.0,109563.16,0.002787513,7.0,109401.569437
2025-06-10 05:00:00+00:00,109641.01,109773.718,109195.87,109386.98,0.010482893,11.0,109431.301133
2025-06-10 06:00:00+00:00,109336.6805,109685.6535,109226.4,109571.244,0.158054001,8.0,109460.622306
2025-06-10 07:00:00+00:00,109658.128,109658.128,109146.12,109317.41,0.018434564,11.0,109334.094036
2025-06-10 08:00:00+00:00,109253.4975,109458.622,109129.6,109130.68,0.001013702,4.0,109363.230178
2025-06-10 09:00:00+00:00,109180.1325,109624.1,109096.367,109532.9885,0.298580198,14.0,109220.258144
2025-06-10 10:00:00+00:00,109501.59,109608.3315,109314.17,109364.8,0.019259208,12.0,109473.627793
2025-06-10 11:00:00+00:00,109452.8,109953.0,109244.54,109589.535,0.005872352,16.0,109647.971575
2025-06-10 12:00:00+00:00,109650.77,109726.9,109460.0335,109726.9,0.02877713,29.0,109624.564553
2025-06-10 13:00:00+00:00,109817.7,109877.4,108933.125,109316.895,0.379444412,23.0,109487.066319
2025-06-10 14:00:00+00:00,109385.7,109385.7,108550.1845,108682.865,0.070405729,49.0,108832.905767
2025-06-10 15:00:00+00:00,108641.0905,109222.282,108369.12,109008.7615,0.113606358,15.0,108722.828989
2025-06-10 16:00:00+00:00,109081.71,109331.86,108735.3565,108739.1255,0.02331413,15.0,109189.974412
2025-06-10 17:00:00+00:00,108818.421,109095.9,108670.963,108707.8355,0.016646388,13.0,108837.339247
2025-06-10 18:00:00+00:00,108660.573,109461.18,108471.5,109329.84,0.043469435,12.0,108777.292997
2025-06-10 19:00:00+00:00,109402.57,110330.52,109363.617,109560.7,0.256908623,111.0,109512.083195
2025-06-10 20:00:00+00:00,109627.2,109980.351,109268.362,109977.75,0.010883982,13.0,109388.378752
2025-06-10 21:00:00+00:00,110000.0,110000.0,109487.865,109871.2305,0.000300647,5.0,109813.595231
2025-06-10 22:00:00+00:00,109911.745,110198.7305,109654.31,109755.3225,0.014712921,10.0,109963.484605
2025-06-10 23:00:00+00:00,109825.0505,110291.97,109632.612,110232.55,0.019389422,8.0,110094.653267
2025-06-11 00:00:00+00:00,110292.0,110292.0,109838.5,109848.4445,0.030956149,15.0,110163.64421
2025-06-11 01:00:00+00:00,109909.389,109909.389,109663.305,109681.555,0.004392727,23.0,109759.299583
2025-06-11 02:00:00+00:00,109706.525,109884.127,109607.78,109684.425,0.00436846,9.0,109660.471759
2025-06-11 03:00:00+00:00,109620.64,109876.645,109620.64,109744.945,0.003990354,5.0,109704.497554
2025-06-11 04:00:00+00:00,109711.4445,109776.805,109507.01,109598.1415,0.020651461,5.0,109518.152835
2025-06-11 05:00:00+00:00,109554.051,109706.763,109500.0,109545.123,0.000126559,2.0,109603.511381
2025-06-11 06:00:00+00:00,109590.246,109691.3365,109359.1,109661.0525,0.05989957,9.0,109616.265322
2025-06-11 07:00:00+00:00,109696.5585,109765.651,109496.0435,109496.0435,0.686408199,6.0,109507.02046
2025-06-11 08:00:00+00:00,109554.744,109675.5545,109486.473,109601.426,0.004893097,2.0,109606.262379
2025-06-11 09:00:00+00:00,109524.0,109573.123,109241.527,109246.975,0.002658547,4.0,109517.646397
2025-06-11 10:00:00+00:00,109299.76,109500.442,109215.18,109382.93,0.010556123,4.0,109276.618516
2025-06-11 11:00:00+00:00,109281.7,109382.93,109206.055,109279.24,0.249379036,4.0,109216.098876
2025-06-11 12:00:00+00:00,109230.32,109937.1,109102.76,109705.8,0.001080093,4.0,109337.849106
2025-06-11 13:00:00+00:00,109777.7,109907.686,109309.926,109739.2,0.023015689,11.0,109782.408592
2025-06-11 14:00:00+00:00,109760.88,110345.1175,109677.4445,109885.6,0.216140504,27.0,109817.953703
2025-06-11 15:00:00+00:00,109937.3,110168.922,109682.595,109762.048,0.023404073,35.0,109891.186755
2025-06-11 16:00:00+00:00,109806.6,109877.39,109391.1,109460.76,0.059007992,18.0,109523.367822
2025-06-11 17:00:00+00:00,109421.7685,109775.7,109107.9445,109107.9445,0.00630918,4.0,109668.986468
2025-06-11 18:00:00+00:00,109102.76,109102.76,108515.975,108903.42,0.04528252,30.0,108918.509243
2025-06-11 19:00:00+00:00,108837.8615,109000.59,108636.01,108816.965,0.018728133,94.0,108808.669784
2025-06-11 20:00:00+00:00,108752.11,109073.93,108544.15,108937.577,0.004195553,6.0,108976.924101
2025-06-11 21:00:00+00:00,108976.495,109254.99,108505.584,108569.925,0.001814851,7.0,108963.475003
2025-06-11 22:00:00+00:00,108536.666,108688.89,108120.5825,108459.6715,0.362200516,17.0,108294.940251
2025-06-11 23:00:00+00:00,108399.6,108727.1965,108390.724,108722.041,4.6e-05,1.0,108399.6
2025-06-12 00:00:00+00:00,108659.5615,108790.84,108425.414,108727.5075,0.045474481,11.0,108550.325313
2025-06-12 01:00:00+00:00,108669.198,108695.775,108323.1095,108555.0905,0.00099612,8.0,108519.642194
2025-06-12 02:00:00+00:00,108585.985,108754.3,108395.6985,108395.6985,0.013890112,13.0,108658.162295
2025-06-12 03:00:00+00:00,108466.39,108515.4,107751.6405,107924.325,0.020110384,20.0,107991.628392
2025-06-12 04:00:00+00:00,107913.7,107942.8655,107413.273280788,107771.645,0.006785272,11.0,107557.182019
2025-06-12 05:00:00+00:00,107726.27,107943.2385,107638.95,107750.45,4.6e-05,1.0,107851.362
2025-06-12 06:00:00+00:00,107824.3115,108027.82,107672.259,107939.03,0.070926843,9.0,107895.537897
2025-06-12 07:00:00+00:00,107976.32,107976.32,107465.48,107651.989,0.019710546,9.0,107739.814096
2025-06-12 08:00:00+00:00,107723.639,107864.8195,107407.01,107773.2145,0.011318561,7.0,107694.953995
2025-06-12 09:00:00+00:00,107734.68,107735.23,107515.8995,107543.85,0.00051244,2.0,107693.396848
2025-06-12 10:00:00+00:00,107453.585280788,107464.931280788,107253.5695,107329.935,0.058429711,4.0,107387.100219
2025-06-12 11:00:00+00:00,107371.1,107371.1,106886.25,106930.1655,0.025578045,12.0,106951.755869
2025-06-12 12:00:00+00:00,106993.71,107440.7,106905.6435,106997.4105,0.054564344,19.0,107226.697506
2025-06-12 13:00:00+00:00,107065.845,107198.4495,106595.07,107052.959,0.126779509,10.0,106803.743952
2025-06-12 14:00:00+00:00,107104.2575,107758.907,107104.2575,107617.971,0.018522365,6.0,107504.323497
2025-06-12 15:00:00+00:00,107699.4455,107803.74,106934.95,107054.308,0.335020174,9.0,107374.530295
2025-06-12 16:00:00+00:00,106996.466,107807.662,106927.782,107771.48,0.042135324,16.0,107582.145306
2025-06-12 17:00:00+00:00,107835.75,108483.3,107771.48,108308.003,0.065977166,11.0,108138.117711
2025-06-12 18:00:00+00:00,108333.4345,108432.381,107327.7035,107603.38,0.019107297,18.0,108086.895593
2025-06-12 19:00:00+00:00,107670.8,107936.585,106726.96,106852.229,0.028096496,18.0,107416.964453
2025-06-12 20:00:00+00:00,106902.95,107001.62,105836.725,106038.075,0.042276132,8.0,106147.907641
2025-06-12 21:00:00+00:00,106123.38,106436.648,105894.55,105943.014,0.019260139,9.0,106119.745769
2025-06-12 22:00:00+00:00,105998.8105,106264.52,105804.269,105927.5945,0.001869272,8.0,106161.681075
2025-06-12 23:00:00+00:00,105972.8435,106181.1,105744.68,105744.68,0.016057381,2.0,106179.074729
2025-06-13 00:00:00+00:00,105686.0445,105726.2595,103351.235,103869.2775,0.222817586,38.0,104965.619926
2025-06-13 01:00:00+00:00,103806.5195,103921.403,102813.77,103809.725,0.042332113,17.0,103103.125474
2025-06-13 02:00:00+00:00,103746.2,104065.6,103156.104,103716.06,1.341922157,30.0,103819.294611
2025-06-13 03:00:00+00:00,103786.5,104669.91,103626.61,104331.8,0.078290416,11.0,104275.975702
2025-06-13 04:00:00+00:00,104363.245,104646.89,103866.855,104480.1055,0.395482577,8.0,104211.006408
2025-06-13 05:00:00+00:00,104427.235,104556.041,104081.4685,104081.4685,0.013104448,11.0,104460.821589
2025-06-13 06:00:00+00:00,104165.337,104803.725,103921.12,104803.725,0.003503806,16.0,104154.184311
2025-06-13 07:00:00+00:00,104747.115,105013.95,104436.7015,104955.0,0.077814762,10.0,104592.393759
2025-06-13 08:00:00+00:00,105007.565,105468.835,104766.145,104833.0495,0.046340373,14.0,105139.786948
2025-06-13 09:00:00+00:00,104760.6605,104967.0625,104569.985,104877.8125,0.090190091,12.0,104779.618872
2025-06-13 10:00:00+00:00,104818.6,104916.5855,104498.438,104916.5855,0.045259748,6.0,104837.599807
2025-06-13 11:00:00+00:00,104876.65,105092.0065,104677.76,105061.0105,0.07793628,14.0,104805.571654
2025-06-13 12:00:00+00:00,105115.955,105328.35,104922.0755,104922.0755,0.094324355,5.0,105208.020758
2025-06-13 13:00:00+00:00,105008.341,105379.01,104714.727,104780.6,0.025281372,15.0,104952.125133
2025-06-13 14:00:00+00:00,104832.8,105072.1,104179.645,105072.1,0.190385096,17.0,104693.631037
2025-06-13 15:00:00+00:00,105121.645,105786.625,104922.7295,105486.6005,0.0670629,11.0,105601.49352
2025-06-13 16:00:00+00:00,105438.23,106022.6905,105392.349,105854.42,0.020954415,9.0,105578.260074
2025-06-13 17:00:00+00:00,105754.124,105759.65,104950.1,105460.01,0.024551214,7.0,105281.787015
2025-06-13 18:00:00+00:00,105500.887,105500.887,104666.658,105256.578,0.306192533,7.0,105164.445378
2025-06-13 19:00:00+00:00,105189.456,105458.51,104967.15,105139.651,0.08607283,138.0,105132.207344
2025-06-13 20:00:00+00:00,105221.9625,105595.01,105108.985,105497.79,0.033388598,5.0,105444.512287
2025-06-13 21:00:00+00:00,105417.73,105828.9,105373.3225,105677.4955,0.009070936,7.0,105442.546528
2025-06-13 22:00:00+00:00,105704.5205,105904.345,105601.506,105830.635,0.001575652,7.0,105746.486476
2025-06-13 23:00:00+00:00,105811.0485,106231.3,105811.0485,106137.0,0.0,0.0,105811.0485
2025-06-14 00:00:00+00:00,106201.4,106241.2435,105773.7,105867.184,0.022864211,16.0,106079.543673
2025-06-14 01:00:00+00:00,105808.855,105808.855,105435.07,105528.9,0.102173185,20.0,105443.446549
2025-06-14 02:00:00+00:00,105475.96,105717.082,105394.95,105428.245,0.004375948,16.0,105531.52605
2025-06-14 03:00:00+00:00,105375.325,105565.224,105269.53,105283.23,0.00418153,39.0,105413.933859
2025-06-14 04:00:00+00:00,105368.28,105480.649,105262.997,105414.265,0.003685106,6.0,105420.286909
2025-06-14 05:00:00+00:00,105383.445,105523.87,105259.05,105379.558,0.006364234,10.0,105435.621638
2025-06-14 06:00:00+00:00,105439.632,105455.81,105163.14,105170.992,0.026947766,16.0,105316.139943
2025-06-14 07:00:00+00:00,105160.2395,105213.3,104888.2425,105150.805,0.145846292,8.0,105159.465575
2025-06-14 08:00:00+00:00,105161.4765,105258.2,104893.68,105172.504,0.009278236,4.0,105255.693134
2025-06-14 09:00:00+00:00,105168.282,105168.282,104928.0715,104930.435,0.00027558,1.0,105125.8
2025-06-14 10:00:00+00:00,104978.3985,105159.85,104927.85,105067.5545,0.002646498,2.0,105046.959373
2025-06-14 11:00:00+00:00,105127.7,105173.86,105002.62,105173.86,0.014635529,3.0,105105.874083
2025-06-14 12:00:00+00:00,105084.95,105139.6,104800.0,105091.825,0.009315783,3.0,105136.23567
2025-06-14 13:00:00+00:00,105145.57,105170.1,104969.43,105094.0785,0.010470075,2.0,105169.397999
2025-06-14 14:00:00+00:00,105097.1215,105170.0,104867.1,104971.78,0.008096324,20.0,105006.152272
2025-06-14 15:00:00+00:00,105011.795,105038.4575,104737.7485,104892.15,0.028412298,8.0,105030.199182
2025-06-14 16:00:00+00:00,104859.441,104974.807,104399.5,104521.645,0.011933629,38.0,104596.910715
2025-06-14 17:00:00+00:00,104574.8,104784.13,104467.614,104654.01,0.003799831,8.0,104571.394543
2025-06-14 18:00:00+00:00,104691.735,105024.395,104364.69,104929.6755,0.017379955,7.0,104881.330471
2025-06-14 19:00:00+00:00,104872.451,105086.5,104675.4,104680.561,0.044905829,52.0,104883.584107
2025-06-14 20:00:00+00:00,104741.1855,105077.3,104396.765,104956.38,0.026127038,8.0,104886.202626
2025-06-14 21:00:00+00:00,104993.789,105496.155,104986.195,105358.5465,0.004964402,1.0,105057.838
2025-06-14 22:00:00+00:00,105454.45,105530.6,105344.25,105432.55,0.000204944,5.0,105480.828043
2025-06-14 23:00:00+00:00,105515.0,106500.0,102955.66502463,105484.61,0.014728871,175.0,105300.541299
2025-06-15 00:00:00+00:00,105537.9,105709.9025,105323.934,105709.9025,0.000541253,5.0,105500.472987
2025-06-15 01:00:00+00:00,105765.5,105791.774,105423.95,105474.152,0.004748098,41.0,105526.780089
2025-06-15 02:00:00+00:00,105558.661,105769.54,105473.22,105537.697,0.008830126,90.0,105611.954772
2025-06-15 03:00:00+00:00,105583.3,105656.3,105482.1,105518.665,0.002933444,29.0,105550.781355
2025-06-15 04:00:00+00:00,105448.78,105719.551,105448.78,105608.445,0.00878932,55.0,105557.658235
2025-06-15 05:00:00+00:00,105696.98,106145.1285,105520.032,106145.1285,0.015769974,135.0,105821.95062
2025-06-15 06:00:00+00:00,106191.25,106263.7,105275.123152709,105514.5505,0.051209704,110.0,105725.253825
2025-06-15 07:00:00+00:00,105605.617,105618.57,105278.977,105468.6315,0.008434509,40.0,105425.079848
2025-06-15 08:00:00+00:00,105531.533,105603.374,105153.636,105216.64,0.070546481,62.0,105244.423208
2025-06-15 09:00:00+00:00,105169.0,105285.95,104896.279,104976.9285,0.009133384,57.0,104985.788993
2025-06-15 10:00:00+00:00,105043.62,105271.08,104976.9285,105156.86,0.008631275,54.0,105102.85243
2025-06-15 11:00:00+00:00,105224.0,105250.681,104926.427,105009.021,0.009558243,73.0,105082.469133
2025-06-15 12:00:00+00:00,105066.3,105405.22,105007.645,105343.3945,0.008279355,83.0,105197.674976
2025-06-15 13:00:00+00:00,105434.87,105796.505,105254.295,105556.5025,0.197141633,145.0,105372.168986
2025-06-15 14:00:00+00:00,105626.45,105921.381,105351.81,105721.284,0.059676362,171.0,105549.557422
2025-06-15 15:00:00+00:00,105789.218,105886.1,105584.8,105611.285,0.019125268,100.0,105728.00822
2025-06-15 16:00:00+00:00,105701.7,105757.86,105352.3,105616.805,0.008519156,27.0,105474.336101
2025-06-15 17:00:00+00:00,105560.3895,105895.3,105512.9,105727.455,0.009812951,46.0,105612.667282
2025-06-15 18:00:00+00:00,105673.47,107000.0,104050.246305418,105538.164,0.020554086,98.0,105588.267847
2025-06-15 19:00:00+00:00,105566.7795,105678.1,105155.1845,105342.875,0.021265465,47.0,105363.029916
2025-06-15 20:00:00+00:00,105270.865,105334.2,104657.1025,104729.911,0.002842254,27.0,104878.771849
2025-06-15 21:00:00+00:00,104660.7,104929.7,104517.5,104832.675,0.015026488,37.0,104678.900791
2025-06-15 22:00:00+00:00,104785.956,105355.7,104785.956,105291.33,0.002331606,22.0,105238.73166
2025-06-15 23:00:00+00:00,105332.925,105698.32,105214.805,105613.487,0.012072788,75.0,105561.060775
2025-06-16 00:00:00+00:00,105676.684,105773.78,105387.4425,105458.4845,0.011507405,17.0,105537.927252
2025-06-16 01:00:00+00:00,105515.7,105911.828,105035.0,105820.8525,0.006601079,17.0,105132.507362
2025-06-16 02:00:00+00:00,105854.51,106000.1765,105680.68,105824.672,0.018331211,33.0,105895.346885
2025-06-16 03:00:00+00:00,105807.265,106073.21,105752.35,105962.71,0.048406803,60.0,105895.966497
2025-06-16 04:00:00+00:00,106043.22,106415.54,105874.5,106403.245,0.028701216,130.0,106174.277884
2025-06-16 05:00:00+00:00,106435.451,106819.2,104917.24,106584.1455,0.006004559,72.0,106553.089313
2025-06-16 06:00:00+00:00,106642.37,106845.37,106527.13,106588.661,0.005364174,32.0,106739.235076
2025-06-16 07:00:00+00:00,106546.05,107350.32,106546.05,107034.991,0.016531806,68.0,107029.167982
2025-06-16 08:00:00+00:00,107113.1265,107303.86,106941.91,107209.1585,0.097435028,48.0,107073.23172
2025-06-16 09:00:00+00:00,107275.4,107282.13,106937.0905,106983.3035,0.005297579,66.0,107079.382366
2025-06-16 10:00:00+00:00,107064.216,107282.3,106782.8535,106826.0,0.131881237,70.0,107028.913453
2025-06-16 11:00:00+00:00,106773.7195,107046.5,106597.673,106918.25,0.009562275,37.0,106813.489146
2025-06-16 12:00:00+00:00,106817.95,106913.14,106618.525,106704.23,0.002078937,21.0,106758.487965
2025-06-16 13:00:00+00:00,106777.8545,107188.3,106442.7,107178.988,0.083646531,42.0,106659.339085
2025-06-16 14:00:00+00:00,107243.38,107876.5,106817.43,107562.55,0.507739353,150.0,107696.452999
2025-06-16 15:00:00+00:00,107620.8,107847.1,107333.945,107480.725,0.071142151,65.0,107621.81988
2025-06-16 16:00:00+00:00,107534.12,107961.952,107318.7,107859.04,0.079613914,68.0,107684.108866
2025-06-16 17:00:00+00:00,107786.5,108000.0,107668.0,107789.742,0.015433035,68.0,107813.56554
2025-06-16 18:00:00+00:00,107875.7,108349.0005,107688.5,108349.0005,0.029076578,61.0,107982.191401
2025-06-16 19:00:00+00:00,108269.2,108869.0,108269.2,108660.76,0.402195223,148.0,108612.487002
2025-06-16 20:00:00+00:00,108748.5,108869.0,108477.944,108785.575,0.009410369,21.0,108659.380223
2025-06-16 21:00:00+00:00,108856.85,108856.85,108375.4335,108535.3395,0.182777393,12.0,108785.438437
2025-06-16 22:00:00+00:00,108614.66,108974.225,107526.2105,107753.669,0.352229049,20.0,107898.455588
2025-06-16 23:00:00+00:00,107810.778,108033.21,106766.9335,106809.205,0.037566152,12.0,107799.319638
2025-06-17 00:00:00+00:00,106875.425,107295.432,106205.265,107295.432,0.027434298,10.0,106752.225093
2025-06-17 01:00:00+00:00,107326.865,107422.25,106991.4155,107199.76,0.000920562,3.0,107327.783907
2025-06-17 02:00:00+00:00,107259.7565,107609.4715,106640.991,107521.811,0.011463002,6.0,106837.567926
2025-06-17 03:00:00+00:00,107463.961,107762.8,107400.335,107607.2845,0.018313747,4.0,107682.656151
2025-06-17 04:00:00+00:00,107688.2845,107752.539,107351.4245,107351.4245,0.000706294,6.0,107625.762491
2025-06-17 05:00:00+00:00,107355.9235,107459.06,107067.1885,107147.306,0.001185085,7.0,107261.363369
2025-06-17 06:00:00+00:00,107085.712,107306.5,106813.73,106852.899,0.019435137,12.0,107011.485494
2025-06-17 07:00:00+00:00,106794.358,106944.4,106563.308,106851.135,0.005141711,17.0,106776.826214
2025-06-17 08:00:00+00:00,106768.6425,106867.97,106544.9155,106580.595,0.002943143,17.0,106739.362552
2025-06-17 09:00:00+00:00,106657.1,106688.38,106131.521,106195.3385,0.017020846,13.0,106612.626881
2025-06-17 10:00:00+00:00,106275.177,106306.198,105768.15,105970.2325,0.023858811,14.0,105885.326784
2025-06-17 11:00:00+00:00,105925.605,106008.81,105531.1825,105652.48,0.021553447,16.0,105722.566278
2025-06-17 12:00:00+00:00,105720.06,105937.7,105546.285,105546.285,0.084980035,12.0,105919.758154
2025-06-17 13:00:00+00:00,105612.17,105748.3245,105220.55,105383.6025,0.011046829,13.0,105485.648048
2025-06-17 14:00:00+00:00,105398.325,105717.338,104827.552,104827.552,0.03943248,15.0,105386.716172
2025-06-17 15:00:00+00:00,104882.75,104969.99,104148.4,104253.75,1.595606041,31.0,104398.343531
2025-06-17 16:00:00+00:00,104338.9,104508.259,103526.4,103649.1325,0.031498408,24.0,104048.692459
2025-06-17 17:00:00+00:00,103558.365,104217.9,103464.647931034,103870.5865,0.021781271,15.0,103877.986488
2025-06-17 18:00:00+00:00,103937.6,104503.66,103629.12,104436.7,0.033992918,10.0,103767.513864
2025-06-17 19:00:00+00:00,104475.4645,105349.0575,104380.2,104711.3175,0.051825676,73.0,105083.32496
2025-06-17 20:00:00+00:00,104778.735,104892.747,104302.85,104405.9,0.019346674,8.0,104652.779677
2025-06-17 21:00:00+00:00,104462.99,104847.435,104324.367,104626.411,0.039930365,2.0,104401.986277
2025-06-17 22:00:00+00:00,104552.112,104770.04,104242.175,104310.9,0.051643004,5.0,104661.72276
2025-06-17 23:00:00+00:00,104394.8,104719.45,104289.585,104604.7655,0.009714071,3.0,104563.29637
2025-06-18 00:00:00+00:00,104679.2,104865.576,104411.0535,104865.576,0.000626358,4.0,104700.100969
2025-06-18 01:00:00+00:00,104938.915,105166.8435,104663.0,104822.835,0.018114057,8.0,104816.583
2025-06-18 02:00:00+00:00,104776.99,105091.3,104713.49,104932.9125,0.005927577,3.0,105012.884478
2025-06-18 03:00:00+00:00,104971.419,105297.941,104920.1615,105221.005,0.008024508,4.0,105063.180983
2025-06-18 04:00:00+00:00,105145.4,105486.316,105145.4,105449.175,0.008691515,6.0,105186.375208
2025-06-18 05:00:00+00:00,105485.2,105615.644,105395.76,105438.35,0.060579425,8.0,105510.615299
2025-06-18 06:00:00+00:00,105393.75,105586.85,104933.952,105016.575,0.004680336,7.0,105338.829544
2025-06-18 07:00:00+00:00,104927.85,105098.7,104775.97,104997.595,0.020676831,6.0,105041.848264
2025-06-18 08:00:00+00:00,105048.82,105331.38,104795.85,104981.44,0.00023816,1.0,105089.798
2025-06-18 09:00:00+00:00,105039.501,105156.65,104576.467,104755.8,0.022971771,8.0,104598.337032
2025-06-18 10:00:00+00:00,104816.8,104816.8,104223.655,104315.525,0.030366698,8.0,104594.789789
2025-06-18 11:00:00+00:00,104382.5,104869.1035,104232.8695,104868.267,0.000954566,2.0,104405.395356
2025-06-18 12:00:00+00:00,104803.9555,104917.6925,104498.37,104543.321,0.027548722,6.0,104584.0249
2025-06-18 13:00:00+00:00,104492.25,104492.25,103856.88,104471.75,0.042963245,17.0,104044.56407
2025-06-18 14:00:00+00:00,104402.1265,105381.629,104260.905,104676.22,0.6203632,19.0,104932.512185
2025-06-18 15:00:00+00:00,104585.8,105028.574,104144.99,104841.54,0.038363463,10.0,104603.788958
2025-06-18 16:00:00+00:00,104805.1765,104946.0,104356.709,104478.0655,0.033605324,10.0,104853.671995
2025-06-18 17:00:00+00:00,104414.55,104531.121,103632.35,104354.055,0.061119219,7.0,104026.676744
2025-06-18 18:00:00+00:00,104374.8105,104743.82,103636.3545,103686.63,0.035283962,5.0,104590.574948
2025-06-18 19:00:00+00:00,103641.843,104473.43,103519.1155,103854.2565,0.324517429,38.0,103959.329551
2025-06-18 20:00:00+00:00,103871.5945,105012.05,103695.99,104801.101,0.0,0.0,103871.5945
2025-06-18 21:00:00+00:00,104756.695,105187.4,104458.0945,105124.181,0.003246662,6.0,105008.761549
2025-06-18 22:00:00+00:00,105190.6,105190.6,104833.4235,104833.4235,0.013405961,6.0,105182.976142
2025-06-18 23:00:00+00:00,104907.6765,105004.162,104725.271,104932.615,6.4482e-05,1.0,104907.398
2025-06-19 00:00:00+00:00,104965.18,105258.425,104683.338,105006.375,0.014336911,5.0,104982.316083
2025-06-19 01:00:00+00:00,104958.8,104958.8,104553.606,104599.615,0.000590054,3.0,104672.121114
2025-06-19 02:00:00+00:00,104679.63,105033.0,104526.0445,104772.168,0.231649223,5.0,104666.104236
2025-06-19 03:00:00+00:00,104782.295,105146.0,104782.295,105146.0,0.0,0.0,104782.295
2025-06-19 04:00:00+00:00,105145.855,105145.855,104831.23,105115.19,9.0537e-05,1.0,104856.93
2025-06-19 05:00:00+00:00,105171.5,105208.617,104885.195,104885.195,0.000236989,3.0,105037.26382
2025-06-19 06:00:00+00:00,104921.345,104995.795,104644.2,104728.3995,0.077325539,6.0,104851.848858
2025-06-19 07:00:00+00:00,104805.55,104941.112,104649.2,104655.848,0.000658664,8.0,104853.132215
2025-06-19 08:00:00+00:00,104708.607,104970.588,104708.607,104789.44,0.017473661,2.0,104947.86075
2025-06-19 09:00:00+00:00,104743.7285,105065.783,104739.93,105016.235,0.02446328,11.0,104858.197086
2025-06-19 10:00:00+00:00,105074.03,105158.21,104935.87,104963.425,0.042112118,4.0,105128.905818
2025-06-19 11:00:00+00:00,104932.155,104983.0,104748.0,104789.3035,0.01359107,9.0,104957.144705
2025-06-19 12:00:00+00:00,104717.207,104921.53,104692.367,104755.484,0.050549463,6.0,104721.323987
2025-06-19 13:00:00+00:00,104850.48,104850.48,104298.8885,104314.8985,0.869123955,16.0,104586.459294
2025-06-19 14:00:00+00:00,104387.93,104692.981,104066.3,104171.103,0.164856194,17.0,104293.443843
2025-06-19 15:00:00+00:00,104237.68,104432.353,104147.25,104149.028,0.046276069,14.0,104276.973005
2025-06-19 16:00:00+00:00,104204.7955,104422.018,103959.355,104007.434,0.002868195,14.0,104310.019976
2025-06-19 17:00:00+00:00,103955.76,104842.385,103931.46,104560.693,0.001766675,7.0,104081.167648
2025-06-19 18:00:00+00:00,104610.11,104685.482,104247.75,104395.6,0.004852796,18.0,104498.724372
2025-06-19 19:00:00+00:00,104438.3325,104438.3325,104166.6,104248.945,0.02386304,34.0,104222.408008
2025-06-19 20:00:00+00:00,104323.6755,104445.4525,104188.11,104269.9,0.000564629,5.0,104307.266596
2025-06-19 21:00:00+00:00,104342.4555,104440.75,104278.0495,104342.375,0.0,0.0,104342.4555
2025-06-19 22:00:00+00:00,104419.2995,104723.8,104419.2995,104654.399,0.221365942,7.0,104500.993277
2025-06-19 23:00:00+00:00,104586.28,104867.54,104529.054,104736.936,0.000869532,7.0,104708.692868
2025-06-20 00:00:00+00:00,104821.04,104823.83,104589.2,104739.7005,0.036339756,10.0,104815.231815
2025-06-20 01:00:00+00:00,104688.287,104821.63,104380.376,104780.425,0.037779238,12.0,104679.899867
2025-06-20 02:00:00+00:00,104738.9635,104818.304,104530.208,104629.47,0.001220393,9.0,104674.469298
2025-06-20 03:00:00+00:00,104589.72,104716.74,104533.64,104633.896,0.001630148,5.0,104572.349933
2025-06-20 04:00:00+00:00,104719.644,104719.644,104246.39,104278.1925,0.004817514,19.0,104528.731551
2025-06-20 05:00:00+00:00,104341.09,104606.2605,104297.725,104606.2605,0.005612771,10.0,104352.890233
2025-06-20 06:00:00+00:00,104529.221,104806.398,104529.221,104743.96,0.036054605,6.0,104538.186801
2025-06-20 07:00:00+00:00,104686.2095,105846.8,104658.55,105840.455,0.020645886,90.0,105490.560477
2025-06-20 08:00:00+00:00,105777.1,106558.345,105757.78,105980.985,0.037804544,33.0,106116.914604
2025-06-20 09:00:00+00:00,105953.6,106084.216,105809.975,105953.45,0.010038605,7.0,106042.933613
2025-06-20 10:00:00+00:00,106025.7,106163.3,105884.53,105990.03,0.003979128,11.0,105906.233157
2025-06-20 11:00:00+00:00,106080.7,106108.28,105847.298,106013.111,0.126313413,8.0,105938.405743
2025-06-20 12:00:00+00:00,106057.565,106143.817,105925.3,106009.175,0.002741554,5.0,105959.42512
2025-06-20 13:00:00+00:00,106059.01,106160.2,105412.061,105687.9615,0.006550065,7.0,105781.919779
2025-06-20 14:00:00+00:00,105637.6765,105811.165,103914.455,103914.455,0.022247892,13.0,104939.101181
2025-06-20 15:00:00+00:00,104005.505,104594.962,103864.05,104280.14,0.055603776,14.0,104259.339908
2025-06-20 16:00:00+00:00,104345.08,104345.08,103649.9365,103649.9365,0.003997519,13.0,104158.25878
2025-06-20 17:00:00+00:00,103712.6,103733.45,102395.2,103280.0965,1.143204481,25.0,103201.420364
2025-06-20 18:00:00+00:00,103241.3,103425.2,103072.15,103191.481,0.049933289,15.0,103270.37328
2025-06-20 19:00:00+00:00,103109.362,103486.56,103039.645,103334.874,0.121478378,61.0,103339.360209
2025-06-20 20:00:00+00:00,103403.848,103820.1365,103334.874,103711.7,0.016025535,6.0,103770.152065
2025-06-20 21:00:00+00:00,103763.124,103763.124,103361.4555,103524.65,0.0094245,4.0,103632.148051
2025-06-20 22:00:00+00:00,103538.5055,103538.5055,102994.057,103113.815,0.000907821,6.0,103280.366888
2025-06-20 23:00:00+00:00,103118.8255,103357.6,102986.865,103337.2,0.02,1.0,103357.6
2025-06-21 00:00:00+00:00,103396.4,103396.4,103159.5,103283.5845,0.466982542,1.0,103396.4
2025-06-21 01:00:00+00:00,103256.05,103522.1735,103085.104,103521.62,0.021479424,1.0,103085.104
2025-06-21 02:00:00+00:00,103480.167,103542.5105,103450.334,103542.5105,0.0,0.0,103480.167
2025-06-21 03:00:00+00:00,103567.904,103705.1,103532.471,103532.471,0.003304915,3.0,103576.321601
2025-06-21 04:00:00+00:00,103482.2425,103508.1,103324.36,103373.815,0.025903295,7.0,103389.343025
2025-06-21 05:00:00+00:00,103445.71,103551.31,103371.6575,103492.578,0.030850985,4.0,103450.873502
2025-06-21 06:00:00+00:00,103564.056,103640.407,103367.235,103640.407,0.000398095,4.0,103464.916325
2025-06-21 07:00:00+00:00,103604.8615,103604.8615,103426.005,103451.06,0.000738084,3.0,103574.173952
2025-06-21 08:00:00+00:00,103523.47,103831.626,103472.2165,103831.626,0.000393038,4.0,103707.677208
2025-06-21 09:00:00+00:00,103776.085,103956.656,103686.141,103899.4,0.032981903,9.0,103784.917146
2025-06-21 10:00:00+00:00,103973.9,104101.0,103821.7535,103883.9185,0.019159611,8.0,103997.386242
2025-06-21 11:00:00+00:00,103850.419,103984.7,103769.3,103907.243,0.003917813,2.0,103983.303392
2025-06-21 12:00:00+00:00,103911.94,104045.57,103785.665,103839.065,0.020820146,9.0,103874.991751
2025-06-21 13:00:00+00:00,103848.1635,103971.7,103501.628,103613.625,0.002449915,7.0,103906.024165
2025-06-21 14:00:00+00:00,103558.9045,103767.3465,103419.236,103549.995,0.000956689,5.0,103536.600144
2025-06-21 15:00:00+00:00,103597.8,103692.005,103305.456,103628.8,0.002644343,12.0,103568.564715
2025-06-21 16:00:00+00:00,103569.505,103690.83,103519.23,103526.405,0.020784401,11.0,103683.623846
2025-06-21 17:00:00+00:00,103451.5,103651.29,103211.254,103225.805,0.003545577,28.0,103377.203125
2025-06-21 18:00:00+00:00,103279.81,103442.51,102694.035,102694.035,0.044204317,25.0,103024.964465
2025-06-21 19:00:00+00:00,102611.61,102811.2,102243.2271157635,102296.71,0.13648844,65.0,102583.144205
2025-06-21 20:00:00+00:00,102347.5,102890.55,102280.403,102806.18,0.108234545,15.0,102533.58713
2025-06-21 21:00:00+00:00,102843.305,102843.305,101153.648,101457.7795,0.186859898,24.0,101880.295013
2025-06-21 22:00:00+00:00,101498.06,102042.936,101462.7915,101849.065,0.007834875,10.0,101717.803417
2025-06-21 23:00:00+00:00,101916.75,102291.04,101033.0,102148.544,0.013008325,15.0,101481.667358
2025-06-22 00:00:00+00:00,102187.945,103385.5165,101908.155,102860.165,0.003710389,5.0,103075.461993
2025-06-22 01:00:00+00:00,102810.795,103069.696,102290.1,102379.267,0.040635689,7.0,102922.779046
2025-06-22 02:00:00+00:00,102446.746,102914.555,101964.4205,102410.501,0.000521925,5.0,102242.682447
2025-06-22 03:00:00+00:00,102479.837,102641.986,102157.275,102397.812,0.050286863,6.0,102211.00211
2025-06-22 04:00:00+00:00,102463.754,102828.691,102326.729,102619.2165,0.015303786,10.0,102569.427201
2025-06-22 05:00:00+00:00,102672.4715,102937.325,102654.465,102937.325,0.004846768,6.0,102880.477062
2025-06-22 06:00:00+00:00,102895.0435,102999.11,102748.644,102748.644,0.025404277,6.0,102919.768257
2025-06-22 07:00:00+00:00,102834.84,102834.84,102284.709,102472.585,0.007723095,5.0,102347.291288
2025-06-22 08:00:00+00:00,102524.493,102778.555,102351.5755,102714.7765,0.03942088,10.0,102632.290189
2025-06-22 09:00:00+00:00,102801.473,102838.84,102121.203,102248.863,0.032561192,12.0,102442.927516
2025-06-22 10:00:00+00:00,102187.894,102560.3,102187.894,102515.8,0.053536898,3.0,102399.923995
2025-06-22 11:00:00+00:00,102571.9645,102854.561,102562.82,102764.855,0.026115754,11.0,102611.098623
2025-06-22 12:00:00+00:00,102831.26,102837.0,102621.7,102818.5,0.001344253,12.0,102742.5483
2025-06-22 13:00:00+00:00,102778.36,102810.191,100324.585,100915.75,0.631546951,50.0,101091.951674
2025-06-22 14:00:00+00:00,100885.1835,101550.227832512,99109.2725,99668.9135,0.704641101,60.0,100066.209824
2025-06-22 15:00:00+00:00,99622.51,99890.61,99033.0,99043.5,0.261541115,43.0,99347.329923
2025-06-22 16:00:00+00:00,99033.0,99726.625,98718.9585,99726.625,0.124539075,42.0,99257.652265
2025-06-22 17:00:00+00:00,99791.4,100382.1165,99471.583,99545.499,0.09091766,38.0,99747.74503
2025-06-22 18:00:00+00:00,99612.5075,99844.987,99411.235,99489.125,0.031432705,9.0,99681.212002
2025-06-22 19:00:00+00:00,99430.72,99491.1375,98767.54,98901.43,0.031717603,143.0,99023.887078
2025-06-22 20:00:00+00:00,98951.385,99765.125,98262.963,99554.3585,0.344331555,26.0,98789.730181
2025-06-22 21:00:00+00:00,99594.1545,99694.7375,99058.16,99172.755,0.004960777,3.0,99345.54457
2025-06-22 22:00:00+00:00,99223.745,101028.81,99223.745,101028.81,0.255339622,54.0,100484.953617
2025-06-22 23:00:00+00:00,101096.92,101129.234,100703.197,101032.25,0.000525491,6.0,101009.888569
2025-06-23 00:00:00+00:00,100984.8,101670.0515,100563.005,100959.125,0.012673106,13.0,101264.343078
2025-06-23 01:00:00+00:00,100899.666,101241.34,100627.6455,101137.74,0.000136915,2.0,100963.522132
2025-06-23 02:00:00+00:00,101190.815,101417.81,100970.2,101356.3,0.000919248,3.0,101358.021651
2025-06-23 03:00:00+00:00,101303.3515,101417.214,101129.295,101215.8,0.023004762,6.0,101272.778212
2025-06-23 04:00:00+00:00,101130.4,101331.325,101084.55,101186.926,0.009054256,4.0,101224.798579
2025-06-23 05:00:00+00:00,101275.3,101937.762,101256.148,101832.84,0.017385087,12.0,101537.940681
2025-06-23 06:00:00+00:00,101909.72,102094.85,101717.7465,102006.795,0.549326778,13.0,101922.855724
2025-06-23 07:00:00+00:00,102080.99,102113.306,101799.9,101974.66,0.113993845,21.0,101908.072536
2025-06-23 08:00:00+00:00,101941.959,102108.507,101802.0715,101897.491,0.003677842,5.0,102024.361719
2025-06-23 09:00:00+00:00,101876.107,101876.107,101430.2,101579.0995,0.108663003,8.0,101696.810136
2025-06-23 10:00:00+00:00,101521.51,101576.43,101243.031,101503.8835,0.014485571,5.0,101481.21639
2025-06-23 11:00:00+00:00,101570.78,101587.495,101173.925,101340.9445,0.016074539,7.0,101340.61112
2025-06-23 12:00:00+00:00,101303.35,101708.8235,101172.131,101708.8235,0.011206461,11.0,101288.148139
2025-06-23 13:00:00+00:00,101646.88,102510.251,100921.71,102409.255,0.010375978,22.0,101669.948804
2025-06-23 14:00:00+00:00,102484.1205,102617.809,101547.1955,101707.9405,0.144614095,33.0,102033.905366
2025-06-23 15:00:00+00:00,101728.7975,102106.13,101358.21,101485.355,0.100331744,19.0,101968.723662
2025-06-23 16:00:00+00:00,101554.7,101554.7,99688.796,100742.1465,0.5895826,51.0,100398.700837
2025-06-23 17:00:00+00:00,100667.234,102733.265,100473.196,102605.33,0.092060329,33.0,102254.692951
2025-06-23 18:00:00+00:00,102674.2,103367.0,102483.141,102973.5,0.479266228,26.0,103047.604809
2025-06-23 19:00:00+00:00,102960.1,103353.0,102703.216,103313.39,0.537715079,134.0,102959.412116
2025-06-23 20:00:00+00:00,103321.78,104019.468,102979.8,103818.1,0.023611928,25.0,103705.962721
2025-06-23 21:00:00+00:00,103876.2705,104256.29,103705.275,103820.1875,0.000677824,9.0,103861.924508
2025-06-23 22:00:00+00:00,103903.3,106152.07,103750.155,105649.279,0.174226214,42.0,105391.999424
2025-06-23 23:00:00+00:00,105688.994,105735.29,105202.295,105475.97,0.001841844,7.0,105368.998743
2025-06-24 00:00:00+00:00,105441.77,105565.59,105082.855,105164.0215,0.006186038,16.0,105467.762631
2025-06-24 01:00:00+00:00,105219.193,105542.8355,105072.5,105542.8355,0.000236935,3.0,105223.552846
2025-06-24 02:00:00+00:00,105482.35,105482.35,104831.55,104860.1,0.149967734,11.0,105037.159456
2025-06-24 03:00:00+00:00,104792.425,105216.4,104792.425,105023.297,0.001083632,5.0,105114.635777
2025-06-24 04:00:00+00:00,105033.36,105090.12,104798.825,104900.0,0.005909125,4.0,105031.823437
2025-06-24 05:00:00+00:00,104957.8325,105477.429,104957.8325,105477.429,0.529137733,5.0,105110.236945
2025-06-24 06:00:00+00:00,105557.2,105859.099,105331.153,105770.845,0.686131815,5.0,105597.229799
2025-06-24 07:00:00+00:00,105674.85,105839.062,104976.45,105049.09,0.014172851,7.0,105745.171238
2025-06-24 08:00:00+00:00,105107.184,105240.1,104689.945,105087.035,0.006663102,5.0,105187.038297
2025-06-24 09:00:00+00:00,105133.345,105632.75,105097.072,105243.8,0.002652367,4.0,105424.224553
2025-06-24 10:00:00+00:00,105313.07,105409.365,105180.5,105357.7755,0.00010681,1.0,105257.96
2025-06-24 11:00:00+00:00,105418.3505,105506.045,105057.6355,105243.665,0.000961211,2.0,105488.68096
2025-06-24 12:00:00+00:00,105267.85,105371.3,105026.06,105265.64,0.000141391,1.0,105026.06
2025-06-24 13:00:00+00:00,105354.024,105431.0175,104843.1,105103.7425,0.022272028,29.0,105148.416411
2025-06-24 14:00:00+00:00,105149.78,105727.81,104997.426,105557.5425,0.033286716,9.0,105335.692364
2025-06-24 15:00:00+00:00,105623.3275,105885.48,105201.832,105310.676,0.032638986,10.0,105585.543263
2025-06-24 16:00:00+00:00,105367.761,106282.716,105251.8,106282.716,0.127666758,30.0,105519.84761
2025-06-24 17:00:00+00:00,106251.783,106370.188,105657.016,106105.7715,0.00454583,18.0,106059.563615
2025-06-24 18:00:00+00:00,106174.48,106174.685,105633.0705,105633.0705,0.008234689,5.0,105983.603401
2025-06-24 19:00:00+00:00,105574.512,105721.4895,105295.1,105699.2745,0.073675031,96.0,105486.056511
2025-06-24 20:00:00+00:00,105634.995,106119.1,105539.3775,106119.1,0.005317271,12.0,105810.393161
2025-06-24 21:00:00+00:00,106150.0,106150.0,105778.02,106062.0,0.002994176,11.0,106141.871599
2025-06-24 22:00:00+00:00,106133.6,106133.6,105838.679,106034.2,0.00465234,11.0,105907.369487
2025-06-24 23:00:00+00:00,106102.8,106150.0,105837.8,106087.818,0.003479594,9.0,105940.486744
2025-06-25 00:00:00+00:00,106135.3,106519.07,105874.519,106396.05,1.004050634,30.0,106150.154386
2025-06-25 01:00:00+00:00,106405.2,106630.805,106072.0,106429.346,0.007374059,7.0,106376.753553
2025-06-25 02:00:00+00:00,106513.0,106924.95,106353.06,106549.202,0.00759425,20.0,106664.519083
2025-06-25 03:00:00+00:00,106592.408,106650.2555,106236.0,106307.0335,0.009235771,4.0,106510.929116
2025-06-25 04:00:00+00:00,106371.826,106430.092,106070.445,106291.28,0.013582146,4.0,106161.11704
2025-06-25 05:00:00+00:00,106215.7775,106516.75,106063.9,106289.78,0.000872018,6.0,106368.911711
2025-06-25 06:00:00+00:00,106342.075,106583.81,106240.4635,106457.95,0.017364185,4.0,106541.432103
2025-06-25 07:00:00+00:00,106515.3,106764.727,106398.355,106651.157,0.006599355,6.0,106652.22507
2025-06-25 08:00:00+00:00,106722.4,106754.617,106416.085,106691.5,0.001123559,6.0,106700.898805
2025-06-25 09:00:00+00:00,106749.9,106989.74,106570.719,106668.9,0.00212801,13.0,106895.975085
2025-06-25 10:00:00+00:00,106736.3,107151.3745,106644.3635,107112.8315,0.001291417,10.0,107020.496926
2025-06-25 11:00:00+00:00,107151.0,107328.7,106961.6605,107255.97,0.758701192,11.0,107151.009366
2025-06-25 12:00:00+00:00,107314.9,107314.9,106981.965,107253.933,0.012289642,8.0,107182.352492
2025-06-25 13:00:00+00:00,107253.933,108182.58,107182.3,108010.7225,0.22227344,64.0,107930.093744
2025-06-25 14:00:00+00:00,107971.69,108189.085,107307.353,107691.495,0.031891565,19.0,107936.175441
2025-06-25 15:00:00+00:00,107755.6,107755.6,106837.5815,107067.5265,0.023795157,25.0,107195.715076
2025-06-25 16:00:00+00:00,107129.7175,107567.86,107071.127,107194.1975,0.017440963,20.0,107281.24466
2025-06-25 17:00:00+00:00,107114.765,107569.4395,106992.8,107492.265,0.046034002,10.0,107325.84574
2025-06-25 18:00:00+00:00,107438.0775,107606.7,107239.725,107436.8,0.347252832,7.0,107426.773907
2025-06-25 19:00:00+00:00,107477.91,107964.495,107477.69,107780.86,0.262160194,101.0,107762.554013
2025-06-25 20:00:00+00:00,107743.3275,108005.314,107572.4,107848.055,0.015375161,16.0,107710.116367
2025-06-25 21:00:00+00:00,107922.7,108145.22,107493.3775,107634.8395,0.056018648,17.0,107652.270668
2025-06-25 22:00:00+00:00,107592.955,107592.955,107291.474,107359.75,0.000470396,2.0,107388.818979
2025-06-25 23:00:00+00:00,107294.2,107443.285,107193.67,107440.83,0.00148855,2.0,107296.125151
2025-06-26 00:00:00+00:00,107496.6575,107641.9,107340.4025,107340.4025,6.0949e-05,1.0,107577.8
2025-06-26 01:00:00+00:00,107297.81,107957.2885,107194.294,107661.183,4.5569e-05,1.0,107571.861
2025-06-26 02:00:00+00:00,107601.35,108071.7,107601.35,108002.223,0.062755119,8.0,107731.729121
2025-06-26 03:00:00+00:00,108060.237,108324.4905,107783.13,107935.35,0.429244743,4.0,107783.281387
2025-06-26 04:00:00+00:00,107999.4,108036.595,107783.96,107913.75,0.005055921,5.0,107959.186523
2025-06-26 05:00:00+00:00,107827.975,107872.62,107509.533,107668.61,0.102254997,9.0,107669.357577
2025-06-26 06:00:00+00:00,107639.5255,107889.26,107639.5255,107820.0955,0.006015992,6.0,107827.865309
2025-06-26 07:00:00+00:00,107908.0,108157.729,107829.75,107878.535,0.039624711,17.0,108004.206054
2025-06-26 08:00:00+00:00,107940.57,108197.291,107782.25,107832.62,0.04787866,14.0,108049.466037
2025-06-26 09:00:00+00:00,107791.84,107823.5745,107318.6,107415.54,0.020332576,11.0,107459.154032
2025-06-26 10:00:00+00:00,107344.2205,107588.33,107246.859,107456.157,0.005817927,14.0,107432.918995
2025-06-26 11:00:00+00:00,107381.4,107498.9,107160.6,107378.925,0.01372829,21.0,107268.612323
2025-06-26 12:00:00+00:00,107446.443,107446.443,107120.6745,107231.716,0.035576643,18.0,107144.968359
2025-06-26 13:00:00+00:00,107164.6065,107394.24,106791.13,107030.779,0.023247531,26.0,107075.007352
2025-06-26 14:00:00+00:00,106954.681,107815.55,106941.0,107486.8415,0.014073459,28.0,107011.342685
2025-06-26 15:00:00+00:00,107560.685,107584.159,106670.435,107353.714,0.027323328,15.0,107280.025463
2025-06-26 16:00:00+00:00,107443.8315,107529.65,107037.1,107214.925,0.006246733,26.0,107293.043791
2025-06-26 17:00:00+00:00,107264.25,107506.44,107183.847,107258.133,0.038956213,19.0,107304.577245
2025-06-26 18:00:00+00:00,107218.23,107695.3,107218.23,107419.65,0.012441674,15.0,107362.646483
2025-06-26 19:00:00+00:00,107366.0,107758.1,107351.8,107575.415,0.106248944,75.0,107432.258633
2025-06-26 20:00:00+00:00,107541.925,108119.2,107530.84,107808.359,0.000784323,11.0,107875.900748
2025-06-26 21:00:00+00:00,107878.641,107878.641,106883.3495,107081.09,0.005668965,37.0,107121.119223
2025-06-26 22:00:00+00:00,107014.186,107315.698,106980.24,107029.88,0.005831133,23.0,107119.008282
2025-06-26 23:00:00+00:00,106985.202,107088.3975,106917.093,106999.4935,0.000847096,8.0,107039.722904
2025-06-27 00:00:00+00:00,107062.1135,107298.6,106696.124,106718.74,0.002778307,10.0,107082.797791
2025-06-27 01:00:00+00:00,106695.467,107227.208,106513.485,107174.868,0.005548902,8.0,107077.555763
2025-06-27 02:00:00+00:00,107133.58,107429.8,107133.58,107292.85,0.002309779,3.0,107412.675019
2025-06-27 03:00:00+00:00,107365.0,107540.0315,107224.6995,107529.396,0.000232554,2.0,107332.780149
2025-06-27 04:00:00+00:00,107589.39,107673.85,107432.7,107559.85,0.000852551,11.0,107591.037254
2025-06-27 05:00:00+00:00,107627.1,107695.8,107343.2935,107343.2935,0.001096948,11.0,107562.239425
2025-06-27 06:00:00+00:00,107425.687,107489.959,107282.7645,107343.0,0.008872839,12.0,107429.357412
2025-06-27 07:00:00+00:00,107348.87,107760.95,106929.3325,106962.38,0.048513049,36.0,107389.919627
2025-06-27 08:00:00+00:00,107000.736,107164.026,106727.5105,107032.5705,0.046516875,41.0,106974.705715
2025-06-27 09:00:00+00:00,106987.066,107225.6,106838.215,107145.055,0.00624075,5.0,107207.083062
2025-06-27 10:00:00+00:00,107205.7,107205.7,107002.917,107064.365,0.007211909,6.0,107187.481125
2025-06-27 11:00:00+00:00,107147.64,107188.0,106977.184,107011.94,0.003299551,5.0,107150.666847
2025-06-27 12:00:00+00:00,107067.137,107235.55,106684.1045,106721.695,0.002804794,7.0,106874.358887
2025-06-27 13:00:00+00:00,106789.09,107026.31,106460.54,106867.7,0.017102023,11.0,106904.169743
2025-06-27 14:00:00+00:00,106939.2,107157.69,106407.925,106583.55,0.02183857,9.0,106580.417754
2025-06-27 15:00:00+00:00,106638.4,107494.2,106543.83,107357.721,0.022894413,13.0,106765.474419
2025-06-27 16:00:00+00:00,107427.0,107704.744,107145.48,107546.577,0.012308111,15.0,107504.70179
2025-06-27 17:00:00+00:00,107606.7,107606.7,106522.8,106931.4925,0.002042954,6.0,107084.375553
2025-06-27 18:00:00+00:00,106876.2375,107057.052,106508.0,106756.612,0.02384378,9.0,106753.82303
2025-06-27 19:00:00+00:00,106688.624,107155.9,106688.624,106900.2465,0.86840191,154.0,106953.389394
2025-06-27 20:00:00+00:00,106934.2035,107245.83,106920.555,107130.59,0.000625606,3.0,107103.793464
2025-06-27 21:00:00+00:00,107201.215,107294.35,107085.83,107146.626,9.2376e-05,1.0,107224.699
2025-06-27 22:00:00+00:00,107166.0205,107249.814,107141.8975,107150.9045,0.021675606,3.0,107224.979695
2025-06-27 23:00:00+00:00,107158.4995,107211.81,107031.8,107085.0625,0.00190889,4.0,107132.491925
2025-06-28 00:00:00+00:00,107021.379,107222.2895,106868.722,107107.924,0.173623218,17.0,106994.508653
2025-06-28 01:00:00+00:00,107064.174,107161.795,106897.0945,107161.795,0.000263942,2.0,107040.577831
2025-06-28 02:00:00+00:00,107117.6935,107245.06,107089.305,107177.885,0.224174272,2.0,107240.224268
2025-06-28 03:00:00+00:00,107170.3895,107404.543,107136.355,107404.543,0.0,0.0,107168.60725
2025-06-28 04:00:00+00:00,107470.8,107470.8,107234.5,107266.462,0.000136926,3.0,107399.22024
2025-06-28 05:00:00+00:00,107258.064,107423.921,107233.6875,107321.685,4.5631e-05,1.0,107423.921
2025-06-28 06:00:00+00:00,107399.87,107532.16,107321.685,107455.725,0.00336045,4.0,107504.803213
2025-06-28 07:00:00+00:00,107543.05,107581.723,107455.725,107511.245,0.000197646,3.0,107564.410866
2025-06-28 08:00:00+00:00,107572.9,107575.68,107377.6,107401.9955,0.018008514,7.0,107473.638173
2025-06-28 09:00:00+00:00,107361.727,107374.403,107281.49,107374.403,0.00028969,1.0,107281.49
2025-06-28 10:00:00+00:00,107291.3,107431.08,107291.3,107352.37,0.230664861,3.0,107307.072772
2025-06-28 11:00:00+00:00,107333.902,107433.7,107333.902,107384.085,9.6365e-05,1.0,107433.7
2025-06-28 13:00:00+00:00,107346.245,107364.98,107153.535,107171.785,9.6124e-05,1.0,107247.53
2025-06-28 14:00:00+00:00,107235.91,107263.0,107162.6705,107263.0,0.000250501,1.0,107235.91
2025-06-28 15:00:00+00:00,107298.3745,107537.7695,107240.744,107484.2805,0.0045,1.0,107405.22
2025-06-28 16:00:00+00:00,107438.828,107622.95,107312.055,107366.215,0.003456613,9.0,107438.5853
2025-06-28 17:00:00+00:00,107366.15,107595.6,107324.621,107486.45,0.003198566,3.0,107440.48754
2025-06-28 18:00:00+00:00,107535.1,107535.1,107296.047,107377.49,0.079275727,6.0,107310.263795
2025-06-28 19:00:00+00:00,107348.745,107403.97,106915.3332512315,107270.7395,0.615000261,145.0,107358.069185
2025-06-28 20:00:00+00:00,107244.205,107320.876,107151.0,107253.777,0.014348107,5.0,107203.935912
2025-06-28 21:00:00+00:00,107187.054,107382.752,107187.054,107381.92,4.9109e-05,2.0,107306.603166
2025-06-28 22:00:00+00:00,107337.39,107490.36,107292.367,107441.665,0.0004494,9.0,107383.229848
2025-06-28 23:00:00+00:00,107399.8885,107479.36,107318.6,107357.7,0.000799625,7.0,107389.51154
2025-06-29 00:00:00+00:00,107276.1,107570.1,107276.1,107501.8,0.006498275,12.0,107528.039662
2025-06-29 01:00:00+00:00,107515.6,107515.6,107343.815,107343.815,0.000249621,2.0,107515.6
2025-06-29 02:00:00+00:00,107298.6725,107366.1,107216.7,107366.1,0.000410237,3.0,107249.035996
2025-06-29 03:00:00+00:00,107328.805,107328.805,107263.31,107264.9,0.001888535,1.0,107263.31
2025-06-29 04:00:00+00:00,107298.674,107370.349,107243.818,107279.095,0.000505558,2.0,107356.368365
2025-06-29 05:00:00+00:00,107369.3,107369.3,107279.095,107352.323,0.035976252,1.0,107369.3
2025-06-29 06:00:00+00:00,107408.046,107476.76,107352.323,107443.7,0.010382668,2.0,107476.430172
2025-06-29 07:00:00+00:00,107515.6,107520.745,107379.3,107427.165,0.000639642,3.0,107435.866748
2025-06-29 08:00:00+00:00,107488.5565,107713.725,107433.6,107658.875,0.000653783,4.0,107566.849825
2025-06-29 09:00:00+00:00,107677.2,108001.45,107652.595,107922.2545,0.011760211,6.0,107781.120237
2025-06-29 10:00:00+00:00,107885.0075,108377.487,107847.715,108153.9075,0.009920593,14.0,108144.838923
2025-06-29 11:00:00+00:00,108223.815,108456.0,108147.9775,108451.9,0.002517308,8.0,108271.285929
2025-06-29 12:00:00+00:00,108491.615,108491.615,108065.255,108194.207,0.007666615,11.0,108199.65519
2025-06-29 13:00:00+00:00,108268.906,108268.906,108073.0095,108092.9235,0.018531649,5.0,108221.196474
2025-06-29 14:00:00+00:00,108161.704,108229.572,107816.7295,107982.947,0.000742043,3.0,108112.397185
2025-06-29 15:00:00+00:00,107896.865,108048.434,107688.14,107794.92,0.006776088,4.0,107907.031477
2025-06-29 16:00:00+00:00,107861.24,107922.31,107380.682,107578.7985,0.001154478,5.0,107904.398758
2025-06-29 17:00:00+00:00,107582.79,107656.1,107343.95,107558.15,0.013551853,5.0,107529.803255
2025-06-29 18:00:00+00:00,107570.48,107740.794,107454.507,107681.955,0.014700271,4.0,107664.027035
2025-06-29 19:00:00+00:00,107648.1995,107715.412,107355.6,107442.272,0.047548103,59.0,107429.365351
2025-06-29 20:00:00+00:00,107420.82,107538.407,107397.1155,107397.1155,0.01091907,2.0,107430.727682
2025-06-29 21:00:00+00:00,107349.4,107765.38,107303.8335,107592.3,0.008870794,2.0,107426.175796
2025-06-29 22:00:00+00:00,107631.535,108264.057,107631.535,108117.765,0.00051211,3.0,108170.421576
2025-06-29 23:00:00+00:00,108171.209,108457.105,108057.44,108407.393,0.011045117,3.0,108412.878467
2025-06-30 00:00:00+00:00,108480.976,108820.478,108310.62,108732.756,0.019304978,14.0,108502.409619
2025-06-30 01:00:00+00:00,108746.077,108872.7,108451.436,108579.74,0.00157326,8.0,108624.488115
2025-06-30 02:00:00+00:00,108581.99,108721.2,108502.492,108502.492,0.000977644,3.0,108605.49326
2025-06-30 03:00:00+00:00,108534.65,108641.275,108462.76,108577.3285,0.0,0.0,108534.65
2025-06-30 04:00:00+00:00,108584.705,108584.705,108374.185,108374.185,0.002099277,2.0,108562.066949
2025-06-30 05:00:00+00:00,108442.8,108442.8,108223.1855,108302.643,0.020693904,3.0,108289.472022
2025-06-30 06:00:00+00:00,108305.2,108334.7,107563.47,107597.15,0.039042846,25.0,107717.973228
2025-06-30 07:00:00+00:00,107696.5,107768.1925,107508.2,107702.1355,0.057509542,7.0,107568.997242
2025-06-30 08:00:00+00:00,107633.115,107793.04,107485.351,107485.351,0.017339649,7.0,107695.002247
2025-06-30 09:00:00+00:00,107399.345,107719.2555,107399.345,107497.8895,0.026605162,4.0,107439.781815
2025-06-30 10:00:00+00:00,107550.45,108100.0,107440.4865,107657.875,0.008593147,3.0,107595.794937
2025-06-30 11:00:00+00:00,107672.1395,107938.5,107634.8,107656.889,0.0,0.0,107665.34925
2025-06-30 12:00:00+00:00,107718.13,107823.695,107624.57,107628.0225,0.02947317,3.0,107668.34237
2025-06-30 13:00:00+00:00,107690.0885,107909.0,107536.2,107536.4315,0.162660734,21.0,107737.547019
2025-06-30 14:00:00+00:00,107613.788,107636.725,106813.4965,106823.821,0.606837921,204.0,107024.373812
2025-06-30 15:00:00+00:00,106875.99,107834.7445,106782.7075,107587.15,0.170991583,28.0,107208.675924
2025-06-30 16:00:00+00:00,107656.6,107840.6865,107359.5565,107642.205,0.143069832,24.0,107568.61118
2025-06-30 17:00:00+00:00,107580.41,107805.1125,107450.746,107475.26,0.12472684,28.0,107505.621399
2025-06-30 18:00:00+00:00,107531.2595,107711.005,107190.203,107263.935,0.30131361,24.0,107342.058476
2025-06-30 19:00:00+00:00,107347.65,107774.3065,107263.935,107774.3065,0.268164062,95.0,107517.055775
2025-06-30 20:00:00+00:00,107750.315,107750.315,107513.794,107572.1485,0.072911101,11.0,107700.455896
2025-06-30 21:00:00+00:00,107554.154,107613.22,106968.965,107167.35,0.007857187,21.0,107463.607052
2025-06-30 22:00:00+00:00,107128.7545,107344.5,107062.81,107112.565,0.027745787,8.0,107197.257468
2025-06-30 23:00:00+00:00,107198.8,107355.384,107080.15,107157.0835,0.002245324,9.0,107293.553323
2025-07-01 00:00:00+00:00,107087.241,107434.17,107074.505,107363.135,0.00532322,4.0,107101.275418
2025-07-01 01:00:00+00:00,107449.455,107577.8,107211.8525,107239.265,0.00044719,4.0,107424.664192
2025-07-01 02:00:00+00:00,107314.363,107463.1,107154.953,107158.364,0.001849918,2.0,107342.012432
2025-07-01 03:00:00+00:00,107078.735,107214.15,107078.735,107195.565,0.00175638,1.0,107214.15
2025-07-01 04:00:00+00:00,107230.0025,107318.205,106874.2,106915.55,0.022330728,3.0,107203.757641
2025-07-01 05:00:00+00:00,106970.35,107017.55,106807.265,106945.389,0.021082873,3.0,106972.575287
2025-07-01 06:00:00+00:00,106872.03,106971.622,106796.28,106903.5765,0.007489651,5.0,106890.138548
2025-07-01 07:00:00+00:00,106940.23,107216.7285,106662.25,107216.7285,0.028288622,4.0,107008.165575
2025-07-01 08:00:00+00:00,107181.935,107181.935,106740.5345,106764.995,0.000315797,1.0,107027.46
2025-07-01 09:00:00+00:00,106837.29,106893.47,106520.8525,106581.119,0.012434886,5.0,106606.165907
2025-07-01 10:00:00+00:00,106629.7035,106639.2,106351.0332512315,106464.24,0.000290781,3.0,106574.418173
2025-07-01 11:00:00+00:00,106523.45,106703.582,106355.7332512315,106598.6755,0.008082895,6.0,106580.718619
2025-07-01 12:00:00+00:00,106678.249,106781.15,106430.295,106471.2675,0.049151397,7.0,106643.697085
2025-07-01 13:00:00+00:00,106546.335,106927.35,106344.5832512315,106848.2045,0.006772852,9.0,106810.125122
2025-07-01 14:00:00+00:00,106903.6,107230.848,105756.88,105942.56,0.013165923,20.0,106382.996303
2025-07-01 15:00:00+00:00,105857.0045,106234.1245,105699.0,106016.82,0.019266414,8.0,105964.831078
2025-07-01 16:00:00+00:00,106092.2,106290.25,105916.75,106136.4,0.020414596,15.0,106196.201803
2025-07-01 17:00:00+00:00,106064.05,106374.3,105943.35,106278.317,0.003880239,5.0,106210.525111
2025-07-01 18:00:00+00:00,106222.914,106278.317,105760.45,105806.635,0.044616926,9.0,105888.322805
2025-07-01 19:00:00+00:00,105764.02,105806.941,105441.89,105466.995105911,0.053745297,75.0,105610.756013
2025-07-01 20:00:00+00:00,105427.559605911,105993.0025,105277.2505,105950.66,0.045393747,8.0,105434.913818
2025-07-01 21:00:00+00:00,105890.055,106104.725,105752.715,105752.715,0.008359501,3.0,106018.484719
2025-07-01 22:00:00+00:00,105745.655,105921.8585,105629.583,105667.7085,0.00018243,1.0,105869.2
2025-07-01 23:00:00+00:00,105594.219,105712.2935,105385.725,105712.2935,0.0004,1.0,105620.0
2025-07-02 00:00:00+00:00,105780.975,105808.325,105409.2555,105415.23,0.004868183,3.0,105668.08666
2025-07-02 01:00:00+00:00,105356.16,105872.9,105135.6,105689.9155,0.006860459,22.0,105466.326883
2025-07-02 02:00:00+00:00,105763.65,105942.412,105545.6235,105913.68,0.000505862,1.0,105758.077
2025-07-02 03:00:00+00:00,105882.58,106228.601,105879.727,106190.905,0.0,0.0,105882.58
2025-07-02 04:00:00+00:00,106154.2775,106358.7345,106154.2775,106358.7345,0.000881645,1.0,106162.65
2025-07-02 05:00:00+00:00,106417.6385,106697.544,106417.6385,106637.605,0.0,0.0,106475.37175
2025-07-02 06:00:00+00:00,106679.78,107046.33,106679.78,106991.2905,0.012184956,5.0,106943.027864
2025-07-02 07:00:00+00:00,106923.851,107231.65,106865.66,107118.664,0.029985481,12.0,107071.658807
2025-07-02 08:00:00+00:00,107168.1915,107790.2445,107168.1915,107748.865,0.006645525,12.0,107498.561525
2025-07-02 09:00:00+00:00,107807.257,107852.96,107577.876,107681.8805,0.000189431,2.0,107804.248972
2025-07-02 10:00:00+00:00,107659.43,107913.72,107659.43,107847.9265,0.018365729,4.0,107698.042416
2025-07-02 11:00:00+00:00,107764.933,107955.9,107429.452,107508.4,0.003330267,19.0,107579.314589
2025-07-02 12:00:00+00:00,107468.02,107569.74,107222.0625,107409.115,0.018740564,8.0,107567.614942
2025-07-02 13:00:00+00:00,107361.185,107942.9975,107234.2,107793.595,0.038657438,7.0,107817.656518
2025-07-02 14:00:00+00:00,107825.155,108232.9025,107757.451,108164.4,0.087405292,15.0,107974.473759
2025-07-02 15:00:00+00:00,108204.328,108817.77,108204.328,108750.3,0.725388805,16.0,108476.824097
2025-07-02 16:00:00+00:00,108811.84,109644.670050761,108677.37,109500.3335,0.79032682,39.0,109212.470837
2025-07-02 17:00:00+00:00,109552.03,109779.849,108888.85,109162.65,0.169278625,74.0,109562.48584
2025-07-02 18:00:00+00:00,109118.9,109606.37,109063.8805,109587.05,0.101306789,10.0,109258.164613
2025-07-02 19:00:00+00:00,109512.2,109731.341,109334.925,109731.341,0.115523118,95.0,109468.390808
2025-07-02 20:00:00+00:00,109693.8255,109693.8255,109189.59,109189.59,0.02481542,8.0,109449.455112
2025-07-02 21:00:00+00:00,109154.85,109542.653,109151.94,109480.1975,0.001267294,4.0,109236.920207
2025-07-02 22:00:00+00:00,109521.0605,109521.0605,109173.7465,109208.4,0.072862572,6.0,109503.19438
2025-07-02 23:00:00+00:00,109177.65,109177.65,108757.05,108798.85,0.005,1.0,109000.0
2025-07-03 00:00:00+00:00,108804.5,109103.8305,108768.505,108959.234,0.01137403,3.0,108861.595305
2025-07-03 01:00:00+00:00,108925.895,109165.454,108847.845,109052.9905,0.005251758,2.0,109074.519606
2025-07-03 02:00:00+00:00,108983.05,108983.05,108590.535,108787.8315,0.0,0.0,108948.675
2025-07-03 03:00:00+00:00,108707.35,108855.5,108609.909,108709.9,0.000522186,6.0,108746.451311
2025-07-03 04:00:00+00:00,108780.1,109014.65,108525.25,108806.045,0.018679774,14.0,108820.69396
2025-07-03 05:00:00+00:00,108827.939,109371.45,108739.4,109371.45,0.007108052,10.0,109122.608997
2025-07-03 06:00:00+00:00,109468.0,109631.516,109325.975,109530.7215,0.015892519,13.0,109540.522106
2025-07-03 07:00:00+00:00,109469.07,109506.874,109119.54,109356.05,0.284313726,27.0,109304.723945
2025-07-03 08:00:00+00:00,109391.4775,109610.53,109303.67,109414.4275,0.001179383,6.0,109443.9847
2025-07-03 09:00:00+00:00,109497.87,110263.539263959,109406.926,110030.1895,0.043768369,15.0,110121.798606
2025-07-03 10:00:00+00:00,109992.2295,109993.859,109684.265,109877.72,0.00040981,4.0,109854.358899
2025-07-03 11:00:00+00:00,109826.128,109885.3,109628.625,109643.4035,0.006865056,7.0,109764.808893
2025-07-03 12:00:00+00:00,109589.03,109901.266,108773.3,109187.275,0.064029313,16.0,109459.752907
2025-07-03 13:00:00+00:00,109237.516,110588.2,109169.4,110282.87,0.225097333,33.0,110288.351294
2025-07-03 14:00:00+00:00,110270.95,110537.85,109552.371,109756.6,0.177325523,45.0,110053.693326
2025-07-03 15:00:00+00:00,109776.0235,109848.447,109167.605,109168.065,0.023345476,30.0,109570.225816
2025-07-03 16:00:00+00:00,109209.5015,109761.1,109050.07,109360.76,0.212369329,51.0,109121.475783
2025-07-03 17:00:00+00:00,109399.585,109664.25,109385.426,109582.6115,0.266381251,8.0,109394.264991
2025-07-03 18:00:00+00:00,109599.871,109710.338,109384.9325,109706.023,0.001025513,4.0,109613.544129
2025-07-03 19:00:00+00:00,109770.54,109917.7955,109689.882,109823.73,0.019134994,4.0,109853.794004
2025-07-03 20:00:00+00:00,109855.365,110000.0,109833.29,109948.78,0.000976103,2.0,109989.016284
2025-07-03 21:00:00+00:00,109957.6,109974.8585,109739.9815,109840.5505,0.000584563,3.0,109912.837043
2025-07-03 22:00:00+00:00,109839.106,109908.5345,109690.514,109773.783,0.000567784,3.0,109811.584913
2025-07-03 23:00:00+00:00,109839.736,109881.082,109581.0,109648.602,0.000328611,4.0,109760.183454
2025-07-04 00:00:00+00:00,109660.4685,109727.104,109390.846,109524.64,2.220723069,9.0,109659.605448
2025-07-04 01:00:00+00:00,109591.51,109841.79,109539.905,109539.905,0.018580671,6.0,109755.057018
2025-07-04 02:00:00+00:00,109504.1385,109504.1385,109159.45,109283.903,4.3721e-05,2.0,109425.203949
2025-07-04 03:00:00+00:00,109216.2475,109463.299,109143.532,109303.35,0.000919773,5.0,109213.076648
2025-07-04 04:00:00+00:00,109351.71,109374.16,109054.004,109054.004,0.004446923,2.0,109372.79651
2025-07-04 05:00:00+00:00,109072.8755,109311.33,109000.0,109063.8,0.006361744,9.0,109087.94235
2025-07-04 06:00:00+00:00,109017.2235,109140.45,108815.2,109074.182,0.010322207,5.0,108955.193549
2025-07-04 07:00:00+00:00,109106.8245,109176.535,108737.3,108761.165,0.042616601,3.0,108924.114461
2025-07-04 08:00:00+00:00,108845.234,108941.802,108605.935,108817.9755,0.009485136,4.0,108841.921716
2025-07-04 09:00:00+00:00,108856.855,109130.3515,108847.1255,109014.865,0.004934189,5.0,108953.42669
2025-07-04 10:00:00+00:00,109058.9215,109190.191,108950.1,108966.75,0.005424603,3.0,109103.974025
2025-07-04 11:00:00+00:00,108999.2695,109166.741,108920.395,108920.395,0.019485057,9.0,108989.532361
2025-07-04 12:00:00+00:00,108849.69,108994.96,108699.1345,108784.625,0.001172205,2.0,108894.705803
2025-07-04 13:00:00+00:00,108733.1,108888.824,108061.831,108061.831,1.078955555,9.0,108401.963911
2025-07-04 14:00:00+00:00,108078.331,108159.72,107523.911,107860.1315,0.061455478,15.0,107943.394679
2025-07-04 15:00:00+00:00,107958.4,107988.465,107642.491,107642.491,0.016173922,5.0,107935.164466
2025-07-04 16:00:00+00:00,107679.724,107848.347,107399.355,107653.865,0.040126246,10.0,107692.86993
2025-07-04 17:00:00+00:00,107722.325,107944.47,107722.325,107899.8585,0.00411226,4.0,107916.659002
2025-07-04 18:00:00+00:00,107821.721,107897.6,107520.74,107520.74,0.023284099,6.0,107821.207808
2025-07-04 19:00:00+00:00,107475.1205,107651.855,107293.535,107487.406,0.038988682,62.0,107506.801366
2025-07-04 20:00:00+00:00,107579.715,107836.84,107579.715,107730.128,0.001120597,4.0,107789.709016
2025-07-04 21:00:00+00:00,107737.795,107958.87,107651.44,107927.49,0.000598235,3.0,107728.30733
2025-07-04 22:00:00+00:00,107910.3,108299.1305,107910.3,108276.5295,0.006774899,2.0,108071.206604
2025-07-04 23:00:00+00:00,108240.2695,108240.2695,107937.1,108051.2465,0.011707954,4.0,108226.997718
2025-07-05 00:00:00+00:00,108006.175,108264.412,107997.258,108239.745,0.000713,2.0,108233.105487
2025-07-05 01:00:00+00:00,108186.939,108186.939,107875.3,107999.1155,0.000238,1.0,107875.3
2025-07-05 02:00:00+00:00,107995.695,108162.505,107823.925,108109.4715,0.000642,2.0,108124.923333
2025-07-05 03:00:00+00:00,108157.0,108285.27,108144.1115,108145.0,0.0,0.0,108157.0
2025-07-05 04:00:00+00:00,108119.3,108419.137,108086.3515,108202.3355,0.009245493,4.0,108162.797577
2025-07-05 05:00:00+00:00,108154.02,108213.0065,108031.8,108203.345,0.061443423,5.0,108042.116834
2025-07-05 06:00:00+00:00,108135.154,108311.91,108108.0,108276.6085,0.00124498,1.0,108172.945
2025-07-05 07:00:00+00:00,108262.3855,108262.3855,108035.9195,108119.32,0.001134437,1.0,108047.189
2025-07-05 08:00:00+00:00,108039.7385,108163.1645,107993.61,108092.296,0.0,0.0,108039.7385
2025-07-05 09:00:00+00:00,108065.7445,108179.48,107945.25,108113.08,0.0,0.0,108061.16975
2025-07-05 10:00:00+00:00,108123.4295,108286.354,108082.6,108170.3,0.001460695,5.0,108212.847258
2025-07-05 11:00:00+00:00,108138.2935,108283.905,108081.1,108186.8475,0.010423378,16.0,108251.731069
2025-07-05 12:00:00+00:00,108166.255,108196.2355,108029.6145,108190.795,0.02658734,3.0,108116.651159
2025-07-05 13:00:00+00:00,108222.2395,108278.891,108151.8,108172.0,0.002238545,1.0,108278.891
2025-07-05 14:00:00+00:00,108224.7,108313.1,108165.55,108224.364,0.00208102,5.0,108281.740966
2025-07-05 15:00:00+00:00,108163.348,108330.96,108093.4835,108115.0695,0.035520531,16.0,108173.124524
2025-07-05 16:00:00+00:00,108164.7,108185.81,107904.0,108127.445,0.011460159,16.0,108129.668933
2025-07-05 17:00:00+00:00,108182.16,108182.16,107995.75,108142.664,0.001790761,4.0,108119.829023
2025-07-05 18:00:00+00:00,108142.33,108193.51,107986.3815,108050.61,0.017928665,11.0,108171.534079
2025-07-05 19:00:00+00:00,108058.6875,108303.51,107908.313,108183.886,0.013488198,40.0,108198.39611
2025-07-05 20:00:00+00:00,108184.505,108270.766,108039.0955,108135.265,0.03593288,10.0,108151.577156
2025-07-05 21:00:00+00:00,108151.133,108224.77,108086.66,108150.9195,0.001349865,5.0,108217.908115
2025-07-05 22:00:00+00:00,108110.456,108236.1305,108110.456,108202.997,0.012519851,2.0,108215.978505
2025-07-05 23:00:00+00:00,108227.9505,108322.524,108199.0035,108229.445,0.000445745,1.0,108322.524
2025-07-06 00:00:00+00:00,108243.865,108284.795,108137.895,108251.245,0.000273179,1.0,108243.86
2025-07-06 01:00:00+00:00,108205.776,108265.857,108116.3,108241.6985,0.0003,1.0,108117.2
2025-07-06 02:00:00+00:00,108233.755,108303.768,108108.946,108122.4625,0.015026525,2.0,108290.835206
2025-07-06 03:00:00+00:00,108098.904,108160.963,108052.2975,108063.85,0.0,0.0,108098.904
2025-07-06 04:00:00+00:00,108073.578,108182.3,107989.08,108021.0805,0.0005957,5.0,108089.147779
2025-07-06 05:00:00+00:00,107990.527,108117.2,107985.581,108031.0,0.012623914,2.0,108113.808869
2025-07-06 06:00:00+00:00,107951.8,108270.59,107948.66,108160.0665,0.00697399,13.0,108137.200813
2025-07-06 07:00:00+00:00,108097.7,108211.025,108073.045,108082.9795,0.004542548,1.0,108097.7
2025-07-06 08:00:00+00:00,108070.55,108148.9,107985.928,108058.802,0.004252915,2.0,108023.566547
2025-07-06 09:00:00+00:00,108047.115,108126.6,107917.08,107945.5175,0.00016264,2.0,108041.247193
2025-07-06 10:00:00+00:00,107913.65,108154.505,107913.65,108032.4,0.02909759,6.0,108055.793526
2025-07-06 11:00:00+00:00,107984.883,108134.164,107967.41,108124.95,0.048173532,5.0,108105.100552
2025-07-06 12:00:00+00:00,108218.2,108332.0,108124.95,108254.5185,0.007816489,3.0,108225.188197
2025-07-06 13:00:00+00:00,108229.3,109145.8035,108203.2,108778.3695,0.013368842,10.0,108722.683509
2025-07-06 14:00:00+00:00,108844.175,109021.0,108646.133,108961.42,0.069250827,23.0,108943.637761
2025-07-06 15:00:00+00:00,108970.116,109021.0,108716.25,108958.6,0.015575646,21.0,109012.741157
2025-07-06 16:00:00+00:00,108901.8,108977.7,108712.3,108922.442,0.011690107,8.0,108966.324486
2025-07-06 17:00:00+00:00,108851.085,109021.0,108781.625,108957.25,0.000195708,2.0,108972.301482
2025-07-06 18:00:00+00:00,108899.0535,108899.0535,108317.188,108472.9925,0.006106883,2.0,108431.337249
2025-07-06 19:00:00+00:00,108526.715,108659.95,108338.7015,108587.0,0.042890456,63.0,108400.589995
2025-07-06 20:00:00+00:00,108511.7,108892.075,108511.7,108724.075,0.000879695,2.0,108533.424417
2025-07-06 21:00:00+00:00,108786.995,109626.6050253805,108763.81,109274.719,0.451828029,7.0,109027.366279
2025-07-06 22:00:00+00:00,109322.2285,109561.2170253805,109230.3,109251.925,0.001582948,3.0,109418.5811
2025-07-06 23:00:00+00:00,109208.515,109293.7255,109032.7535,109221.4785,0.0,0.0,109162.275
2025-07-07 00:00:00+00:00,109187.911,109337.08,108810.015,108850.4335,0.006370855,8.0,109294.384224
2025-07-07 01:00:00+00:00,108787.039,109154.052,108737.8975,109085.29,0.0002,1.0,109009.652
2025-07-07 02:00:00+00:00,109113.822,109522.36,109113.822,109375.29,0.00195736,5.0,109488.749499
2025-07-07 03:00:00+00:00,109461.6255,109730.7845,109411.174,109412.026,0.07332745,5.0,109644.483147
2025-07-07 04:00:00+00:00,109468.3465,109468.3465,109144.65,109158.025,0.019650811,5.0,109359.153983
2025-07-07 05:00:00+00:00,109228.505,109228.505,109023.3705,109092.9365,0.010464638,2.0,109108.382546
2025-07-07 06:00:00+00:00,109037.3,109200.397,108789.835,108789.835,0.0,0.0,109037.3
2025-07-07 07:00:00+00:00,108751.55,109084.8,108676.905,109079.665,0.000901109,2.0,108982.206693
2025-07-07 08:00:00+00:00,109031.63,109098.495,108960.166,109057.686,0.002208099,2.0,108979.26912
2025-07-07 09:00:00+00:00,109007.5495,109007.5495,108792.74,108863.721,0.050726651,2.0,108957.914605
2025-07-07 10:00:00+00:00,108790.542,108863.721,108692.6995,108692.6995,0.046237307,4.0,108853.73889
2025-07-07 11:00:00+00:00,108753.702,108795.5395,108644.03,108663.534,0.002397484,1.0,108753.702
2025-07-07 12:00:00+00:00,108637.19,108695.98,108276.26,108341.45,0.018099548,7.0,108488.572684
2025-07-07 13:00:00+00:00,108264.4,108532.439,107978.803,108532.439,0.177798681,10.0,108130.156063
2025-07-07 14:00:00+00:00,108477.2745,108641.06,107903.76,108190.57,0.023904495,20.0,108294.126239
2025-07-07 15:00:00+00:00,108273.1385,108652.23,108248.765,108294.395,0.005318896,5.0,108508.144166
2025-07-07 16:00:00+00:00,108357.29,108495.1635,107894.4395,107941.46,0.212866771,11.0,108240.173459
2025-07-07 17:00:00+00:00,107912.1415,108371.86,107844.5,107951.145,0.050602167,3.0,107984.790219
2025-07-07 18:00:00+00:00,107996.224,108149.2,107544.265,108005.11,0.033392277,16.0,108061.64134
2025-07-07 19:00:00+00:00,108101.56,108320.314,107991.31,108031.4145,0.35050088,90.0,108098.238556
2025-07-07 20:00:00+00:00,108007.9515,108241.7,107839.21,107903.054,0.049461073,6.0,108072.07633
2025-07-07 21:00:00+00:00,107970.7345,108203.85,107868.94,108203.85,0.036223178,2.0,107952.618659
2025-07-07 22:00:00+00:00,108123.64,108167.823,107988.541,108023.775,0.01130284,3.0,108147.495719
2025-07-07 23:00:00+00:00,108054.25,108329.847,108054.25,108297.742,0.004220117,7.0,108218.150888
2025-07-08 00:00:00+00:00,108243.6,108509.1,108206.11,108325.367,0.005996465,2.0,108282.501704
2025-07-08 01:00:00+00:00,108252.12,108259.279,107698.8875,107698.8875,0.002030934,1.0,107822.958
2025-07-08 02:00:00+00:00,107746.179,107932.4,107493.569,107778.2305,0.001973685,6.0,107747.061929
2025-07-08 03:00:00+00:00,107727.554,108028.29,107727.554,107902.4,0.002114193,3.0,107886.649676
2025-07-08 04:00:00+00:00,107875.25,108035.1155,107773.11,108007.205,8.0469e-05,1.0,108023.7
2025-07-08 05:00:00+00:00,108009.9155,108211.73,107998.15,108207.979,0.007946715,1.0,108147.676
2025-07-08 06:00:00+00:00,108280.321,108298.48,108156.506,108298.48,0.003657898,1.0,108280.321
2025-07-08 07:00:00+00:00,108225.3845,108533.652,108225.3845,108533.652,0.0,0.0,108225.3845
2025-07-08 08:00:00+00:00,108446.5795,108526.689,108285.6335,108285.6335,0.000311873,1.0,108374.22
2025-07-08 09:00:00+00:00,108268.875,108477.8275,108268.875,108463.048,0.0,0.0,108268.875
2025-07-08 10:00:00+00:00,108452.4755,108901.585,108389.82,108834.525,0.006904961,8.0,108807.066065
2025-07-08 11:00:00+00:00,108873.68,108994.1585,108781.755,108781.755,0.016358107,4.0,108947.197719
2025-07-08 12:00:00+00:00,108873.81,108970.6,108691.507,108951.35,0.018768676,4.0,108870.699712
2025-07-08 13:00:00+00:00,109032.7,109313.73,108629.197,109088.6485,0.060082384,8.0,108748.410876
2025-07-08 14:00:00+00:00,109028.596,109028.596,108304.075,108394.11,0.028193276,6.0,108661.491585
2025-07-08 15:00:00+00:00,108365.1,108531.969,108215.4,108273.847,0.034184937,7.0,108421.693693
2025-07-08 16:00:00+00:00,108307.933,108580.8415,108125.652,108474.377,0.027086599,13.0,108316.371586
2025-07-08 17:00:00+00:00,108478.711,109114.5,108478.711,108995.8515,0.016999127,6.0,108941.709892
2025-07-08 18:00:00+00:00,108955.135,109151.98,108955.135,109144.465,0.006440591,4.0,109083.97566
2025-07-08 19:00:00+00:00,109107.15,109107.15,108702.8,108829.3,0.177604084,62.0,108904.226596
2025-07-08 20:00:00+00:00,108783.5055,108900.979,108699.273,108702.04,0.008428411,3.0,108846.344708
2025-07-08 21:00:00+00:00,108647.085,109026.0115,108647.085,108908.971,0.0,0.0,108647.085
2025-07-08 22:00:00+00:00,108971.6825,108971.6825,108869.6905,108941.815,0.001780589,3.0,108931.068039
2025-07-08 23:00:00+00:00,108980.99,109042.7,108888.4675,108968.073,0.002214009,1.0,109042.7
2025-07-09 00:00:00+00:00,108888.4945,108960.0825,108754.12,108960.0825,0.000713738,1.0,108754.12
2025-07-09 01:00:00+00:00,109026.522,109149.1745,108778.414,108839.1735,7.9896e-05,1.0,108842.4
2025-07-09 02:00:00+00:00,108757.679,108757.679,108629.2205,108629.2205,0.0,0.0,108757.679
2025-07-09 03:00:00+00:00,108658.9495,108701.675,108367.6365,108367.6365,0.0,0.0,108658.9495
2025-07-09 04:00:00+00:00,108311.516,108588.1,108311.516,108528.5935,0.014641927,7.0,108406.511211
2025-07-09 05:00:00+00:00,108626.8735,108945.695,108548.6765,108828.4215,7.4039e-05,1.0,108701.309
2025-07-09 06:00:00+00:00,108834.0785,108834.0785,108713.5,108832.5,0.0,0.0,108834.0785
2025-07-09 07:00:00+00:00,108850.066,108890.8,108736.9735,108736.9735,0.00010642,1.0,108890.8
2025-07-09 08:00:00+00:00,108765.5685,108843.044,108715.9,108715.9,0.00287689,1.0,108843.044
2025-07-09 09:00:00+00:00,108643.3,108777.0475,108620.6885,108777.0475,0.00035534,1.0,108705.4
2025-07-09 10:00:00+00:00,108827.6,108957.95,108790.599,108879.148,0.004228073,5.0,108903.113435
2025-07-09 11:00:00+00:00,108812.205,109153.3,108812.205,109104.96,0.10759941,4.0,109013.751438
2025-07-09 12:00:00+00:00,109049.39,109600.1,109005.87,109304.375,0.29224711,17.0,109559.010291
2025-07-09 13:00:00+00:00,109359.6165,109784.56,109125.32,109174.527,0.035126713,13.0,109480.617081
2025-07-09 14:00:00+00:00,109147.745,109450.845,108443.03,108902.495,0.051653667,8.0,108649.8177
2025-07-09 15:00:00+00:00,108956.0,109297.238,108743.726,109102.5765,0.01708327,19.0,108966.032228
2025-07-09 16:00:00+00:00,109173.063,109557.919,109008.832,109440.0,0.04118719,32.0,109157.523727
2025-07-09 17:00:00+00:00,109347.81,109461.4975,109040.6925,109206.1855,0.018404581,11.0,109242.80344
2025-07-09 18:00:00+00:00,109135.801,109644.816,109135.801,109551.115,0.027869729,5.0,109605.067745
2025-07-09 19:00:00+00:00,109635.53,112000.0,107688.583793103,111728.385,0.718918343,183.0,110997.424896
2025-07-09 20:00:00+00:00,111794.517,111947.8,110606.5995,110742.34,0.033297543,22.0,110898.982234
2025-07-09 21:00:00+00:00,110794.566,111331.5,110794.566,110877.145,0.310660347,15.0,111182.878771
2025-07-09 22:00:00+00:00,110922.873,111531.701,110922.873,111440.4805,0.288338186,18.0,111076.018451
2025-07-09 23:00:00+00:00,111360.5,111621.0,111306.75,111341.995,0.007465212,13.0,111488.584136
2025-07-10 00:00:00+00:00,111342.0,111404.755,110941.2485,110964.2225,0.031343309,11.0,111276.876664
2025-07-10 01:00:00+00:00,111008.9365,111486.74,110928.9,111328.0,0.290629669,106.0,111277.427543
2025-07-10 02:00:00+00:00,111176.519,111611.29,111176.519,111216.0,0.220253159,104.0,111360.569322
2025-07-10 03:00:00+00:00,111185.6,111325.123,110962.5,111113.9,0.162925714,127.0,111142.181186
2025-07-10 04:00:00+00:00,111200.19,111278.5,110927.4,111249.583,0.024859895,9.0,111147.959206
2025-07-10 05:00:00+00:00,111139.5,111235.3,110949.3,111178.785,0.006422802,16.0,111075.437648
2025-07-10 06:00:00+00:00,111238.67,111328.983,111084.6,111328.983,0.074271206,8.0,111178.899746
2025-07-10 07:00:00+00:00,111279.3595,111478.775,111186.505,111360.051,0.100021865,15.0,111364.554574
2025-07-10 08:00:00+00:00,111318.2,111525.054,111142.26,111328.97,0.098929652,28.0,111341.319944
2025-07-10 09:00:00+00:00,111346.7,111359.88,111073.2345,111073.2345,0.490200685,29.0,111119.82596
2025-07-10 10:00:00+00:00,111093.2375,111135.5,110823.3,111099.83,0.021998208,8.0,110876.174108
2025-07-10 11:00:00+00:00,111173.25,111236.2,111022.295,111053.52,0.017674792,5.0,111061.666023
2025-07-10 12:00:00+00:00,110914.7,111040.31,110771.708,110837.9,0.014047017,13.0,110865.214752
2025-07-10 13:00:00+00:00,110788.291,111081.96,110561.745,110808.4755,0.13801905,86.0,110839.01828
2025-07-10 14:00:00+00:00,110961.913,111351.662,110728.798,111133.298,0.016403632,11.0,110984.02058
2025-07-10 15:00:00+00:00,111341.205,111485.35,111032.2065,111485.35,0.014179244,14.0,111398.64656
2025-07-10 16:00:00+00:00,111393.1,112806.921,111364.5,112689.19,0.478527323,42.0,112059.12152
2025-07-10 17:00:00+00:00,112718.08,113775.299,112676.8,113749.3505,0.408085892,35.0,113565.21322
2025-07-10 18:00:00+00:00,113775.591,113846.1,112995.146,113396.1,0.111104328,29.0,113264.272752
2025-07-10 19:00:00+00:00,113580.734,113758.17,113111.7,113424.7875,0.141634386,78.0,113280.418905
2025-07-10 20:00:00+00:00,113497.51,113742.857,113327.17,113600.885,0.057854512,16.0,113368.348143
2025-07-10 21:00:00+00:00,113529.1,116751.269035532,113483.366,116460.935,0.438933065,45.0,115950.298697
2025-07-10 22:00:00+00:00,116233.4,116469.82,115819.9,116035.2145,0.222309856,21.0,115904.373895
2025-07-10 23:00:00+00:00,115983.91,116192.4,115625.6,115967.3615,0.037564537,18.0,115766.144639
2025-07-11 00:00:00+00:00,116090.7,116100.2,115267.0815,115604.83,0.016401832,11.0,115645.073761
2025-07-11 01:00:00+00:00,115687.26,116025.999,115528.45,115975.737,0.002756077,8.0,115821.996388
2025-07-11 02:00:00+00:00,115944.8865,116787.146,115765.8325,116787.146,0.112218193,12.0,116541.665136
2025-07-11 03:00:00+00:00,116572.25,116999.5,116413.08,116917.124,0.135718689,10.0,116474.299921
2025-07-11 04:00:00+00:00,116931.71,116987.06,116495.115,116987.06,0.028794081,25.0,116647.9359
2025-07-11 05:00:00+00:00,116820.8,118382.01,116820.8,117835.761,0.18894536,39.0,117775.998422
2025-07-11 06:00:00+00:00,117896.688,118400.555,117654.35,117742.46,0.044142081,34.0,117875.092705
2025-07-11 07:00:00+00:00,117571.2,118175.8,117476.735,117568.491,0.04528878,23.0,117821.922206
2025-07-11 08:00:00+00:00,117568.5,118165.7565,117561.764,118013.795,0.104483601,12.0,117762.771563
2025-07-11 09:00:00+00:00,118072.5,118837.79,117986.533,118539.481,0.060101289,12.0,118319.034581
2025-07-11 10:00:00+00:00,118502.25,118502.25,118012.53,118088.72,0.073212159,23.0,118272.09909
2025-07-11 11:00:00+00:00,118072.25,118168.758,117692.2,117855.275,0.026536691,13.0,117749.09534
2025-07-11 12:00:00+00:00,117945.689,118364.625,117748.07,117793.06,0.022691801,21.0,117872.41521
2025-07-11 13:00:00+00:00,117877.003,118173.273,117199.0,118019.31,0.18955622,33.0,117725.254276
2025-07-11 14:00:00+00:00,118075.85,118197.8,117502.7595,117874.232,0.123674011,18.0,117919.032935
2025-07-11 15:00:00+00:00,117874.3,117977.135,116769.7685,116900.9625,0.14475654,84.0,117450.742185
2025-07-11 16:00:00+00:00,116870.2,117579.056,116636.63,117469.421,0.144356839,23.0,117083.327032
2025-07-11 17:00:00+00:00,117298.6,117792.26,117298.6,117660.745,0.140276446,5.0,117449.209787
2025-07-11 18:00:00+00:00,117742.29,117752.8885,117405.6,117743.7,0.132439501,43.0,117458.742396
2025-07-11 19:00:00+00:00,117814.0,118195.326,117465.2245,118195.326,0.693963324,184.0,117906.409917
2025-07-11 20:00:00+00:00,118128.85,118165.59,117734.4,117868.5,0.015968076,8.0,117867.993717
2025-07-11 21:00:00+00:00,117779.47,117974.81,117540.36,117673.715,0.001330123,5.0,117735.201535
2025-07-11 22:00:00+00:00,117767.86,117767.86,117288.97,117704.383,0.042324203,8.0,117390.407778
2025-07-11 23:00:00+00:00,117782.81,117782.81,117514.85,117657.2,0.136715445,7.0,117614.611509
2025-07-12 00:00:00+00:00,117476.5,117645.116,117243.45,117468.295,0.021563828,6.0,117503.995021
2025-07-12 01:00:00+00:00,117502.37,117814.68,117502.37,117668.5395,0.000901943,2.0,117741.231717
2025-07-12 02:00:00+00:00,117745.134,117911.944,117639.669,117639.669,0.030681906,9.0,117722.267833
2025-07-12 03:00:00+00:00,117572.3,117939.7,117572.3,117811.109,0.001259338,13.0,117778.314555
2025-07-12 04:00:00+00:00,117884.76,117969.25,117641.1155,117690.1,0.000258302,5.0,117887.599196
2025-07-12 05:00:00+00:00,117616.5,117831.5,117562.8,117765.25,0.033462531,8.0,117769.438523
2025-07-12 06:00:00+00:00,117850.01,118089.9,117680.587,117921.508,0.004423917,8.0,117714.942686
2025-07-12 07:00:00+00:00,117981.8,118116.98,117719.175,117751.935,0.00096588,5.0,118069.913451
2025-07-12 08:00:00+00:00,117829.985,118021.431,117747.6,117997.5785,0.007193573,6.0,117793.713359
2025-07-12 09:00:00+00:00,118047.11,118197.987,117924.668,118194.502,0.017842241,15.0,118111.375173
2025-07-12 10:00:00+00:00,118283.004,118283.004,117961.955,118143.225,0.017550201,5.0,118195.053442
2025-07-12 11:00:00+00:00,118226.41,118226.41,117694.907,117869.136,0.007256373,9.0,118031.573249
2025-07-12 12:00:00+00:00,117970.814,117970.814,117360.172,117574.0385,0.018795965,15.0,117502.265337
2025-07-12 13:00:00+00:00,117478.269,117637.19,117331.827,117587.4,0.024305378,26.0,117453.199499
2025-07-12 14:00:00+00:00,117493.975,117792.84,117404.682,117429.221,0.004480544,11.0,117614.00788
2025-07-12 15:00:00+00:00,117503.334,117573.7,116976.84,117234.205,0.030563512,25.0,117321.70896
2025-07-12 16:00:00+00:00,117199.11,117498.45,117095.3,117323.0,0.035269037,35.0,117214.281625
2025-07-12 17:00:00+00:00,117154.96,117619.4,117154.96,117540.727,0.006503908,13.0,117422.049935
2025-07-12 18:00:00+00:00,117618.084,117618.084,117309.9,117534.0265,0.03618307,13.0,117520.757266
2025-07-12 19:00:00+00:00,117454.9,117754.65,117440.9,117717.349,0.136170442,111.0,117539.456601
2025-07-12 20:00:00+00:00,117458.86,117588.8,117113.74,117118.01,0.005481195,15.0,117364.225729
2025-07-12 21:00:00+00:00,117035.069,117612.47,117035.069,117508.64,0.001481522,6.0,117241.639206
2025-07-12 22:00:00+00:00,117464.66,117607.9,117353.91,117462.46,0.068696255,5.0,117355.396136
2025-07-12 23:00:00+00:00,117532.965,117532.965,117247.56,117447.2,0.020124689,7.0,117357.707679
2025-07-13 00:00:00+00:00,117495.088,117563.238,117254.44,117374.45,0.013740146,8.0,117389.216186
2025-07-13 01:00:00+00:00,117358.91,117698.26,117329.0105,117604.4715,0.033831425,3.0,117559.368247
2025-07-13 02:00:00+00:00,117540.709,117824.3035,117447.0915,117668.87,0.005141165,3.0,117481.157297
2025-07-13 03:00:00+00:00,117773.0,117880.5665,117655.0425,117826.3255,0.000948827,3.0,117763.809272
2025-07-13 04:00:00+00:00,117919.229,117991.6,117766.03,117964.5815,0.007024431,10.0,117828.124671
2025-07-13 05:00:00+00:00,118030.263,118040.294,117761.1935,117869.625,0.000585283,5.0,118015.551652
2025-07-13 06:00:00+00:00,117860.635,118048.04,117779.89,117926.248,0.022192296,15.0,117828.351996
2025-07-13 07:00:00+00:00,118022.916,118143.83,117847.74,118047.62,0.02839708,12.0,118092.055864
2025-07-13 08:00:00+00:00,118153.84,118172.408,117839.3,117931.61,0.005385953,7.0,118024.376353
2025-07-13 09:00:00+00:00,117904.774,117913.845,117732.719,117781.323,0.00121936,2.0,117792.712756
2025-07-13 10:00:00+00:00,117862.269,117862.269,117816.28,117816.28,0.0,0.0,117862.269
2025-07-13 11:00:00+00:00,117861.4,118155.225,117861.4,118100.315,0.004455752,3.0,118029.002464
2025-07-13 12:00:00+00:00,118131.0,118659.497,118068.2,118454.4575,0.002094951,9.0,118442.605903
2025-07-13 13:00:00+00:00,118523.934,118742.02,118202.5705,118671.8145,0.012869503,8.0,118541.275394
2025-07-13 14:00:00+00:00,118641.3145,119419.5145,118442.955,118806.475,0.012674903,10.0,119143.605488
2025-07-13 15:00:00+00:00,118840.624,119127.23,118583.3,118767.104,0.051497494,9.0,118849.231859
2025-07-13 16:00:00+00:00,118823.1,119054.68,118554.135,118631.33,0.004165778,8.0,118693.12143
2025-07-13 17:00:00+00:00,118567.125,118899.9545,118433.875,118768.74,0.002173686,4.0,118595.942212
2025-07-13 18:00:00+00:00,118729.782,119153.86,118625.6265,119022.26,0.033129657,6.0,118771.162701
2025-07-13 19:00:00+00:00,119061.21,119454.693654822,118978.065,119027.575,0.229338834,94.0,119307.176207
2025-07-13 20:00:00+00:00,119086.62,119399.928,118896.15,119125.5015,0.072491871,10.0,119269.767945
2025-07-13 21:00:00+00:00,119052.89,119140.8,118545.9005,118685.95,0.000606527,3.0,118650.315094
2025-07-13 22:00:00+00:00,118650.1695,118928.0,118323.0255,118618.4975,0.003273653,11.0,118806.344219
2025-07-13 23:00:00+00:00,118560.0225,119212.3815,118411.494,119110.54,0.001152473,6.0,118630.546916
2025-07-14 00:00:00+00:00,119157.6855,119561.679,118990.226,119150.12,0.130216791,46.0,119352.387169
2025-07-14 01:00:00+00:00,119224.5,119236.985,118953.64,119110.3,0.274173274,3.0,119078.202799
2025-07-14 02:00:00+00:00,119188.15,120001.0,119041.16,119749.2865,0.086998649,12.0,119798.295258
2025-07-14 03:00:00+00:00,119809.329,121428.51,119096.705583756,120782.745,0.425708486,15.0,120889.585097
2025-07-14 04:00:00+00:00,120849.181,121566.0,120665.942,121436.417,0.021062309,32.0,121046.396736
2025-07-14 05:00:00+00:00,121497.111,122596.1479213195,121202.1735,122514.9964213195,0.252127821,33.0,121872.581599
2025-07-14 06:00:00+00:00,122432.465,122478.7,122010.02,122141.18,0.105779095,10.0,122221.702424
2025-07-14 07:00:00+00:00,122160.2295,123207.2895,122125.175,122738.3615,0.180424866,23.0,122515.882559
2025-07-14 08:00:00+00:00,122666.027,122783.5425,122360.35,122576.0155,0.018206372,9.0,122665.495942
2025-07-14 09:00:00+00:00,122659.831,122659.831,121951.289,121980.865,0.010551214,7.0,122123.101665
2025-07-14 10:00:00+00:00,122077.818,122185.337,121699.0,121987.337,0.016386122,12.0,121816.431488
2025-07-14 11:00:00+00:00,121903.6365,122005.673,121383.905,121472.6,0.084884709,67.0,121540.738679
2025-07-14 12:00:00+00:00,121480.565,122032.89,121395.1125,121940.89,0.326681182,130.0,121811.334527
2025-07-14 13:00:00+00:00,122040.9,122180.7,121223.444,121732.4525,0.050317584,28.0,121862.309403
2025-07-14 14:00:00+00:00,121768.5,122083.962,120699.0,121202.95,0.083540749,26.0,121198.087714
2025-07-14 15:00:00+00:00,121158.7595,121158.7595,119631.94,119838.856,0.306638291,38.0,120137.72346
2025-07-14 16:00:00+00:00,119766.304,120288.825,119239.709,120288.825,0.213314937,27.0,119832.687666
2025-07-14 17:00:00+00:00,120199.74,120580.4,119795.66,119892.3545,0.181979755,14.0,120495.746366
2025-07-14 18:00:00+00:00,119949.734,120180.4395,119674.65,119680.51,0.018865831,14.0,120019.304233
2025-07-14 19:00:00+00:00,119766.73,120174.117,119609.5,119931.7465,0.749012656,176.0,119971.53895
2025-07-14 20:00:00+00:00,120017.2,120443.3795,119601.35,120218.295,0.034702165,3.0,120013.770117
2025-07-14 21:00:00+00:00,120155.609,120290.654,119877.709,120033.455,0.03235645,9.0,120133.966314
2025-07-14 22:00:00+00:00,119971.35,120314.8,119971.35,120042.2405,0.216864721,5.0,120312.084684
2025-07-14 23:00:00+00:00,120001.495,120023.52,119824.05,119880.798,0.0,0.0,120001.495
2025-07-15 00:00:00+00:00,119826.375,119948.65,119220.2465,119523.7435,0.077792605,4.0,119714.852925
2025-07-15 01:00:00+00:00,119467.15,119514.527,118443.25,118486.808,0.107369574,8.0,119006.608206
2025-07-15 02:00:00+00:00,118419.368,118857.0765,117850.438,118361.7758333334,0.016213969,18.0,118094.34791
2025-07-15 03:00:00+00:00,118334.8118333334,118334.8118333334,116864.675,117172.1775,0.127882067,15.0,117513.491811
2025-07-15 04:00:00+00:00,117100.549,117531.5,116321.9788177335,117489.51,0.122356631,11.0,117248.271172
2025-07-15 05:00:00+00:00,117447.876,117694.7645,116957.7,117334.33,0.027387701,11.0,117551.967889
2025-07-15 06:00:00+00:00,117254.985,117289.029,116789.91,117087.16,0.183327376,16.0,117119.910204
2025-07-15 07:00:00+00:00,117101.5415,117288.3,116427.8,116794.925,0.017253506,9.0,117066.836132
2025-07-15 08:00:00+00:00,116855.76,116898.486,116374.36,116760.215,0.283844807,11.0,116723.992871
2025-07-15 09:00:00+00:00,116854.71,117272.449,116681.593,116729.2365,0.017146505,11.0,116967.100817
2025-07-15 10:00:00+00:00,116805.463,117239.048,116756.1,117033.6245,0.015307423,5.0,116897.772907
2025-07-15 11:00:00+00:00,117020.31,117144.23,116324.1288177335,117144.23,0.104864348,8.0,116536.632349
2025-07-15 12:00:00+00:00,117103.915,117414.2135,116411.7575,117232.971,0.074630601,13.0,117113.809734
2025-07-15 13:00:00+00:00,117179.795,118431.03,117162.915,118053.96,0.124251018,29.0,118041.313596
2025-07-15 14:00:00+00:00,118083.87,118460.769,115777.358,115942.65,0.345775279,28.0,117671.164257
2025-07-15 15:00:00+00:00,116036.75,116724.4,115816.5365,116351.55,0.175840481,14.0,116272.376047
2025-07-15 16:00:00+00:00,116407.5885,117704.87,116335.93,117154.5,0.141805081,26.0,116944.294537
2025-07-15 17:00:00+00:00,117205.064,117547.7,117142.468,117365.3145,0.087948502,6.0,117467.282646
2025-07-15 18:00:00+00:00,117436.444,117436.444,116031.499,116718.3585,0.022608643,7.0,116749.667996
2025-07-15 19:00:00+00:00,116649.715,117823.93,115321.182266009,116382.947,0.204421887,139.0,116584.961476
2025-07-15 20:00:00+00:00,116416.9785,116680.8595,116264.39,116418.751,0.002920239,3.0,116420.52282
2025-07-15 21:00:00+00:00,116339.3605,117568.45,116339.3605,117549.18,0.000489063,2.0,117130.68634
2025-07-15 22:00:00+00:00,117597.027,117819.547,117272.7085,117783.07,0.00113392,2.0,117558.194925
2025-07-15 23:00:00+00:00,117823.93,117941.31,117525.5315,117808.9005,0.022504391,7.0,117724.511441
2025-07-16 00:00:00+00:00,117742.615,118204.541,117434.345,118115.5025,0.010974208,6.0,117941.350973
2025-07-16 01:00:00+00:00,118187.57,118187.57,117590.695,117715.097,0.227575557,4.0,117897.341827
2025-07-16 02:00:00+00:00,117686.2,117686.2,117070.185,117315.844,0.00948017,4.0,117472.2281
2025-07-16 03:00:00+00:00,117391.535,117523.209,117262.825,117499.655,0.004170062,2.0,117520.664546
2025-07-16 04:00:00+00:00,117388.424,117709.345,117296.44,117612.455,0.08234716,3.0,117650.972674
2025-07-16 05:00:00+00:00,117655.561,118086.7,117655.561,117866.4415,0.070762408,10.0,118024.267432
2025-07-16 06:00:00+00:00,117935.495,118387.04153380978,117777.57,118292.175,0.005266053,5.0,118033.322947
2025-07-16 07:00:00+00:00,118383.55,118387.04153380978,118073.5095,118204.189,0.001247497,4.0,118369.26162
2025-07-16 08:00:00+00:00,118272.855,118774.1695,118150.1975,118769.0705,0.088269786,8.0,118337.053859
2025-07-16 09:00:00+00:00,118856.741,119296.8,118660.7,119210.3565,0.092261453,15.0,119057.146295
2025-07-16 10:00:00+00:00,119261.4,119364.08,118731.4,118786.8,0.014905485,11.0,119176.057146
2025-07-16 11:00:00+00:00,118712.6205,118983.91,118712.6205,118776.595,0.005334615,2.0,118812.916498
2025-07-16 12:00:00+00:00,118765.1,119027.8385,118607.97,118713.93,0.004964737,4.0,118651.550172
2025-07-16 13:00:00+00:00,118622.6095,118931.69,118236.245,118722.9,0.043462439,14.0,118619.040714
2025-07-16 14:00:00+00:00,118764.485,119351.41,118281.34,118994.65,0.176128666,17.0,118626.953108
2025-07-16 15:00:00+00:00,119036.2,119892.45,118500.0,119164.976,0.189768493,27.0,119292.344744
2025-07-16 16:00:00+00:00,119244.9,119392.06,118559.4265,119371.725,0.036638551,21.0,119136.88801
2025-07-16 17:00:00+00:00,119466.05,119807.93,119087.91,119136.6375,0.045596014,12.0,119453.392386
2025-07-16 18:00:00+00:00,119216.6,119964.5,119022.945,119583.27,0.046551215,12.0,119517.136023
2025-07-16 19:00:00+00:00,119631.35,119809.52,119012.13,119339.34,0.072132395,122.0,119358.635485
2025-07-16 20:00:00+00:00,119295.934,120000.0,119069.3,119937.625,0.001504766,8.0,119839.090151
2025-07-16 21:00:00+00:00,119984.17,120118.625,119243.2,119363.934,0.157920255,10.0,119678.137498
2025-07-16 22:00:00+00:00,119400.015,119579.03,118662.3965,118732.0905,0.03507186,5.0,119358.63156
2025-07-16 23:00:00+00:00,118683.24,118895.625,118522.6035,118702.2915,0.20018081,4.0,118787.987415
2025-07-17 00:00:00+00:00,118617.05,119191.535,118617.05,118988.2175,0.000180263,3.0,118830.983902
2025-07-17 01:00:00+00:00,118928.935,119148.328,117750.5,118222.96,0.011357538,9.0,118283.736413
2025-07-17 02:00:00+00:00,118297.1,118500.0,118084.7045,118344.695,0.00198355,8.0,118343.258683
2025-07-17 03:00:00+00:00,118415.938,118415.938,117853.9765,118149.5595,0.014588349,6.0,117987.058484
2025-07-17 04:00:00+00:00,118238.5,118482.05,118043.67,118474.945,0.001394251,4.0,118278.080613
2025-07-17 05:00:00+00:00,118430.675,118661.145,118327.65,118624.435,0.006977587,2.0,118490.046953
2025-07-17 06:00:00+00:00,118703.25,118823.865,118408.55,118463.3915,0.005065964,3.0,118453.079795
2025-07-17 07:00:00+00:00,118425.682,118568.68,117898.535,118380.346,0.000525324,1.0,118320.853
2025-07-17 08:00:00+00:00,118395.895,118552.29,118137.0495,118362.805,0.000644919,5.0,118406.942499
2025-07-17 09:00:00+00:00,118288.531,119271.7,118288.531,118879.3985,0.127499925,7.0,118638.799023
2025-07-17 10:00:00+00:00,118921.22,118921.22,118285.675,118417.9,0.01813013,4.0,118672.547633
2025-07-17 11:00:00+00:00,118330.35,118428.56,118032.4905,118032.4905,0.00933918,3.0,118258.270017
2025-07-17 12:00:00+00:00,118082.31,118237.118,117537.7195,117952.55,0.032355831,6.0,117688.688752
2025-07-17 13:00:00+00:00,117867.25,118476.95,117619.9,118353.7405,0.286899203,18.0,118245.868288
2025-07-17 14:00:00+00:00,118400.215,119005.356,118262.115,118835.1225,0.035029732,9.0,118769.45785
2025-07-17 15:00:00+00:00,118898.193,119186.0,118437.739,118956.569,0.027362418,13.0,119009.117669
2025-07-17 16:00:00+00:00,119017.3785,119017.3785,118454.9865,118608.006,0.077377978,14.0,118689.363882
2025-07-17 17:00:00+00:00,118692.52,119389.4,118476.0,119389.4,0.047299921,16.0,119035.101797
2025-07-17 18:00:00+00:00,119457.2,119880.84,119311.381,119684.9915,0.130380468,13.0,119700.531682
2025-07-17 19:00:00+00:00,119600.033,119957.2,118900.934,118994.1,0.051207225,71.0,119541.866169
2025-07-17 20:00:00+00:00,119091.55,119438.25,118486.009,119438.25,0.095091727,18.0,118787.785323
2025-07-17 21:00:00+00:00,119530.4595,120957.85,119513.6,120454.35,0.023922196,21.0,120367.24471
2025-07-17 22:00:00+00:00,120426.6,120781.316,119592.6,119834.35,0.106515543,11.0,120267.775143
2025-07-17 23:00:00+00:00,119780.497,119960.79,119272.0695,119272.0695,0.016258856,3.0,119773.488913
2025-07-18 00:00:00+00:00,119343.042,119845.1235,119148.8,119828.4675,0.029387125,4.0,119717.570118
2025-07-18 01:00:00+00:00,119773.05,120892.36,119772.671,120426.3855,0.00151283,8.0,120474.158049
2025-07-18 02:00:00+00:00,120478.998,120478.998,119975.409,120166.3235,0.006839041,12.0,120356.391737
2025-07-18 03:00:00+00:00,120248.53,120580.8445,120023.029,120313.495,0.017821487,26.0,120195.045122
2025-07-18 04:00:00+00:00,120379.69,120606.672,119879.055,120564.745,0.012432166,14.0,120382.186011
2025-07-18 05:00:00+00:00,120638.77,120804.22,120328.4,120726.696,0.024568681,8.0,120706.212102
2025-07-18 06:00:00+00:00,120766.875,120908.914,120169.74,120377.59,0.004358756,3.0,120523.654197
2025-07-18 07:00:00+00:00,120474.7,120485.0,119439.8315,119439.8315,0.150040688,2.0,119826.775752
2025-07-18 08:00:00+00:00,119497.5815,119555.6185,118463.7565,118691.033,0.05349523,6.0,118595.974918
2025-07-18 09:00:00+00:00,118769.257,119030.9395,118508.725,118952.835,0.004650117,7.0,118742.981478
2025-07-18 10:00:00+00:00,118867.441,119365.1,118588.36,119315.65,0.108872859,24.0,118921.797609
2025-07-18 11:00:00+00:00,119242.9,119315.65,118847.3,119220.695,0.038309322,20.0,119025.259609
2025-07-18 12:00:00+00:00,119288.0115,119610.6,119191.84,119564.3,0.03032081,25.0,119422.709026
2025-07-18 13:00:00+00:00,119514.25,119514.25,118598.345,118817.4575,0.029066372,7.0,118930.35457
2025-07-18 14:00:00+00:00,118882.0775,119360.85,117395.875,118167.75,0.142975775,18.0,117800.84771
2025-07-18 15:00:00+00:00,118078.2,118305.345,117538.819,117926.65,0.15512647,15.0,117749.952017
2025-07-18 16:00:00+00:00,117994.352,118151.6,117545.85,117581.035,0.040765873,12.0,118021.309627
2025-07-18 17:00:00+00:00,117635.291,118067.9,117410.72,117697.865,0.056391989,7.0,117724.77168
2025-07-18 18:00:00+00:00,117603.0985,117763.8555,117403.375,117405.89,0.448472375,14.0,117487.852428
2025-07-18 19:00:00+00:00,117445.445,117909.2,117348.58,117457.09,0.075740071,157.0,117495.966829
2025-07-18 20:00:00+00:00,117462.44,117661.3,116915.9,117468.16,0.02674548,35.0,117273.918613
2025-07-18 21:00:00+00:00,117552.82,117972.8855,117451.9,117750.045,0.007236658,4.0,117866.954632
2025-07-18 22:00:00+00:00,117679.87,118074.0,117508.505,117732.995,0.111800156,3.0,117819.055209
2025-07-18 23:00:00+00:00,117799.348,118073.7395,117583.805,118011.247,0.004092274,1.0,117988.954
2025-07-19 00:00:00+00:00,117953.134,118097.606,117844.9535,117844.9535,0.002533259,1.0,117953.134
2025-07-19 01:00:00+00:00,117783.29,118194.595,117731.9795,118116.18,0.0,0.0,117783.29
2025-07-19 02:00:00+00:00,118193.405,118395.44,118042.97,118289.94,0.001112726,3.0,118371.959772
2025-07-19 03:00:00+00:00,118389.51,118488.78,118222.973,118421.6955,0.008999623,4.0,118469.239323
2025-07-19 04:00:00+00:00,118514.564,118520.6,118185.4,118232.321,0.023045798,5.0,118457.420216
2025-07-19 05:00:00+00:00,118174.345,118492.5,118174.345,118282.8575,0.014383639,2.0,118331.429918
2025-07-19 06:00:00+00:00,118345.5105,118345.5105,118165.621,118233.955,0.011428693,3.0,118312.690953
2025-07-19 07:00:00+00:00,118295.649,118454.76,118245.435,118262.1395,0.007883142,2.0,118446.636941
2025-07-19 08:00:00+00:00,118312.6,118334.145,118102.27,118184.965,0.086015907,3.0,118207.328044
2025-07-19 09:00:00+00:00,118162.135,118385.455,118162.135,118290.5,0.000828135,1.0,118385.455
2025-07-19 10:00:00+00:00,118394.02,118542.49,118310.808,118513.7965,0.000554393,2.0,118447.695695
2025-07-19 11:00:00+00:00,118597.723,118612.99,118249.75,118372.2825,0.036007883,7.0,118564.818873
2025-07-19 12:00:00+00:00,118358.601,118409.0835,118226.82,118274.096,0.011598194,1.0,118398.25
2025-07-19 13:00:00+00:00,118360.66,118403.885,118135.58,118241.75,0.000567685,6.0,118269.603295
2025-07-19 14:00:00+00:00,118345.9,118345.9,117641.7,117719.175,0.021038297,7.0,118092.695171
2025-07-19 15:00:00+00:00,117786.35,118358.2,117719.175,118161.15,0.003005737,4.0,118320.067081
2025-07-19 16:00:00+00:00,118108.83,118172.77,117893.855,118065.25,0.011903474,10.0,118083.626379
2025-07-19 17:00:00+00:00,118019.69,118019.69,117807.3,117842.521,0.031201235,4.0,117850.163117
2025-07-19 18:00:00+00:00,117875.69,118129.54,117801.18,117913.405,0.018599769,5.0,118089.439423
2025-07-19 19:00:00+00:00,117844.907,118233.5,117682.1165,118107.185,0.034111716,62.0,118073.460242
2025-07-19 20:00:00+00:00,118021.9,118248.08,117819.615,117819.615,0.002005645,2.0,118225.142626
2025-07-19 21:00:00+00:00,117858.792,117901.3,117387.415,117776.735,0.002671204,4.0,117751.449134
2025-07-19 22:00:00+00:00,117700.91,117967.176,117596.7,117919.8505,0.02595402,12.0,117889.765836
2025-07-19 23:00:00+00:00,117855.508,118037.89,117808.15,117923.53,0.419523139,3.0,118013.240087
2025-07-20 00:00:00+00:00,118022.66,118076.23,117730.86,118051.65,0.047536007,40.0,117948.723018
2025-07-20 01:00:00+00:00,118151.5,118172.08,117986.9565,118033.445,0.114583288,4.0,118152.053614
2025-07-20 02:00:00+00:00,117947.118,118071.6395,117847.2,117992.125,0.001161538,2.0,117965.27631
2025-07-20 03:00:00+00:00,118053.2,118206.7,117848.1095,118022.595,0.024554468,9.0,118010.012737
2025-07-20 04:00:00+00:00,118084.29,118202.9895,117932.25,118029.645,0.002121096,2.0,117938.342794
2025-07-20 05:00:00+00:00,118006.03,118051.86,117866.074,117915.81,0.000204504,1.0,118051.86
2025-07-20 06:00:00+00:00,117921.0665,118039.3,117817.05,117909.816,0.016670611,19.0,117989.661672
2025-07-20 07:00:00+00:00,117913.4075,118335.62,117904.017,118084.225,0.007261995,11.0,118061.498809
2025-07-20 08:00:00+00:00,118167.057,118394.9,118130.696,118259.118,0.001333746,2.0,118308.170038
2025-07-20 09:00:00+00:00,118350.336,118420.11,118008.0,118008.0,0.001945149,6.0,118255.446488
2025-07-20 10:00:00+00:00,117908.7,118116.9,117902.936,117985.5,0.007465588,6.0,118074.829765
2025-07-20 11:00:00+00:00,117985.325,118111.213,117943.228,117945.685,0.001227506,1.0,118005.889
2025-07-20 12:00:00+00:00,117947.975,118259.052,117869.3405,118138.02,0.00458364,3.0,118223.704156
2025-07-20 13:00:00+00:00,118201.397,118481.315,118128.0,118481.315,0.004088883,7.0,118217.804803
2025-07-20 14:00:00+00:00,118559.31,118882.69,118330.2215,118513.984,0.425661876,11.0,118589.19035
2025-07-20 15:00:00+00:00,118584.82,118899.627,118406.454,118740.5965,0.65718472,21.0,118518.821739
2025-07-20 16:00:00+00:00,118835.6,118970.92,118486.64,118597.355,0.103986848,85.0,118733.120699
2025-07-20 17:00:00+00:00,118517.858,118572.816,118018.5,118091.955,0.002733334,6.0,118159.846398
2025-07-20 18:00:00+00:00,118143.8995,118508.755,118134.925,118430.0,0.008644295,6.0,118243.199244
2025-07-20 19:00:00+00:00,118508.2,119066.38,118228.607,118228.607,0.051034761,123.0,118489.895924
2025-07-20 20:00:00+00:00,118184.52,118326.943,118003.43,118173.122,0.000669775,2.0,118226.46099
2025-07-20 21:00:00+00:00,118090.775,118236.272,117928.539,118118.35,0.126952102,12.0,117942.581148
2025-07-20 22:00:00+00:00,118032.44,118032.44,116563.985,117566.3095,0.063720048,11.0,117264.831557
2025-07-20 23:00:00+00:00,117490.519,117597.353,116985.482,117356.0,0.550533411,17.0,117310.888081
2025-07-21 00:00:00+00:00,117312.965,117415.39,116596.92,117407.7025,0.00014051,4.0,117079.000257
2025-07-21 01:00:00+00:00,117479.475,117491.03,116874.6075,117377.2,0.000115209,2.0,117193.361629
2025-07-21 02:00:00+00:00,117453.025,118254.045,117399.565,118254.045,0.026640681,13.0,117951.88608
2025-07-21 03:00:00+00:00,118323.675,118659.7,118220.3665,118465.4525,0.004097042,4.0,118329.30491
2025-07-21 04:00:00+00:00,118540.907,118683.191,118318.124,118433.984,0.369366235,11.0,118465.803442
2025-07-21 05:00:00+00:00,118492.126,118561.4,118236.775,118493.289,0.02298699,5.0,118549.905789
2025-07-21 06:00:00+00:00,118581.238,119291.5,118355.116,119243.8845,0.035774337,15.0,118915.936639
2025-07-21 07:00:00+00:00,119320.469,119647.2165,119243.8845,119342.7,0.021781148,8.0,119439.946693
2025-07-21 08:00:00+00:00,119379.7215,119540.694,118890.02,119027.28,0.087502792,5.0,119520.272494
2025-07-21 09:00:00+00:00,119107.467,119146.501,118591.047,118708.58,0.103685619,3.0,118772.960288
2025-07-21 10:00:00+00:00,118798.802,118866.4,118404.813,118613.676,0.066677148,6.0,118661.032346
2025-07-21 11:00:00+00:00,118655.764,118787.096,118136.7,118168.325,0.022457169,2.0,118293.431384
2025-07-21 12:00:00+00:00,118130.035,118654.0,117803.5015,118228.34,0.143457138,9.0,117979.81222
2025-07-21 13:00:00+00:00,118142.3365,119077.49,117935.143,118881.317,0.080469305,20.0,118538.307129
2025-07-21 14:00:00+00:00,118934.017,119313.385,118498.524,118884.718,0.073767927,14.0,118928.367956
2025-07-21 15:00:00+00:00,118955.377,119133.531,118384.7455,118384.7455,0.043753935,14.0,118700.608114
2025-07-21 16:00:00+00:00,118432.0495,118569.44,117594.97,117829.325,0.188915058,24.0,117955.417304
2025-07-21 17:00:00+00:00,117776.03,118176.367,117428.37,117981.0875,0.041968308,8.0,117728.47363
2025-07-21 18:00:00+00:00,118014.27,118224.295,117190.4775,117211.835,0.046517005,14.0,117973.262234
2025-07-21 19:00:00+00:00,117129.08,117548.7,116743.0,116750.22,0.168943048,96.0,116869.863774
2025-07-21 20:00:00+00:00,116835.09,117361.319,116736.41,117013.225,0.166996647,38.0,117115.743978
2025-07-21 21:00:00+00:00,116939.76,117459.52,116939.76,117287.7245,0.001201314,8.0,117254.802528
2025-07-21 22:00:00+00:00,117257.81,117695.745,117185.514,117448.32,0.004604449,1.0,117448.2
2025-07-21 23:00:00+00:00,117401.085,117538.7,117183.44,117440.444,0.000832094,1.0,117469.0
2025-07-22 00:00:00+00:00,117395.3765,117634.14,117073.7095,117209.5,1.7036e-05,2.0,117521.265952
2025-07-22 01:00:00+00:00,117162.604,117996.0,116276.8288177335,117850.96,0.028934861,15.0,117091.449014
2025-07-22 02:00:00+00:00,117807.54,117827.22,117048.5,117105.371,0.000837287,1.0,117827.22
2025-07-22 03:00:00+00:00,117066.291,117301.3695,116731.3,117247.875,0.040166513,5.0,117162.313282
2025-07-22 04:00:00+00:00,117322.85,117380.4925,116618.275,116618.275,0.016599214,7.0,116960.98002
2025-07-22 05:00:00+00:00,116703.6555,117455.196,116690.0955,117367.8,0.00108972,3.0,117079.81496
2025-07-22 06:00:00+00:00,117416.2395,117857.295,117416.2395,117857.295,0.016507184,8.0,117576.283294
2025-07-22 07:00:00+00:00,117919.7,118656.8,117839.991,118006.554,0.005050993,7.0,118066.406425
2025-07-22 08:00:00+00:00,118104.873,118368.029,117558.557,118321.35,0.007257281,8.0,118122.401135
2025-07-22 09:00:00+00:00,118239.1,118683.496,117921.53,118505.2035,0.005006128,6.0,118255.184652
2025-07-22 10:00:00+00:00,118449.17,118871.28314,118357.0,118871.28314,0.012082372,10.0,118605.988735
2025-07-22 11:00:00+00:00,118894.01328,119252.0,118842.73,119225.1535,0.043916715,14.0,119031.518976
2025-07-22 12:00:00+00:00,119192.8035,119507.55,119152.3545,119325.5,0.009777708,21.0,119347.689045
2025-07-22 13:00:00+00:00,119390.31,119602.0185,118124.5505,118172.0,0.152248489,31.0,118886.980748
2025-07-22 14:00:00+00:00,118142.2,119147.34,117628.597,119131.46,0.065959874,10.0,117969.959088
2025-07-22 15:00:00+00:00,119071.2,119267.697,118775.109,119003.3945,0.440112445,11.0,119226.688479
2025-07-22 16:00:00+00:00,118927.585,119477.9,118722.8,118736.864,0.031347417,38.0,119034.577865
2025-07-22 17:00:00+00:00,118699.0,119287.0675,118466.13,119230.485,0.079396546,15.0,119220.903314
2025-07-22 18:00:00+00:00,119300.0,120304.568527918,119179.273,119772.9245,0.029138898,23.0,119815.058249
2025-07-22 19:00:00+00:00,119841.266,119954.23,119148.948,119368.025,0.157317221,87.0,119514.961529
2025-07-22 20:00:00+00:00,119332.715,119930.1525,119216.47,119805.145,0.012939,14.0,119388.128511
2025-07-22 21:00:00+00:00,119869.99,119916.54,119489.4425,119489.4425,0.00270217,4.0,119795.722975
2025-07-22 22:00:00+00:00,119568.985,120149.69,119568.985,119925.77,0.014583291,12.0,119846.566481
2025-07-22 23:00:00+00:00,119974.8,120275.84,119894.6,120051.7,0.0119233,8.0,120077.729483
2025-07-23 00:00:00+00:00,120122.41,120124.45,119585.072,119606.0086692011,0.066501523,13.0,119820.751634
2025-07-23 01:00:00+00:00,119585.072,119735.05,119502.012,119566.464,0.010126077,4.0,119630.373208
2025-07-23 02:00:00+00:00,119523.55,119523.55,119027.31,119132.1805,0.008116823,5.0,119188.53918
2025-07-23 03:00:00+00:00,119176.497,119176.497,118621.595,118658.79,0.410812711,10.0,118908.806853
2025-07-23 04:00:00+00:00,118709.462,119028.95,118630.075,119028.95,0.149951262,11.0,118666.08756
2025-07-23 05:00:00+00:00,118952.2,119038.2145,118685.701,118721.9,0.045925145,13.0,118902.682896
2025-07-23 06:00:00+00:00,118778.445,118839.97,118445.231,118510.35,0.0516338,4.0,118588.554221
2025-07-23 07:00:00+00:00,118561.55,118714.96,118333.5,118432.3095,0.017083055,9.0,118542.834437
2025-07-23 08:00:00+00:00,118516.319,118669.19,118265.1,118492.0745,0.021261455,9.0,118499.956316
2025-07-23 09:00:00+00:00,118585.75,118597.199,117978.5,118172.08,0.125854729,11.0,118244.758516
2025-07-23 10:00:00+00:00,118096.47,118505.26,117914.5,118437.508,0.0321,4.0,118112.377757
2025-07-23 11:00:00+00:00,118349.496,118651.58,118262.517,118595.0,0.252937828,4.0,118551.851382
2025-07-23 12:00:00+00:00,118556.24,118729.4395,117900.555,118084.11,0.004053098,1.0,118532.2
2025-07-23 13:00:00+00:00,117995.835,118260.634,117386.8855,117459.271,0.067468867,12.0,117960.641393
2025-07-23 14:00:00+00:00,117391.945,118314.566,117305.4,118279.0965,0.13727074,14.0,117954.67356
2025-07-23 15:00:00+00:00,118343.347,118795.425,117899.152,118589.261,0.007284047,7.0,118262.055741
2025-07-23 16:00:00+00:00,118534.155,118641.99,117660.14,117783.9405,0.081517077,18.0,118227.641901
2025-07-23 17:00:00+00:00,117882.457,118252.79,117406.28,118171.252,0.113065362,24.0,117639.347169
2025-07-23 18:00:00+00:00,118234.905,118444.7,118041.61,118409.75,0.015287767,11.0,118330.826249
2025-07-23 19:00:00+00:00,118335.9,118583.38,118248.966,118423.373,0.037408971,77.0,118488.362157
2025-07-23 20:00:00+00:00,118476.5355,118576.49,117640.7245,117952.2,0.041749521,6.0,118053.446949
2025-07-23 21:00:00+00:00,118022.9575,118212.09,117463.975,118212.09,0.004315317,3.0,117730.612778
2025-07-23 22:00:00+00:00,118172.8285,118692.579,118053.635,118649.2,0.001393257,3.0,118495.58616
2025-07-23 23:00:00+00:00,118738.7,118836.74679500001,118543.344,118778.3,0.000231636,6.0,118776.324788
2025-07-24 00:00:00+00:00,118835.9,119193.65,118645.079,119094.1935,0.002568836,9.0,118883.437872
2025-07-24 01:00:00+00:00,119191.827,119216.364,118903.38,119163.85,0.009835515,5.0,119183.927286
2025-07-24 02:00:00+00:00,119230.7,119230.7,118881.7065,119027.145,0.002251035,5.0,119100.473276
2025-07-24 03:00:00+00:00,119066.035,119387.24,118560.52,118575.648,0.003179452,4.0,118876.521482
2025-07-24 04:00:00+00:00,118660.996,118660.996,117905.485,118077.45,0.019032324,12.0,118107.552579
2025-07-24 05:00:00+00:00,118155.1,118155.1,117591.256,117721.597,0.009312736,7.0,117900.388836
2025-07-24 06:00:00+00:00,117721.597,117996.5,117494.375,117547.6895,0.012228078,8.0,117826.482943
2025-07-24 07:00:00+00:00,117514.275,118587.56,117205.516,118495.655,0.083987679,9.0,117801.081012
2025-07-24 08:00:00+00:00,118444.855,118856.99582399966,118349.17,118794.2979119998,0.114337765,7.0,118470.215367
2025-07-24 09:00:00+00:00,118856.99582399966,118856.99582399966,118398.9825,118567.2675,0.091381294,4.0,118670.424929
2025-07-24 10:00:00+00:00,118614.815,118688.53,117954.497,118487.975,0.009851033,23.0,118092.66647
2025-07-24 11:00:00+00:00,118495.824,118787.816,118366.814,118687.9455,0.001247571,5.0,118712.781602
2025-07-24 12:00:00+00:00,118754.079,118777.97,118374.9595,118621.8,0.004372601,7.0,118499.593612
2025-07-24 13:00:00+00:00,118559.915,118831.81,118282.284,118297.5935,0.009360539,5.0,118488.545852
2025-07-24 14:00:00+00:00,118219.2815,119173.32,117916.072,119173.32,0.012939817,12.0,118392.44922
2025-07-24 15:00:00+00:00,119107.623,119513.3,118588.05,119131.455,0.023023257,14.0,119183.786398
2025-07-24 16:00:00+00:00,119185.7,119282.0,118400.62,118607.9325,0.013147461,21.0,118957.203338
2025-07-24 17:00:00+00:00,118540.6495,119389.88,118538.092,119174.5945,0.142485027,23.0,119132.610075
2025-07-24 18:00:00+00:00,119252.306,119528.3,119046.2,119098.629,0.046291756,16.0,119271.413661
2025-07-24 19:00:00+00:00,119171.633,119524.15,118995.847,119002.1,0.077214939,73.0,119155.489834
2025-07-24 20:00:00+00:00,119050.107,119050.107,118754.428,118798.178,0.006231429,7.0,118902.369606
2025-07-24 21:00:00+00:00,118782.105,118845.365,118559.0,118618.89,0.009492815,5.0,118754.711651
2025-07-24 22:00:00+00:00,118676.032,118676.032,118280.20964125,118383.4605,3.8689e-05,1.0,118590.7
2025-07-24 23:00:00+00:00,118317.811,118549.33,118242.09,118384.01,0.319277199,9.0,118318.252746
2025-07-25 00:00:00+00:00,118434.62,118570.7,117713.8955,117731.2075,0.009380307,9.0,118442.703612
2025-07-25 01:00:00+00:00,117811.227,117816.24,117294.53,117444.695,0.006873767,9.0,117451.464602
2025-07-25 02:00:00+00:00,117369.3,117490.406,116448.78,116448.78,0.077910446,15.0,117310.600924
2025-07-25 03:00:00+00:00,116410.025,116484.65,115410.529064039,115460.025,0.183539317,18.0,115581.074158
2025-07-25 04:00:00+00:00,115382.4,116255.1,115160.75,116145.818,0.171486398,26.0,115489.849425
2025-07-25 05:00:00+00:00,116087.425,116126.617,115263.45,115616.73425,1.144792615,18.0,115693.434548
2025-07-25 06:00:00+00:00,115658.251,115658.251,115265.795,115331.499,0.12256475,13.0,115472.276858
2025-07-25 07:00:00+00:00,115288.4995,116014.685,114843.7,115331.055,0.317979472,21.0,115034.85876
2025-07-25 08:00:00+00:00,115270.41,116086.4,115046.728,115190.215,0.397448765,13.0,115623.758591
2025-07-25 09:00:00+00:00,115112.66,116065.783,115112.66,116065.783,0.015613299,6.0,115694.966146
2025-07-25 10:00:00+00:00,115967.6,116526.32,115967.6,116328.195,0.069419726,8.0,116279.479422
2025-07-25 11:00:00+00:00,116382.6375,116763.0265,116382.6375,116598.7685,0.004468487,3.0,116630.40141
2025-07-25 12:00:00+00:00,116505.637,116760.7,115993.051,116118.988,0.048467784,9.0,116527.96807
2025-07-25 13:00:00+00:00,116195.806,116628.95,115543.905,116199.407,0.058534723,18.0,116101.378943
2025-07-25 14:00:00+00:00,116280.044,116300.6805,114910.707,115004.405,0.267540461,16.0,115197.534931
2025-07-25 15:00:00+00:00,114942.5175,115899.25,114942.5175,115776.4,0.046269744,20.0,115447.733838
2025-07-25 16:00:00+00:00,115862.3,116244.74,115531.625,116244.74,0.007825788,13.0,115868.266088
2025-07-25 17:00:00+00:00,116331.11,116378.5,115959.66,116118.5995,0.014534926,8.0,116169.452618
2025-07-25 18:00:00+00:00,116187.699,116609.755,116118.5995,116553.145,0.014876036,11.0,116295.962709
2025-07-25 19:00:00+00:00,116456.3,117069.816,116456.3,116769.206,0.092618884,78.0,116848.12893
2025-07-25 20:00:00+00:00,116828.24,117384.88,116616.38,117102.791,0.002564179,6.0,117294.446703
2025-07-25 21:00:00+00:00,117173.93,117431.187,116995.795,117203.115,0.019357033,9.0,117286.829465
2025-07-25 22:00:00+00:00,117278.6,117419.64,117064.542,117337.873,0.038334062,9.0,117247.751255
2025-07-25 23:00:00+00:00,117240.6,117677.992,117240.6,117677.992,0.024100262,10.0,117281.183749
2025-07-26 00:00:00+00:00,117732.2,117733.994,117372.5695,117503.17,0.028580155,17.0,117619.505171
2025-07-26 01:00:00+00:00,117583.125,117612.335,117153.1,117195.9565,0.024216045,11.0,117475.699055
2025-07-26 02:00:00+00:00,117280.293,117769.104,117242.527,117522.9985,0.007240496,18.0,117549.481018
2025-07-26 03:00:00+00:00,117611.17,117739.3,117509.462,117560.405,0.010305742,17.0,117654.285474
2025-07-26 04:00:00+00:00,117611.51,117672.42,117489.6305,117521.4195,0.008978697,8.0,117654.795555
2025-07-26 05:00:00+00:00,117593.169,117626.913,117417.1,117499.6705,0.005027844,7.0,117537.278178
2025-07-26 06:00:00+00:00,117592.433,117592.433,117381.512,117425.3,0.01104582,12.0,117533.070368
2025-07-26 07:00:00+00:00,117408.81,117549.82,117310.18,117387.1735,0.009963503,5.0,117498.653387
2025-07-26 08:00:00+00:00,117471.827,117693.1,117317.91,117659.3215,0.216464227,10.0,117606.729711
2025-07-26 09:00:00+00:00,117656.605,117733.43,117492.998,117655.975,0.109643494,12.0,117582.592332
2025-07-26 10:00:00+00:00,117633.07,118246.625,117576.806,118026.8235,0.000886947,5.0,117922.505343
2025-07-26 11:00:00+00:00,118063.4,118133.7,117801.521,117855.096,0.004398925,11.0,117939.668745
2025-07-26 12:00:00+00:00,117916.492,118072.826,117812.0365,117975.2275,0.001802648,5.0,118017.992275
2025-07-26 13:00:00+00:00,117964.389,118296.647,117959.535,118178.125,0.012025862,5.0,118270.226767
2025-07-26 14:00:00+00:00,118215.2085,118331.965,118032.301,118142.3,0.002779158,6.0,118253.924771
2025-07-26 15:00:00+00:00,118112.5,118242.2,117906.6555,118166.294,0.011598603,5.0,118202.141564
2025-07-26 16:00:00+00:00,118193.415,118314.98,118057.054,118115.44,0.012977876,18.0,118278.472642
2025-07-26 17:00:00+00:00,118182.71,118182.71,118017.86,118099.7055,0.041655049,10.0,118126.340959
2025-07-26 18:00:00+00:00,118122.6105,118183.06,117981.44,118142.708,0.001885944,7.0,118124.951672
2025-07-26 19:00:00+00:00,118137.6665,118430.0,118082.0,118295.707,0.012895396,61.0,118317.075954
2025-07-26 20:00:00+00:00,118292.29,118373.58,117938.41,118035.8765,0.000997565,11.0,118169.686991
2025-07-26 21:00:00+00:00,117973.409,118131.6985,117926.973,118060.236,0.000392625,3.0,118070.777827
2025-07-26 22:00:00+00:00,118110.45,118301.4095,118018.305,118078.375,0.000601461,1.0,118078.1
2025-07-26 23:00:00+00:00,118104.871,118123.7,117922.108,117975.6295,4.9856e-05,1.0,117977.64
2025-07-27 00:00:00+00:00,118010.23,118041.785,117865.8245,118000.316,0.016187222,3.0,117925.474785
2025-07-27 01:00:00+00:00,118034.5575,118299.163,117959.4495,118185.1475,4.1436e-05,1.0,118299.163
2025-07-27 02:00:00+00:00,118169.265,118470.4,118061.2025,118354.12,0.016744025,4.0,118465.641928
2025-07-27 03:00:00+00:00,118448.34,118448.34,118076.4,118227.91,0.000386269,5.0,118317.027836
2025-07-27 04:00:00+00:00,118295.62,118364.32,118199.371,118291.0,0.001632592,4.0,118260.069941
2025-07-27 05:00:00+00:00,118237.9895,118359.575,118237.9895,118330.885,0.0,0.0,118237.9895
2025-07-27 06:00:00+00:00,118429.3,118495.9285,118244.245,118363.25,0.009676065,4.0,118425.500351
2025-07-27 07:00:00+00:00,118273.9,118315.1,118145.7525,118145.7525,0.0001,1.0,118315.1
2025-07-27 08:00:00+00:00,118199.1115,118199.1115,117997.8855,118026.46,0.008229812,2.0,118120.288965
2025-07-27 09:00:00+00:00,118000.2,118093.5205,117893.816,117989.076,0.00032726,1.0,118032.62
2025-07-27 10:00:00+00:00,118064.43,118365.8,118064.43,118269.79,0.0012473,2.0,118308.670477
2025-07-27 11:00:00+00:00,118217.42,118359.9,118116.745,118116.745,0.02900727,7.0,118227.982194
2025-07-27 12:00:00+00:00,118192.828,118192.828,118000.02,118121.45,0.000817372,1.0,118145.206
2025-07-27 13:00:00+00:00,118216.6505,118353.708,118142.555,118277.16,0.011885671,10.0,118315.842724
2025-07-27 14:00:00+00:00,118346.69,118536.82,118224.085,118498.43,0.002145802,8.0,118399.99628
2025-07-27 15:00:00+00:00,118582.16,118582.16,118300.45,118551.83,0.002683879,10.0,118444.744809
2025-07-27 16:00:00+00:00,118582.16,119594.8,118582.16,119084.225,0.069727596,36.0,119010.494418
2025-07-27 17:00:00+00:00,119009.15,119387.765,118878.7705,119240.4555,0.045292332,13.0,119252.150476
2025-07-27 18:00:00+00:00,119322.5,119471.09,118926.3,119087.35,0.023667838,307.0,119229.654702
2025-07-27 19:00:00+00:00,119067.7225,119201.4,118856.2,119001.0545,0.020517616,123.0,119056.857479
2025-07-27 20:00:00+00:00,119083.699,119281.59,118719.296,118832.199,0.007391528,48.0,118975.576939
2025-07-27 21:00:00+00:00,118912.58,119260.911,118722.99,119260.911,0.002075151,12.0,118932.710016
2025-07-27 22:00:00+00:00,119311.9305,119873.59,119311.9305,119564.35,0.00423572,16.0,119705.967095
2025-07-27 23:00:00+00:00,119639.12,119639.12,119235.68,119468.649,0.003436167,13.0,119471.093831
2025-07-28 00:00:00+00:00,119556.828,119772.279,119148.0745,119256.685,0.058523047,57.0,119532.886538
2025-07-28 01:00:00+00:00,119332.27,119558.474,118978.42,119062.515,0.002220537,13.0,119216.033229
2025-07-28 02:00:00+00:00,119110.17,119808.17,119110.17,119469.226,0.001404344,4.0,119656.595069
2025-07-28 03:00:00+00:00,119567.435,119567.435,119265.51,119314.35,0.008922141,4.0,119375.938126
2025-07-28 04:00:00+00:00,119390.3,119425.128,119164.72,119223.5525,0.001766365,3.0,119218.712435
2025-07-28 05:00:00+00:00,119287.0,119762.17,119287.0,119585.89,0.255223968,4.0,119692.00015
2025-07-28 06:00:00+00:00,119653.5,119653.5,119488.1,119491.331,0.000272049,4.0,119570.584047
2025-07-28 07:00:00+00:00,119443.04,119504.4,118818.11,118912.765,0.005314034,3.0,119042.880805
2025-07-28 08:00:00+00:00,118847.0255,119153.78,118803.105,119123.4875,0.004770991,8.0,118894.336593
2025-07-28 09:00:00+00:00,119062.7,119062.7,118765.4875,118933.685,0.00193913,1.0,118982.1
2025-07-28 10:00:00+00:00,118916.71,118970.54,118655.225,118784.18,0.004351949,4.0,118936.993329
2025-07-28 11:00:00+00:00,118693.13,118883.69,118517.065,118780.8385,0.004701417,5.0,118579.81511
2025-07-28 12:00:00+00:00,118841.3325,119063.6785,118788.95,118847.55,0.003368605,6.0,118897.034447
2025-07-28 13:00:00+00:00,118940.1,119098.2,118290.53,118384.01,0.032928474,10.0,118449.962896
2025-07-28 14:00:00+00:00,118444.09,118737.74,117914.6,118030.010085,0.05015664,22.0,118366.373619
2025-07-28 15:00:00+00:00,118048.4,118483.2115,117930.416,118198.07,0.004540795,8.0,118274.211608
2025-07-28 16:00:00+00:00,118273.63,118378.7255,117987.17,118003.29,0.049999681,20.0,118046.854891
2025-07-28 17:00:00+00:00,118078.78,118142.14,117662.9005,117680.5065,0.004854666,8.0,118076.515879
2025-07-28 18:00:00+00:00,117650.885,117853.595,117367.6,117800.64,0.003067116,9.0,117613.616275
2025-07-28 19:00:00+00:00,117726.1,118247.629,117553.8,118070.11,0.436766588,99.0,117842.687994
2025-07-28 20:00:00+00:00,118128.135,118186.7,117446.751,118053.452,0.017108181,41.0,117873.6108
2025-07-28 21:00:00+00:00,118129.665,118341.79,117968.855,118154.979,0.003355182,7.0,118198.028955
2025-07-28 22:00:00+00:00,118202.55,118277.3,117823.4,117859.825,0.002658682,9.0,118170.532915
2025-07-28 23:00:00+00:00,117935.83,118241.001,117811.548,118047.339,0.005211699,9.0,118018.134047
2025-07-29 00:00:00+00:00,118121.915,118536.187,117565.8765,117991.73,0.011065504,16.0,118072.015969
2025-07-29 01:00:00+00:00,117972.571,118279.84,117831.346,117831.346,0.019531535,3.0,118176.022251
2025-07-29 02:00:00+00:00,117760.997,118081.0,117469.676,118060.45,0.000138467,1.0,118036.9
2025-07-29 03:00:00+00:00,118136.8145,118857.666,118136.8145,118770.225,0.004677598,7.0,118471.374499
2025-07-29 04:00:00+00:00,118732.225,118770.3,118448.09,118514.8,0.000622866,8.0,118721.733644
2025-07-29 05:00:00+00:00,118613.1,118946.87,118514.8,118837.55,0.007398515,10.0,118755.80895
2025-07-29 06:00:00+00:00,118910.4,119057.3975,118743.7,118787.56,0.010331766,7.0,118892.015209
2025-07-29 07:00:00+00:00,118709.22,119275.791,118709.22,118855.361,0.097105217,5.0,118821.477776
2025-07-29 08:00:00+00:00,118946.68,119106.836,118779.011,118949.8275,0.002895168,9.0,119022.705251
2025-07-29 09:00:00+00:00,118923.817,119037.3,118773.124,118773.124,0.000233823,3.0,118962.242991
2025-07-29 10:00:00+00:00,118860.698,118916.7,118261.77,118358.855,0.103594576,12.0,118637.751562
2025-07-29 11:00:00+00:00,118272.9045,118637.2615,118243.88,118637.2615,0.001145603,11.0,118483.558623
2025-07-29 12:00:00+00:00,118662.5365,119134.6,118498.95,118924.75,0.005865237,34.0,118837.402448
2025-07-29 13:00:00+00:00,119008.1,119067.386,118557.25,118557.25,0.010676062,21.0,119018.023371
2025-07-29 14:00:00+00:00,118540.365,118540.365,117725.86,117792.95,0.046293695,9.0,118264.454193
2025-07-29 15:00:00+00:00,117837.95,117921.71,117271.53,117392.503,0.220719329,11.0,117500.4514
2025-07-29 16:00:00+00:00,117473.706,117762.927,117048.7,117703.5285,0.121534621,40.0,117515.920582
2025-07-29 17:00:00+00:00,117794.655,118054.65,117542.2,117774.2295,0.044813327,11.0,117798.070383
2025-07-29 18:00:00+00:00,117726.297,117788.039,117505.373,117591.2495,0.009330231,4.0,117678.657716
2025-07-29 19:00:00+00:00,117665.55,117952.638,117382.542,117515.9,0.090307856,71.0,117564.280193
2025-07-29 20:00:00+00:00,117572.1,117836.0725,117100.45,117469.2,0.049342989,10.0,117502.900037
2025-07-29 21:00:00+00:00,117543.9,117644.05,117180.897,117578.3315,0.04376614,6.0,117516.868299
2025-07-29 22:00:00+00:00,117670.663,117861.064,117427.7115,117831.346,0.047250069,8.0,117646.496655
2025-07-29 23:00:00+00:00,117831.8965,118004.26,117725.8625,117952.185,0.001078862,4.0,117866.784248
2025-07-30 00:00:00+00:00,117895.325,118019.84,117521.135,117736.82,0.007822936,10.0,117902.544825
2025-07-30 01:00:00+00:00,117791.74,117932.7235,117454.15,117847.659,0.000273914,2.0,117652.391988
2025-07-30 02:00:00+00:00,117879.4,118156.8,117738.3,118010.501,0.001975572,9.0,118093.979083
2025-07-30 03:00:00+00:00,118004.31,118232.0085,117847.203,118167.595,0.002673715,7.0,118097.513277
2025-07-30 04:00:00+00:00,118231.79,118268.3,117966.555,118034.903,0.007583548,10.0,118137.49657
2025-07-30 05:00:00+00:00,118121.3,118121.3,117690.105,117948.75,0.004558285,4.0,117845.869607
2025-07-30 06:00:00+00:00,118019.3655,118268.3,118008.2115,118237.83,0.003621108,6.0,118187.485896
2025-07-30 07:00:00+00:00,118268.3,118396.3,118127.447,118127.447,0.012944437,10.0,118292.546844
2025-07-30 08:00:00+00:00,118037.55,118480.7338209162,117972.791,118428.691,0.002416631,5.0,118086.379497
2025-07-30 09:00:00+00:00,118491.33,118491.33,118022.762,118195.165,0.00439418,3.0,118169.829063
2025-07-30 10:00:00+00:00,118246.44,118447.776,118009.82,118009.82,0.062601239,3.0,118271.39069
2025-07-30 11:00:00+00:00,118059.639,118174.445,117437.126,117546.834,0.001107865,1.0,118110.48
2025-07-30 12:00:00+00:00,117585.795,117904.38,117387.193,117767.41,0.004788692,5.0,117787.670508
2025-07-30 13:00:00+00:00,117824.786,117878.2205,117431.4165,117718.015,0.884472986,7.0,117596.830273
2025-07-30 14:00:00+00:00,117629.57,118682.425,117558.7,118628.58,0.089224992,17.0,118228.448263
2025-07-30 15:00:00+00:00,118640.1,118892.7,117848.9415,117955.535,0.02012251,10.0,118533.402577
2025-07-30 16:00:00+00:00,118023.105,118104.31,117623.725,117675.0235,0.07088691,15.0,117962.98154
2025-07-30 17:00:00+00:00,117760.575,117928.69,117692.85,117845.1405,0.017769074,7.0,117788.769175
2025-07-30 18:00:00+00:00,117880.355,118015.72,116495.4,116497.162,0.013993835,5.0,117212.951754
2025-07-30 19:00:00+00:00,116527.162,117179.2,115867.85,116942.8,0.160070007,87.0,116392.944778
2025-07-30 20:00:00+00:00,116864.54,117313.2095,116864.54,117106.37,0.005864974,6.0,117238.522974
2025-07-30 21:00:00+00:00,117180.325,117347.6,116942.0285,117281.3285,0.001145699,6.0,117172.417304
2025-07-30 22:00:00+00:00,117346.557,117518.2,117241.26,117518.2,0.004034966,5.0,117274.554509
2025-07-30 23:00:00+00:00,117465.5855,117903.87,117465.5855,117839.795,0.00682644,10.0,117605.588713
2025-07-31 00:00:00+00:00,117844.185,118494.7,117821.7445,118425.105,0.005644758,7.0,118093.653671
2025-07-31 01:00:00+00:00,118492.45,118495.563,118037.59,118037.59,0.030288074,3.0,118491.091161
2025-07-31 02:00:00+00:00,118099.463,118489.45,117989.35,118449.2165,0.025710702,11.0,118366.130409
2025-07-31 03:00:00+00:00,118439.65,118549.2295,118377.552,118444.75,0.125080104,8.0,118382.409202
2025-07-31 04:00:00+00:00,118448.376,118545.55,118363.492,118509.1195,0.003039969,4.0,118451.146415
2025-07-31 05:00:00+00:00,118572.539,118572.539,118221.926,118364.6,0.019356426,12.0,118497.946958
2025-07-31 06:00:00+00:00,118413.537,118715.162,118257.0615,118715.162,0.001380065,2.0,118458.372465
2025-07-31 07:00:00+00:00,118676.182,118927.945,118581.394,118680.572,0.087399068,12.0,118911.524607
2025-07-31 08:00:00+00:00,118711.5055,118779.0,118563.638,118573.9805,0.025540219,7.0,118635.089875
2025-07-31 09:00:00+00:00,118533.8205,118616.613,118427.9,118612.13,0.00613141,4.0,118578.811814
2025-07-31 10:00:00+00:00,118661.484,118661.484,118433.1525,118542.735,0.005017429,5.0,118532.251188
2025-07-31 11:00:00+00:00,118552.555,118552.555,118284.24,118340.757,0.002649433,2.0,118407.52366
2025-07-31 12:00:00+00:00,118392.17,118565.04,118249.86,118565.04,0.000515812,2.0,118272.333921
2025-07-31 13:00:00+00:00,118504.709,118630.385,117833.4,118577.0925,0.010755946,4.0,118171.439142
2025-07-31 14:00:00+00:00,118655.273,118655.273,117880.34,117880.34,0.043258182,6.0,118362.632506
2025-07-31 15:00:00+00:00,117965.994,118331.7605,117906.0,118308.578,0.0073843,5.0,118180.558501
2025-07-31 16:00:00+00:00,118363.4445,118852.0105,118195.3,118504.835,0.018254734,18.0,118333.03774
2025-07-31 17:00:00+00:00,118567.96,118579.063,117746.3165,117762.1915,0.020859133,10.0,118119.705947
2025-07-31 18:00:00+00:00,117682.1,117982.142,117404.045,117685.6185,0.213619982,19.0,117666.959261
2025-07-31 19:00:00+00:00,117719.445,117813.98,116683.35,116755.294,0.090945152,91.0,117036.880005
2025-07-31 20:00:00+00:00,116839.088,116960.2,116449.2495,116505.661,3.474692075,24.0,116739.50706
2025-07-31 21:00:00+00:00,116457.1,116900.44,116248.4955,116550.6065,0.004308546,10.0,116805.08826
2025-07-31 22:00:00+00:00,116505.81,116529.785,116037.287,116037.287,0.002903308,11.0,116208.063496
2025-07-31 23:00:00+00:00,115973.854,116347.348,115529.175,115753.1085,0.005504525,11.0,115776.435296
2025-08-01 00:00:00+00:00,115803.863,115928.75,114396.3782266005,115409.512,0.579933519,32.0,114866.561637
2025-08-01 01:00:00+00:00,115488.424,115611.4435,114620.237,115335.131,0.344722189,20.0,115153.379873
2025-08-01 02:00:00+00:00,115415.062,116043.521,115208.42,116000.4895,0.072968352,11.0,115930.583451
2025-08-01 03:00:00+00:00,116092.5,116097.566,115658.99,115658.99,0.038406077,14.0,116016.747642
2025-08-01 04:00:00+00:00,115691.92,115786.966,115322.013,115706.9,3.012137182,15.0,115464.992341
2025-08-01 05:00:00+00:00,115771.9,115902.24,115387.2165,115569.51,0.001877171,3.0,115786.516569
2025-08-01 06:00:00+00:00,115614.32,115628.4205,115028.9,115112.7845,0.026129215,5.0,115133.214405
2025-08-01 07:00:00+00:00,115154.775,115252.546,114704.9404778325,115023.67,0.062165491,21.0,114935.698821
2025-08-01 08:00:00+00:00,114975.416,115401.4054894123,114108.87,114612.15,0.076136897,33.0,114578.368526
2025-08-01 09:00:00+00:00,114546.405,115369.0,114546.405,114907.876,0.045843203,21.0,115118.45274
2025-08-01 10:00:00+00:00,114889.76,115158.9,114696.1685,114771.5445,0.02028207,8.0,115033.988361
2025-08-01 11:00:00+00:00,114685.729,115303.578,114596.397,115227.0,0.107895444,11.0,114868.464816
2025-08-01 12:00:00+00:00,115289.4,115858.472,115192.7975,115687.35,0.017017885,13.0,115509.865173
2025-08-01 13:00:00+00:00,115768.3595,116028.646,114066.9,114324.655,0.090092413,16.0,115473.265537
2025-08-01 14:00:00+00:00,114269.098,115859.8,114000.205,115523.55,1.092129545,30.0,114324.24281
2025-08-01 15:00:00+00:00,115615.2,115615.2,114674.725,115376.55,0.31355562,20.0,114896.222483
2025-08-01 16:00:00+00:00,115316.9465,115738.001,114840.3,114958.3475,0.026723873,22.0,115594.99763
2025-08-01 17:00:00+00:00,115014.96,115025.299,114304.189,114353.787,0.063768458,22.0,114690.931255
2025-08-01 18:00:00+00:00,114403.546,114429.0315,113677.65,113831.5335,0.052305214,18.0,114194.241204
2025-08-01 19:00:00+00:00,113753.375,114507.9023553578,113105.85,113289.17,1.156805721,112.0,113259.363473
2025-08-01 20:00:00+00:00,113362.34,113902.235,113062.6,113902.235,0.016348349,22.0,113475.411975
2025-08-01 21:00:00+00:00,113836.17,114104.507,113663.04,113885.838,0.20477089,16.0,113972.620664
2025-08-01 22:00:00+00:00,113924.225,113962.988,112727.0798029555,113086.505,0.010469954,9.0,113011.026431
2025-08-01 23:00:00+00:00,113143.2855,113465.45,112858.802,113277.955,0.076401641,9.0,113389.280242
2025-08-02 00:00:00+00:00,113208.8,113766.71,113161.5265,113758.451,0.012281255,17.0,113488.129074
2025-08-02 01:00:00+00:00,113843.679,113873.0,113441.14,113635.043,0.000960324,3.0,113829.845256
2025-08-02 02:00:00+00:00,113556.1685,113758.45,113493.25,113680.645,0.014709043,7.0,113678.480183
2025-08-02 03:00:00+00:00,113700.942,113892.214,113697.1885,113892.214,0.227089133,3.0,113781.960484
2025-08-02 04:00:00+00:00,113958.558,114070.88,113792.739,113997.559,0.009337142,8.0,113955.059916
2025-08-02 05:00:00+00:00,113933.8,114111.1,113817.65,113957.415,0.875564536,10.0,114092.24838
2025-08-02 06:00:00+00:00,114031.1,114031.1,113444.0,113685.385,0.126398665,14.0,113592.687707
2025-08-02 07:00:00+00:00,113745.72,114066.52,113530.096,113979.22,0.019190726,10.0,113860.947901
2025-08-02 08:00:00+00:00,114042.64,114042.7,113640.5435,113675.71,0.028405806,10.0,113855.629464
2025-08-02 09:00:00+00:00,113659.575,113891.95,113464.1,113670.29,0.137065333,11.0,113607.64415
2025-08-02 10:00:00+00:00,113593.905,113697.2,113377.41,113561.577,0.032224783,10.0,113606.092635
2025-08-02 11:00:00+00:00,113493.33,113941.1,113440.8,113738.82,0.004723522,8.0,113795.569818
2025-08-02 12:00:00+00:00,113701.003,113811.2,113480.0,113599.763,0.179978222,20.0,113771.524115
2025-08-02 13:00:00+00:00,113666.826,113694.02,113176.54,113437.8625,0.128031779,14.0,113405.404445
2025-08-02 14:00:00+00:00,113520.795,113520.795,112973.53,113119.5,0.012868256,14.0,113350.362773
2025-08-02 15:00:00+00:00,113167.2,113368.9145,112803.74,112814.0635,0.075440076,15.0,113050.659219
2025-08-02 16:00:00+00:00,112914.23,113246.607,112693.525,113126.1015,0.075391503,21.0,113031.33548
2025-08-02 17:00:00+00:00,113198.4605,113412.3455,112576.94,112689.334,0.013712511,6.0,113212.072726
2025-08-02 18:00:00+00:00,112729.375,112940.7,112100.8,112325.106,0.067060852,27.0,112777.305477
2025-08-02 19:00:00+00:00,112262.93,112891.855,112054.8,112243.335,0.52247608,115.0,112150.525031
2025-08-02 20:00:00+00:00,112181.1275,112768.625,112099.55,112768.625,0.022539262,9.0,112382.95379
2025-08-02 21:00:00+00:00,112672.3,113091.6,112524.908,112832.49,0.009182991,7.0,112910.689162
2025-08-02 22:00:00+00:00,112915.7455,113022.046,112548.95,112825.6095,0.003723769,3.0,112916.136728
2025-08-02 23:00:00+00:00,112798.9,112836.125,112277.355,112572.565,0.004806354,4.0,112588.33977
2025-08-03 00:00:00+00:00,112480.352,112945.97,111981.015,112920.1,0.194276778,9.0,112064.450316
2025-08-03 01:00:00+00:00,112965.8,113267.416,112800.115,113075.52,0.003778691,7.0,113009.128384
2025-08-03 02:00:00+00:00,113140.74,113471.6,113075.52,113444.815,0.001788174,6.0,113379.673453
2025-08-03 03:00:00+00:00,113385.83,113710.66,113385.83,113577.705,0.021586575,11.0,113581.817727
2025-08-03 04:00:00+00:00,113639.01,113639.01,113276.0,113434.3975,0.005900171,12.0,113483.647565
2025-08-03 05:00:00+00:00,113488.54,113639.185,113368.015,113593.0165,0.098224331,8.0,113541.027364
2025-08-03 06:00:00+00:00,113647.2,113709.18,113472.3695,113517.776,0.012360044,6.0,113642.304495
2025-08-03 07:00:00+00:00,113597.261,113776.59,113554.7,113689.8565,0.009791339,5.0,113735.941527
2025-08-03 08:00:00+00:00,113739.813,113846.2,113550.7,113695.7055,0.00506107,7.0,113789.091959
2025-08-03 09:00:00+00:00,113607.711,113773.54,113566.13,113641.653,0.003107073,8.0,113661.063135
2025-08-03 10:00:00+00:00,113657.96,113922.4575,113640.545,113878.318,0.006887831,4.0,113849.270903
2025-08-03 11:00:00+00:00,113955.446,114249.175,113858.5,113858.5,0.001157845,8.0,114091.557026
2025-08-03 12:00:00+00:00,113939.7,114111.1155,113688.43,114010.89,0.011879829,4.0,113949.381195
2025-08-03 13:00:00+00:00,113970.4,114144.63,113817.93,113943.315,0.002532927,2.0,113834.461511
2025-08-03 14:00:00+00:00,114007.185,114168.115,113626.918,113791.8445,0.055824332,6.0,114107.133594
2025-08-03 15:00:00+00:00,113777.5535,113956.926,113674.7495,113933.23,0.000848383,1.0,113826.601
2025-08-03 16:00:00+00:00,113930.267,114088.9,113700.1,113999.049,0.009072964,13.0,113876.120194
2025-08-03 17:00:00+00:00,113983.835,114185.4,113983.835,114142.23,0.003174944,6.0,114151.983957
2025-08-03 18:00:00+00:00,114213.36,114480.2,114067.65,114374.339,0.150709635,12.0,114315.222869
2025-08-03 19:00:00+00:00,114311.3,114813.3,114206.772,114292.309,0.036053775,61.0,114555.658521
2025-08-03 20:00:00+00:00,114377.5,114496.2,114170.735,114448.107,0.002124824,9.0,114284.184931
2025-08-03 21:00:00+00:00,114511.7,114639.018,114286.9,114465.862,0.007295882,27.0,114406.249958
2025-08-03 22:00:00+00:00,114516.068,114638.175,114002.537,114311.188,0.006099361,23.0,114282.764415
2025-08-03 23:00:00+00:00,114386.4,114481.113,114117.264,114237.095,0.002885167,2.0,114150.815647
2025-08-04 00:00:00+00:00,114288.156,114946.216,114133.77,114888.5,0.054238858,8.0,114425.205845
2025-08-04 01:00:00+00:00,114921.3,114962.2648523813,114607.6,114726.403,0.001900056,12.0,114793.017565
2025-08-04 02:00:00+00:00,114794.685,114870.043,114448.6325,114840.5175,0.004766973,6.0,114752.566511
2025-08-04 03:00:00+00:00,114928.3,114928.3,114537.3925,114596.7485,0.002645436,5.0,114688.476645
2025-08-04 04:00:00+00:00,114687.01,114725.0,114374.4295,114374.4295,0.000984193,5.0,114496.89392
2025-08-04 05:00:00+00:00,114409.625,114431.015,114172.8905,114407.75,0.0,0.0,114407.4875
2025-08-04 06:00:00+00:00,114390.0915,114499.704,114202.844,114464.76,0.049017374,11.0,114301.187786
2025-08-04 07:00:00+00:00,114490.2,114838.09,114400.3,114692.9735,0.019716301,9.0,114763.282631
2025-08-04 08:00:00+00:00,114695.25,114857.0,114366.5495,114520.4625,0.014011604,6.0,114631.606345
2025-08-04 09:00:00+00:00,114576.0785,114802.7,114226.632,114329.023,0.019367135,6.0,114377.574459
2025-08-04 10:00:00+00:00,114234.946,114541.18,114231.7335,114231.7335,0.049356,8.0,114352.316416
2025-08-04 11:00:00+00:00,114321.8,114547.455,114231.7335,114481.1,0.01934882,9.0,114353.966564
2025-08-04 12:00:00+00:00,114526.5725,114543.435,114313.643,114429.758,0.005738431,6.0,114500.543734
2025-08-04 13:00:00+00:00,114473.5655,114908.8,114133.995,114891.365,0.017670009,14.0,114455.46883
2025-08-04 14:00:00+00:00,114952.056,115561.0,114669.6,114728.1205,0.090031814,28.0,115362.54601
2025-08-04 15:00:00+00:00,114803.9,115122.836,114616.799,114831.671,0.064419089,9.0,114831.864274
2025-08-04 16:00:00+00:00,114914.799,115422.061,114831.671,115346.319,0.037444647,17.0,115136.132769
2025-08-04 17:00:00+00:00,115260.61,115688.9775,115175.081,115175.081,0.014923701,13.0,115378.633735
2025-08-04 18:00:00+00:00,115260.67,115347.3,114919.329,115021.22,0.029309863,14.0,115096.567746
2025-08-04 19:00:00+00:00,114937.7885,115185.12,114636.09,114729.015,0.371753587,148.0,114775.481599
2025-08-04 20:00:00+00:00,114799.27,115100.282,114550.5,114838.4155,0.022601683,11.0,114670.506569
2025-08-04 21:00:00+00:00,114899.2765,115263.742,114899.2765,115082.567,0.001602441,4.0,115136.917246
2025-08-04 22:00:00+00:00,115162.9,115367.558,115086.6945,115269.227,0.002811197,8.0,115260.113943
2025-08-04 23:00:00+00:00,115347.73,115391.94,115076.685,115084.3735,0.008903691,6.0,115231.113942
2025-08-05 00:00:00+00:00,114978.78,115158.8,114859.244,114859.244,0.002535707,2.0,114921.648938
2025-08-05 01:00:00+00:00,114939.6,115037.5965,114730.315,114756.535,0.00021765,1.0,114939.6
2025-08-05 02:00:00+00:00,114800.39,114800.39,114628.31,114699.2195,0.000420655,1.0,114783.45
2025-08-05 03:00:00+00:00,114729.145,114743.467,114242.9,114297.8,0.001922854,8.0,114517.233656
2025-08-05 04:00:00+00:00,114344.8,114406.057,114191.617,114361.0645,0.007242856,6.0,114293.781226
2025-08-05 05:00:00+00:00,114427.4,114493.35,114236.18,114412.794,0.001804408,7.0,114342.198631
2025-08-05 06:00:00+00:00,114418.3885,114530.913,114118.95,114173.115,0.004529636,8.0,114271.359158
2025-08-05 07:00:00+00:00,114251.546,114377.4625,113716.42,113987.477,0.019937364,8.0,114089.618933
2025-08-05 08:00:00+00:00,113961.0595,114518.769,113927.7945,114251.5795,0.003162654,6.0,114414.167672
2025-08-05 09:00:00+00:00,114297.9265,114756.515,114297.9265,114691.415,0.01,1.0,114554.54
2025-08-05 10:00:00+00:00,114760.4095,115064.5,114609.487,114811.319,0.004477828,6.0,114924.740565
2025-08-05 11:00:00+00:00,114896.041,115014.2,114737.0885,114804.66,0.135629303,8.0,114853.520606
2025-08-05 12:00:00+00:00,114773.617,114954.74,113570.9,113955.72,0.067407196,7.0,114607.854612
2025-08-05 13:00:00+00:00,113897.214,114568.096,113897.214,114375.765,0.044364793,9.0,114215.36681
2025-08-05 14:00:00+00:00,114385.758,114385.758,112656.475,113039.885,0.168766509,38.0,113222.888028
2025-08-05 15:00:00+00:00,113005.5145,113280.5,112701.5705,112939.8345,0.031113038,21.0,113057.848979
2025-08-05 16:00:00+00:00,112845.74,113319.5,112829.7385,113162.8,1.070469148,30.0,113174.771809
2025-08-05 17:00:00+00:00,113244.7,113618.0,113094.907,113606.1985,0.040069028,13.0,113322.458269
2025-08-05 18:00:00+00:00,113550.6585,113646.06,113262.02,113604.3775,0.013893299,7.0,113428.235994
2025-08-05 19:00:00+00:00,113660.35,113818.8,113323.0,113634.147,0.268594724,83.0,113542.842821
2025-08-05 20:00:00+00:00,113704.0855,113952.89,113485.1,113675.2945,0.005507376,6.0,113749.149827
2025-08-05 21:00:00+00:00,113709.31,113886.3,113551.427,113607.85,9.879e-05,3.0,113812.950021
2025-08-05 22:00:00+00:00,113537.45,113986.336,113334.6375,113919.8,0.000422181,3.0,113876.488133
2025-08-05 23:00:00+00:00,113969.595,114219.267,113941.2,114172.193,0.000410146,6.0,113997.928314
2025-08-06 00:00:00+00:00,114151.448,114151.448,113768.8885,113845.805,0.0,0.0,114143.809
2025-08-06 01:00:00+00:00,113786.035,113950.144,113600.85,113884.505,0.002120251,7.0,113877.21958
2025-08-06 02:00:00+00:00,113806.526,113806.526,113505.666,113614.4045,0.130278539,8.0,113773.21556
2025-08-06 03:00:00+00:00,113660.765,113705.51,113415.195,113530.6965,0.021834207,8.0,113553.171779
2025-08-06 04:00:00+00:00,113615.8,113615.8,113367.6705,113415.724,0.000691345,6.0,113501.040383
2025-08-06 05:00:00+00:00,113340.656,114389.1345,113340.656,114148.425,0.009245764,8.0,113933.443789
2025-08-06 06:00:00+00:00,114221.45,114221.45,113899.59,114055.084,0.029462106,4.0,113905.536214
2025-08-06 07:00:00+00:00,114132.231,114368.4,114029.138,114175.9135,0.01598578,8.0,114312.452421
2025-08-06 08:00:00+00:00,114092.867,114268.065,113740.786,113925.5005,0.033286409,5.0,113993.339462
2025-08-06 09:00:00+00:00,113981.611,114361.115,113925.5005,114069.4415,0.01965928,8.0,114088.77662
2025-08-06 10:00:00+00:00,114144.7675,114299.04,113908.35,114075.995,0.004332307,5.0,114254.445402
2025-08-06 11:00:00+00:00,114127.768,114385.175,113979.3765,114179.65,0.011061888,6.0,114286.861476
2025-08-06 12:00:00+00:00,114227.795,114354.4655,113844.088,113904.407,0.011368334,7.0,114073.80464
2025-08-06 13:00:00+00:00,113934.4,114382.08,113564.915,114281.15,0.080789444,19.0,114164.62563
2025-08-06 14:00:00+00:00,114325.882,115216.932,113963.9215,115216.932,0.097674676,18.0,114190.343847
2025-08-06 15:00:00+00:00,115286.787,115454.13775036848,114861.835,115443.1503751843,2.43994285,31.0,115326.110651
2025-08-06 16:00:00+00:00,115475.49,115475.49,114965.3515,115136.415,0.119879502,31.0,115038.515966
2025-08-06 17:00:00+00:00,115212.0,115544.2785,115085.91,115506.7935,0.026942902,15.0,115449.683835
2025-08-06 18:00:00+00:00,115558.9,115774.4,115234.1,115429.586,0.005120801,103.0,115481.29206
2025-08-06 19:00:00+00:00,115509.228,115604.898,115080.8,115244.336,0.048206869,82.0,115151.867844
2025-08-06 20:00:00+00:00,115283.349,115325.415,115013.062,115127.255,0.002389945,12.0,115279.387286
2025-08-06 21:00:00+00:00,115068.85,115301.3,114861.8625,115099.692,0.008653117,8.0,115114.856845
2025-08-06 22:00:00+00:00,115171.942,115247.334,115069.9525,115137.422,0.000272136,6.0,115176.458373
2025-08-06 23:00:00+00:00,115238.134,115238.134,114977.591,115059.26,0.000632301,3.0,115125.500872
2025-08-07 00:00:00+00:00,114982.866,115026.645,114895.491,114924.178,0.002159886,1.0,114895.491
2025-08-07 01:00:00+00:00,114912.865,115216.69,114633.484,114754.63,0.00026462,5.0,114994.200126
2025-08-07 02:00:00+00:00,114743.2915,114913.495,114482.738,114583.0505,0.000592026,5.0,114746.558589
2025-08-07 03:00:00+00:00,114561.249,114678.91,114443.538,114572.168,0.010294619,5.0,114602.256671
2025-08-07 04:00:00+00:00,114650.402,114669.4115,114332.2395,114380.6365,0.010112168,9.0,114411.58181
2025-08-07 05:00:00+00:00,114446.17,114592.39,114284.981,114582.325,0.001144684,9.0,114497.468614
2025-08-07 06:00:00+00:00,114661.1,114773.701,114482.8,114655.0785,0.000567941,4.0,114622.674397
2025-08-07 07:00:00+00:00,114730.35,114936.94,114691.631,114830.3,0.00986294,4.0,114785.763897
2025-08-07 08:00:00+00:00,114875.775,115162.718,114875.775,114980.07,0.01298872,9.0,115047.113648
2025-08-07 09:00:00+00:00,114996.89,115167.64,114889.269,115078.995,0.032115628,27.0,115104.639379
2025-08-07 10:00:00+00:00,115163.49,116487.944,115078.9195,116350.335,0.088209103,39.0,115965.018239
2025-08-07 11:00:00+00:00,116443.665,116926.07,116305.404,116608.9,0.121830611,97.0,116564.397239
2025-08-07 12:00:00+00:00,116573.87,116608.9,116057.135,116385.343,2.332328694,17.0,116437.992309
2025-08-07 13:00:00+00:00,116459.176,116847.1,116248.4,116676.3955,0.055550053,18.0,116648.148754
2025-08-07 14:00:00+00:00,116741.1,116781.35,116185.454,116346.405,0.113554827,37.0,116412.300155
2025-08-07 15:00:00+00:00,116423.5355,116853.33,116286.2435,116754.78,0.00380839,12.0,116587.954125
2025-08-07 16:00:00+00:00,116668.66,116846.2,115717.875,116295.4905,0.031853544,21.0,116668.52527
2025-08-07 17:00:00+00:00,116367.36,116605.2,116173.0,116549.6985,0.056855263,6.0,116309.725756
2025-08-07 18:00:00+00:00,116640.578,116643.79,116169.71,116604.399,0.026525746,40.0,116358.922112
2025-08-07 19:00:00+00:00,116684.23,117696.88,116510.151,117505.5345,0.148551098,201.0,117491.970638
2025-08-07 20:00:00+00:00,117415.568,117610.8,117191.1,117196.839,0.061588651,103.0,117434.901341
2025-08-07 21:00:00+00:00,117236.8275,117502.3,117083.8035,117169.1255,0.005983242,15.0,117307.918934
2025-08-07 22:00:00+00:00,117243.313,117642.098,117144.964,117623.1675,0.003568537,11.0,117396.647093
2025-08-07 23:00:00+00:00,117704.635,117704.635,117316.184,117523.545,0.012460219,11.0,117421.209467
2025-08-08 00:00:00+00:00,117575.68,117655.877,116926.7,117348.375,0.015630231,7.0,117369.590587
2025-08-08 01:00:00+00:00,117288.7045,117288.7045,116846.535,116922.08,0.000640478,3.0,117112.741705
2025-08-08 02:00:00+00:00,116922.08,116981.77,116765.215,116765.215,1.872e-05,1.0,116981.77
2025-08-08 03:00:00+00:00,116765.215,117109.3,116717.02,116747.66,0.003695136,10.0,116909.654361
2025-08-08 04:00:00+00:00,116747.66,116969.183,116680.897,116803.8785,0.018186302,15.0,116880.167712
2025-08-08 05:00:00+00:00,116797.8885,116797.8885,116589.485,116589.485,0.000262525,1.0,116606.7
2025-08-08 06:00:00+00:00,116589.485,116795.3,116457.578,116795.3,0.024604037,6.0,116588.376295
2025-08-08 07:00:00+00:00,116795.3,117092.025,116541.53,116893.735,0.10759757,7.0,116754.983914
2025-08-08 08:00:00+00:00,116893.735,116957.718,116454.3,116631.1025,0.041658483,5.0,116672.697636
2025-08-08 09:00:00+00:00,116631.1025,116782.89,116514.245,116735.135,0.023421973,4.0,116615.939942
2025-08-08 10:00:00+00:00,116735.135,116765.9825,116379.465,116576.15,0.019590027,3.0,116487.043547
2025-08-08 11:00:00+00:00,116576.15,116921.9065,116534.895,116921.9065,0.001413721,5.0,116656.328599
2025-08-08 12:00:00+00:00,116921.9065,117014.481,116538.1605,116558.425,1.841813863,13.0,116726.713998
2025-08-08 13:00:00+00:00,116570.902,117011.638,116546.545,116927.042,0.008205435,5.0,116797.56275
2025-08-08 14:00:00+00:00,116952.3,117242.855,116444.435,116513.7015,0.023222158,11.0,116928.8475
2025-08-08 15:00:00+00:00,116458.65,116545.67,115902.428,116240.3935,0.026492054,27.0,116431.234079
2025-08-08 16:00:00+00:00,116240.3935,116439.137,115952.89,116187.985,0.050850293,17.0,116187.821547
2025-08-08 17:00:00+00:00,116269.5805,116698.795,116217.585,116698.795,0.014713333,11.0,116393.460385
2025-08-08 18:00:00+00:00,116698.795,116915.065,116419.5385,116510.687,0.020990002,4.0,116714.429958
2025-08-08 19:00:00+00:00,116510.687,116781.8,116354.1,116538.435,0.107823716,129.0,116488.281748
2025-08-08 20:00:00+00:00,116476.3715,116913.161,116304.45,116830.09,0.00426937,11.0,116576.706101
2025-08-08 21:00:00+00:00,116848.4,117045.05,116753.4,116931.51,0.088590529,11.0,116786.576422
2025-08-08 22:00:00+00:00,117021.3,117074.084,116778.487,116917.865,0.000256443,5.0,117021.94332
2025-08-08 23:00:00+00:00,116851.2,116978.9,116680.1745,116680.1745,0.003269792,6.0,116778.779109
2025-08-09 00:00:00+00:00,116707.215,116826.38,116562.55,116603.834,0.010372896,2.0,116795.973834
2025-08-09 01:00:00+00:00,116649.4,116731.39,116548.063,116610.71,0.008501491,3.0,116690.572248
2025-08-09 02:00:00+00:00,116542.5715,116542.5715,116399.33,116435.8675,0.0,0.0,116542.5715
2025-08-09 03:00:00+00:00,116446.9245,116513.203,116352.4,116404.2195,0.0097839,3.0,116379.293771
2025-08-09 04:00:00+00:00,116481.949,116653.282,116398.76,116430.6,0.000165808,1.0,116481.949
2025-08-09 05:00:00+00:00,116481.815,117016.81,116481.815,116763.0475,0.0127737,9.0,116957.210334
2025-08-09 06:00:00+00:00,116825.7,116825.7,116533.4,116750.031,0.001280484,5.0,116704.857125
2025-08-09 07:00:00+00:00,116688.7945,116869.8,116650.658,116786.0065,0.043314211,7.0,116862.517257
2025-08-09 08:00:00+00:00,116774.8765,117206.36,116766.883,117126.49,0.035343593,14.0,116893.054455
2025-08-09 09:00:00+00:00,117194.18,117473.413,117123.232,117473.413,0.004738462,6.0,117400.021835
2025-08-09 10:00:00+00:00,117534.55,117961.2855,117401.725,117457.75,0.010634053,9.0,117631.558395
2025-08-09 11:00:00+00:00,117369.1,117504.81,117059.19,117105.13,0.002695904,11.0,117260.8913
2025-08-09 12:00:00+00:00,117117.05,117254.4,117021.7,117151.217,0.005466645,6.0,117091.134577
2025-08-09 13:00:00+00:00,117133.01,117195.6245,116871.69,116990.662,0.025051908,4.0,117194.130091
2025-08-09 14:00:00+00:00,116909.5235,117001.469,116774.645,116935.668,0.001845314,5.0,116967.202483
2025-08-09 15:00:00+00:00,117012.65,117122.5,116718.02,116881.9515,0.083412971,6.0,117044.346695
2025-08-09 16:00:00+00:00,116935.34,117076.179,116650.18,116696.388,0.010526507,17.0,117000.057788
2025-08-09 17:00:00+00:00,116613.9,116816.9145,116597.8,116693.3005,0.094383011,5.0,116617.101982
2025-08-09 18:00:00+00:00,116698.15,116806.985,116575.445,116679.0905,0.002695435,8.0,116739.746031
2025-08-09 19:00:00+00:00,116750.441,116783.39,116489.606,116568.7135,0.020745959,123.0,116599.059455
2025-08-09 20:00:00+00:00,116557.6195,117012.25,116478.52,116767.188,0.005913498,10.0,116795.593378
2025-08-09 21:00:00+00:00,116727.93,116840.655,116373.24,116574.2195,0.007760466,8.0,116562.152737
2025-08-09 22:00:00+00:00,116509.595,116850.067,116509.595,116616.955,0.002287846,8.0,116640.160598
2025-08-09 23:00:00+00:00,116585.925,116642.7,116414.7,116511.8,0.01055953,12.0,116488.829712
2025-08-10 00:00:00+00:00,116565.316,116852.09,116472.03,116746.47,0.025324625,7.0,116560.047187
2025-08-10 01:00:00+00:00,116778.073,116831.7,116533.638,116618.4245,0.000608051,4.0,116800.848206
2025-08-10 02:00:00+00:00,116615.05,117326.666,116603.6985,117326.666,0.00076759,5.0,116874.121226
2025-08-10 03:00:00+00:00,117396.032,118501.9570304565,117284.03,118485.13,0.003076676,15.0,118059.579046
2025-08-10 04:00:00+00:00,118518.8020304565,118795.94,118374.55,118458.115,0.098344165,14.0,118608.787491
2025-08-10 05:00:00+00:00,118517.506,118608.47,117926.405,118074.125,0.013502628,16.0,118175.153658
2025-08-10 06:00:00+00:00,118140.59,118207.43,117787.05,118094.85,0.021646738,6.0,118191.389782
2025-08-10 07:00:00+00:00,118175.5,118267.646,117503.865,117794.825,0.010132704,4.0,117841.663634
2025-08-10 08:00:00+00:00,117863.0,118342.9345,117683.149,118310.2795,5.1156e-05,1.0,117863.0
2025-08-10 09:00:00+00:00,118343.2,118495.242,118128.2,118286.07,0.034384688,9.0,118384.607442
2025-08-10 10:00:00+00:00,118209.1,118321.8095,118057.9225,118068.9785,0.014294803,4.0,118262.853853
2025-08-10 11:00:00+00:00,118013.255,118484.215,117938.9675,118356.76,0.035231441,3.0,118254.010758
2025-08-10 12:00:00+00:00,118464.382,118782.1,118281.2735,118513.969,0.00142099,7.0,118649.153329
2025-08-10 13:00:00+00:00,118587.738,118688.208,118389.815,118476.9365,0.025648751,6.0,118611.04579
2025-08-10 14:00:00+00:00,118526.543,118877.184,118388.49,118808.4875,0.006538664,10.0,118700.270815
2025-08-10 15:00:00+00:00,118897.475,119083.047,118607.3,118845.7,0.002979421,8.0,118834.910046
2025-08-10 16:00:00+00:00,118926.0,118993.19,118613.598,118683.776,0.131612572,19.0,118795.330564
2025-08-10 17:00:00+00:00,118583.25,118799.318,118498.954,118578.97,0.001389927,5.0,118654.56735
2025-08-10 18:00:00+00:00,118509.85,118654.497,118424.9,118570.955,0.033024529,6.0,118476.122345
2025-08-10 19:00:00+00:00,118478.81,118818.44,118471.676,118660.58,0.042752259,83.0,118751.056483
2025-08-10 20:00:00+00:00,118697.64,118795.8,118166.25,118365.625,0.005791621,11.0,118453.038692
2025-08-10 21:00:00+00:00,118305.415,118700.982,118135.9875,118700.982,0.029254221,5.0,118507.029348
2025-08-10 22:00:00+00:00,118791.04,119070.2,118644.95,119044.46,0.001467457,11.0,118839.119248
2025-08-10 23:00:00+00:00,119126.765,119289.340101522,118901.0475,119256.920050761,0.003558289,12.0,119134.380859
2025-08-11 00:00:00+00:00,119289.340101522,119444.68666,119058.35,119219.142,0.107816008,23.0,119312.684092
2025-08-11 01:00:00+00:00,119305.084,119960.415,119004.505,119960.415,0.02412225,19.0,119676.852804
2025-08-11 02:00:00+00:00,119937.025,121827.411167512,119874.05,121798.305083756,1.030442891,129.0,121359.791165
2025-08-11 03:00:00+00:00,121827.411167512,122141.4,120559.31,121738.21,0.258629586,29.0,121837.876858
2025-08-11 04:00:00+00:00,121647.68,122135.525,121625.19,122070.14,0.258436534,8.0,121664.853664
2025-08-11 05:00:00+00:00,122036.4665,122281.1,121788.497,122069.2205,0.013119008,11.0,121963.267693
2025-08-11 06:00:00+00:00,122115.55,122290.345,121951.702,122290.345,0.174149375,12.0,122117.674866
2025-08-11 07:00:00+00:00,122191.075,122191.075,121521.345,121521.345,0.103057071,17.0,122052.626909
2025-08-11 08:00:00+00:00,121484.56,121759.925,121148.9,121669.86,0.044965324,16.0,121634.783851
2025-08-11 09:00:00+00:00,121764.348,121764.348,121136.1885,121375.8035,0.008721346,3.0,121699.746952
2025-08-11 10:00:00+00:00,121457.4,121457.4,120922.705,121195.665,0.039484957,8.0,121152.725536
2025-08-11 11:00:00+00:00,121157.0175,121240.402,120267.965,120580.01,0.123281736,9.0,120847.27723
2025-08-11 12:00:00+00:00,120495.2,120645.844,119537.197,119609.908,0.144826612,22.0,120348.27713
2025-08-11 13:00:00+00:00,119551.5965,120237.5,119358.093,119997.75,0.034092197,18.0,119968.021796
2025-08-11 14:00:00+00:00,120082.8,120466.2878399998,119697.9,120205.38,0.042385701,17.0,120117.008036
2025-08-11 15:00:00+00:00,120176.13,120434.874,119801.018,120310.905,0.019758244,21.0,120080.432076
2025-08-11 16:00:00+00:00,120259.801,120834.567,119920.28,120010.149,0.045046051,23.0,120380.134502
2025-08-11 17:00:00+00:00,119923.881,120178.7,119464.76,119534.805,0.165566674,12.0,119484.602286
2025-08-11 18:00:00+00:00,119458.814,119880.358,119281.8335,119792.385,0.013060889,8.0,119696.867715
2025-08-11 19:00:00+00:00,119682.57,119810.475,118563.69,119142.2965,0.186759109,128.0,118918.985214
2025-08-11 20:00:00+00:00,119032.24,119113.95,118556.216,118882.352,0.007703331,23.0,118794.228563
2025-08-11 21:00:00+00:00,118831.7785,119183.716,118091.999,118732.4955,0.006376886,7.0,118369.669477
2025-08-11 22:00:00+00:00,118681.305,118918.7805,118227.5,118882.1,0.004330113,10.0,118657.529491
2025-08-11 23:00:00+00:00,118841.213,118916.02,118581.6,118703.75,0.002019183,6.0,118602.008063
2025-08-12 00:00:00+00:00,118749.8,119003.15,118642.895,119000.0485,0.043271327,6.0,118959.748106
2025-08-12 01:00:00+00:00,118935.185,119137.014,118738.2,118991.025,0.218907943,21.0,119120.882662
2025-08-12 02:00:00+00:00,118926.3585,119309.963,118798.65,119064.118,0.005833354,17.0,119075.226431
2025-08-12 03:00:00+00:00,119064.5,119237.28,118808.585,118863.918,0.017612787,11.0,118937.976871
2025-08-12 04:00:00+00:00,118797.971,119202.99,118797.971,119061.12,0.003610458,10.0,119045.099895
2025-08-12 05:00:00+00:00,119035.1515,119035.1515,118467.6,118844.4495,0.016451541,7.0,118684.185722
2025-08-12 06:00:00+00:00,118842.665,119041.8,118588.301,118857.466,0.075188574,15.0,118954.587063
2025-08-12 07:00:00+00:00,118890.37,119170.5215,118890.37,118997.065,0.015881088,4.0,119042.084474
2025-08-12 08:00:00+00:00,118999.2605,119069.433,118784.3355,118826.0925,0.03352305,4.0,118927.412039
2025-08-12 09:00:00+00:00,118842.965,118888.747,118484.805,118484.805,0.009278251,11.0,118633.493133
2025-08-12 10:00:00+00:00,118500.0325,118665.86,118156.6,118419.5055,0.060152727,17.0,118532.963466
2025-08-12 11:00:00+00:00,118442.5625,118702.73,118245.7,118577.15,0.004709184,15.0,118558.274527
2025-08-12 12:00:00+00:00,118487.04,119325.63,118282.332,119238.11,0.481050388,12.0,119314.180348
2025-08-12 13:00:00+00:00,119167.8,119698.215,118618.8305,118864.605,0.038174173,19.0,119135.810223
2025-08-12 14:00:00+00:00,118808.0,119385.87,118808.0,119366.8245,0.032263294,13.0,119189.638857
2025-08-12 15:00:00+00:00,119399.34,119899.34,119334.309,119892.515,0.017304866,20.0,119659.898456
2025-08-12 16:00:00+00:00,119899.34,120182.687,119560.327,119681.475,0.027216573,28.0,119909.684253
2025-08-12 17:00:00+00:00,119754.25,119918.476,119228.485,119265.5,0.060100162,17.0,119465.038027
2025-08-12 18:00:00+00:00,119326.7,120067.6,119276.5245,119346.089,0.05895598,17.0,119527.540778
2025-08-12 19:00:00+00:00,119414.2175,119895.73,119339.41,119714.515,0.218836063,90.0,119622.127815
2025-08-12 20:00:00+00:00,119646.531,120388.21,119546.262,120189.097,0.023591025,17.0,119806.089471
2025-08-12 21:00:00+00:00,120269.94,120269.94,119803.1385,119880.357,0.001178087,7.0,120105.07734
2025-08-12 22:00:00+00:00,119928.245,120119.01,119643.925,120049.115,0.013207973,6.0,119702.226074
2025-08-12 23:00:00+00:00,120030.55,120259.553,119937.0745,120134.4135,0.006582492,6.0,120134.541926
2025-08-13 00:00:00+00:00,120126.845,120202.1,119639.669,119704.85,0.007582551,9.0,120040.065143
2025-08-13 01:00:00+00:00,119653.5,119667.252,119413.47,119463.6,0.0,0.0,119653.5
2025-08-13 02:00:00+00:00,119436.38,119677.501,119078.05,119554.945,0.017137396,3.0,119426.104949
2025-08-13 03:00:00+00:00,119525.932,119593.73,119304.276,119472.1745,0.164241909,4.0,119478.042504
2025-08-13 04:00:00+00:00,119518.3195,119760.6765,119376.510000025,119376.510000025,0.001201212,1.0,119463.46
2025-08-13 05:00:00+00:00,119383.550000025,119675.64,118974.42,119056.55,0.090193698,9.0,119531.732139
2025-08-13 06:00:00+00:00,119018.2165,119470.69,119018.2165,119400.35,0.022838519,6.0,119213.189138
2025-08-13 07:00:00+00:00,119482.04,119646.37,119286.841,119646.37,0.002567126,4.0,119412.939151
2025-08-13 08:00:00+00:00,119539.285,120065.845,119479.535,120065.845,0.005410611,4.0,119909.578297
2025-08-13 09:00:00+00:00,120151.25,120170.1,119813.4,120131.403,0.009258254,7.0,120145.649347
2025-08-13 10:00:00+00:00,120203.64,120583.5,120075.071,120504.3685,0.007607101,8.0,120432.454421
2025-08-13 11:00:00+00:00,120468.16,120817.336,120413.252,120603.682,0.002739763,8.0,120701.86015
2025-08-13 12:00:00+00:00,120677.81,120727.61,120257.613,120310.125,1.374901238,13.0,120654.014833
2025-08-13 13:00:00+00:00,120244.0,122163.519,120154.57,121692.936,0.485737631,32.0,121820.619531
2025-08-13 14:00:00+00:00,121713.9,122200.78,120778.376,120927.875,0.206327315,39.0,121848.072273
2025-08-13 15:00:00+00:00,121001.025,121399.34,120435.07,120995.11,0.05080356,10.0,121072.321416
2025-08-13 16:00:00+00:00,121053.906,121748.85,121027.335,121459.1655,0.903185169,25.0,121455.354805
2025-08-13 17:00:00+00:00,121559.9,121899.34,121455.624,121842.6955,0.010427843,12.0,121789.308553
2025-08-13 18:00:00+00:00,121824.975,121899.34,121457.75,121630.31,0.012910153,9.0,121643.437678
2025-08-13 19:00:00+00:00,121584.5235,122799.031296954,121579.84,122740.98,0.290276333,130.0,122492.664139
2025-08-13 20:00:00+00:00,122783.594796954,122899.34,122540.0845,122877.42,0.044542204,23.0,122756.496514
2025-08-13 21:00:00+00:00,122894.4955,122971.654,122433.62,122625.665,0.00575799,6.0,122876.346
2025-08-13 22:00:00+00:00,122631.606,123631.8520478255,122631.606,123025.25,0.006592883,10.0,123265.676973
2025-08-13 23:00:00+00:00,122974.8,123656.032,122937.07,123345.813,0.004233976,8.0,123194.296187
2025-08-14 00:00:00+00:00,123301.463,124513.7139593905,123252.43,123879.9495,0.168462691,25.0,123823.966348
2025-08-14 01:00:00+00:00,123825.2,124070.23,123424.75,123430.404,0.050654096,9.0,123628.04268
2025-08-14 02:00:00+00:00,123500.508,123715.8,123388.389,123709.6055,0.017808285,5.0,123644.598091
2025-08-14 03:00:00+00:00,123783.842,123921.1,123386.597,123442.424,0.050852928,11.0,123761.373075
2025-08-14 04:00:00+00:00,123532.36,123532.36,123102.485,123105.25,0.029955735,13.0,123302.150377
2025-08-14 05:00:00+00:00,123157.039,123157.039,122164.117,122186.15,0.022644686,10.0,122670.874824
2025-08-14 06:00:00+00:00,122133.685,122155.696,121388.725,121842.96,0.035311124,7.0,121846.108593
2025-08-14 07:00:00+00:00,121911.8,122050.78,121593.025,121777.1465,0.000182183,3.0,121925.584903
2025-08-14 08:00:00+00:00,121721.96,122139.83,121617.0425,121653.209,0.001620339,27.0,121891.569546
2025-08-14 09:00:00+00:00,121614.825,122063.5,121614.825,121739.08,0.005055795,5.0,121851.729548
2025-08-14 10:00:00+00:00,121690.5525,121805.4825,120855.295,121030.02,0.010234307,9.0,121297.604236
2025-08-14 11:00:00+00:00,120944.7405,121035.51,120756.7,121024.47,0.081134044,6.0,120998.136641
2025-08-14 12:00:00+00:00,121017.0325,121190.084,117747.75,118923.9165,0.473688438,22.0,119223.759499
2025-08-14 13:00:00+00:00,118884.2315,119277.225,117856.165,118459.315,0.086811016,22.0,118634.254476
2025-08-14 14:00:00+00:00,118500.0375,119337.8,118057.7875,118848.8415,0.060120937,32.0,118561.339213
2025-08-14 15:00:00+00:00,118896.992,118997.72,117966.3785,118332.977,0.14464621,18.0,118751.883487
2025-08-14 16:00:00+00:00,118256.82,118350.55,117456.6,117911.327,0.183388314,31.0,118039.621168
2025-08-14 17:00:00+00:00,117866.697,118193.624,117565.35,117966.57,0.204106339,10.0,117913.29102
2025-08-14 18:00:00+00:00,117906.8635,118241.95,117273.35,118134.615,0.028172195,7.0,117691.359969
2025-08-14 19:00:00+00:00,118170.1,118840.03,117840.03,117997.105,0.069655197,92.0,118359.310076
2025-08-14 20:00:00+00:00,117940.9255,118215.87,117840.03,117909.415,0.029856281,8.0,118120.694133
2025-08-14 21:00:00+00:00,117978.8,118309.06,117414.965,118009.7,0.007323811,8.0,117843.40826
2025-08-14 22:00:00+00:00,117915.41,118477.314,117717.4,118392.3665,0.013469781,12.0,118360.362238
2025-08-14 23:00:00+00:00,118337.0955,118626.61,118325.486,118413.45,0.0,0.0,118337.0955
2025-08-15 00:00:00+00:00,118330.5,118555.529,118168.259,118252.517,0.021538087,2.0,118439.380107
2025-08-15 01:00:00+00:00,118237.05,118857.23,118077.46,118842.26,0.007731889,4.0,118845.588071
2025-08-15 02:00:00+00:00,118770.34,119050.21,118686.8655,118808.2685,0.000381885,5.0,118955.089907
2025-08-15 03:00:00+00:00,118884.0,119216.0755,118793.125,119066.775,0.011094584,8.0,118926.741075
2025-08-15 04:00:00+00:00,119153.11,119340.03,118862.969,118998.764,0.001928273,7.0,119256.925945
2025-08-15 05:00:00+00:00,119025.0815,119097.441,118742.1,119097.441,0.001396124,6.0,118885.494092
2025-08-15 06:00:00+00:00,119141.23,119309.656,118989.16,119164.4665,0.026437091,5.0,119108.19713
2025-08-15 07:00:00+00:00,119137.717,119170.82,118826.763,119050.9245,0.034419804,8.0,119034.635499
2025-08-15 08:00:00+00:00,119145.858,119275.7,118991.557,118994.882,0.026838725,8.0,119224.022072
2025-08-15 09:00:00+00:00,118909.704,119157.75,118737.95,118754.7,0.025104452,8.0,118781.220766
2025-08-15 10:00:00+00:00,118836.76,119156.46,118836.76,119002.5435,0.009817226,2.0,119155.747501
2025-08-15 11:00:00+00:00,119079.245,119180.015,119062.04,119141.3675,0.0,0.0,119079.245
2025-08-15 12:00:00+00:00,119085.1195,119210.4045,118594.035,118742.151,0.0,0.0,119085.1195
2025-08-15 13:00:00+00:00,118792.4095,118886.8,117723.42,117819.364,0.051540024,14.0,118170.933549
2025-08-15 14:00:00+00:00,117758.67,118340.03,117345.754,117414.7225,0.48892123,26.0,117553.890572
2025-08-15 15:00:00+00:00,117507.945,117591.7335,116919.85,117329.338,0.257631192,33.0,117142.416431
2025-08-15 16:00:00+00:00,117380.489,117493.115,116920.56,117464.322,0.168673409,23.0,117204.187278
2025-08-15 17:00:00+00:00,117391.491,117945.5,117053.22,117696.155,0.087439173,9.0,117420.041509
2025-08-15 18:00:00+00:00,117634.954,117634.954,117135.2,117190.009,0.049547178,7.0,117457.248187
2025-08-15 19:00:00+00:00,117232.7195,117481.45,116840.03,117024.325,0.36507142,88.0,117009.850729
2025-08-15 20:00:00+00:00,117120.47,117443.273,116963.9695,117330.005,0.668989856,11.0,117351.065293
2025-08-15 21:00:00+00:00,117404.835,117504.599,117114.92,117384.0515,0.003261656,5.0,117358.385335
2025-08-15 22:00:00+00:00,117401.81,117810.27,117305.7,117793.7155,0.068315244,6.0,117322.878491
2025-08-15 23:00:00+00:00,117801.005,117801.005,117175.516,117443.576,0.000374167,1.0,117542.3
2025-08-16 00:00:00+00:00,117371.726,117811.4215,117371.726,117793.265,0.0,0.0,117371.726
2025-08-16 01:00:00+00:00,117827.765,118017.785,117728.73,117929.25,0.005,3.0,117840.03
2025-08-16 02:00:00+00:00,117902.7335,117916.051,117552.975,117608.7365,0.011048784,1.0,117814.45
2025-08-16 03:00:00+00:00,117636.89,117788.7085,117534.943,117541.898,0.0,0.0,117623.1325
2025-08-16 04:00:00+00:00,117574.467,118045.74,117526.8245,117907.11,0.006750296,8.0,117979.705993
2025-08-16 05:00:00+00:00,117944.13,117967.8245,117633.8,117681.855,0.000632739,3.0,117750.932965
2025-08-16 06:00:00+00:00,117709.095,117824.0,117451.65,117520.4,0.025615722,7.0,117639.321579
2025-08-16 07:00:00+00:00,117483.923,117821.2815,117460.485,117718.185,0.00632663,2.0,117691.321122
2025-08-16 08:00:00+00:00,117734.707,117792.056,117585.7,117724.461,0.00767797,2.0,117662.827251
2025-08-16 09:00:00+00:00,117797.962,117889.7,117453.265,117453.265,0.124733824,16.0,117815.573651
2025-08-16 10:00:00+00:00,117399.301,117549.307,117250.9,117481.6,0.0052,3.0,117344.393846
2025-08-16 11:00:00+00:00,117481.4095,117656.5,117447.9945,117468.745,0.119505865,11.0,117616.104454
2025-08-16 12:00:00+00:00,117491.641,117840.03,117444.4,117805.3735,0.002548314,13.0,117631.346964
2025-08-16 13:00:00+00:00,117801.85,117972.7,117668.1135,117715.786,0.006894582,11.0,117848.187312
2025-08-16 14:00:00+00:00,117724.8275,117911.425,117632.6425,117888.93,0.008635268,12.0,117833.796622
2025-08-16 15:00:00+00:00,117975.36,118012.097,117682.6,117774.315,0.021428394,6.0,117698.257978
2025-08-16 16:00:00+00:00,117844.3,117934.105,117769.43,117863.423,0.008890945,14.0,117892.495656
2025-08-16 17:00:00+00:00,117848.0045,117937.6,117738.1985,117811.7425,0.009633864,4.0,117929.437383
2025-08-16 18:00:00+00:00,117799.953,117921.7,117726.3145,117812.1855,0.004973689,4.0,117881.044703
2025-08-16 19:00:00+00:00,117766.4925,117932.045,117661.615,117752.502,0.254663597,77.0,117731.356048
2025-08-16 20:00:00+00:00,117752.573,117858.5,117624.495,117744.006,0.005469311,11.0,117802.532691
2025-08-16 21:00:00+00:00,117751.8655,117832.0,117512.0505,117512.0505,0.000830351,6.0,117761.784209
2025-08-16 22:00:00+00:00,117520.83,117682.154,117379.114,117561.6275,0.000783693,13.0,117600.475191
2025-08-16 23:00:00+00:00,117550.63,117580.9,117383.955,117463.378,5.877e-05,3.0,117450.697681
2025-08-17 00:00:00+00:00,117467.135,117499.279,117394.93,117424.24,8.691e-06,1.0,117397.67
2025-08-17 01:00:00+00:00,117396.825,117572.803,117200.93,117525.504,0.008738602,31.0,117346.110268
2025-08-17 02:00:00+00:00,117563.18,117755.4,117480.6705,117687.595,0.001669885,4.0,117737.699705
2025-08-17 03:00:00+00:00,117761.6,117840.03,117581.24,117765.4225,0.001035355,2.0,117776.964964
2025-08-17 04:00:00+00:00,117833.14,118243.7465,117749.855,118135.2655,0.007492636,13.0,117887.595964
2025-08-17 05:00:00+00:00,118068.531,118300.22,118063.208,118113.55,0.091235852,10.0,118281.65919
2025-08-17 06:00:00+00:00,118176.2,118285.451,117997.58,118044.3155,0.009623024,10.0,118102.992679
2025-08-17 07:00:00+00:00,118120.631,118180.645,117971.12,118113.316,0.050155728,5.0,118110.475698
2025-08-17 08:00:00+00:00,118133.2795,118509.45,118009.171,118478.15,0.017605315,6.0,118413.536459
2025-08-17 09:00:00+00:00,118542.2,118595.9,118288.979,118405.5065,0.014713028,17.0,118462.186156
2025-08-17 10:00:00+00:00,118426.039,118465.05,118218.15,118445.93,0.001825384,10.0,118425.361412
2025-08-17 11:00:00+00:00,118531.37,118531.37,118286.3,118381.8615,0.001909843,25.0,118467.818291
2025-08-17 12:00:00+00:00,118448.0143908625,118471.56,118202.126,118202.126,0.003849414,6.0,118255.05184
2025-08-17 13:00:00+00:00,118265.153,118638.805,118153.5,118474.75,0.016354936,6.0,118475.947211
2025-08-17 14:00:00+00:00,118482.438,118534.4,118208.325,118240.59,0.000217175,2.0,118454.561761
2025-08-17 15:00:00+00:00,118247.05,118420.24,118150.0,118325.497,0.01197263,4.0,118385.615457
2025-08-17 16:00:00+00:00,118362.481,118505.3,117860.75,117910.221,0.055864506,17.0,118123.91756
2025-08-17 17:00:00+00:00,117900.765,118073.267,117753.913,117994.725,0.161210493,11.0,117868.234721
2025-08-17 18:00:00+00:00,117966.155,118089.18,117408.738,117614.215,0.002295937,7.0,118060.946164
2025-08-17 19:00:00+00:00,117665.63,117890.172,117530.08,117673.395,0.113744052,53.0,117586.264023
2025-08-17 20:00:00+00:00,117747.4,117915.702,117652.35,117711.55,0.000738432,2.0,117896.725085
2025-08-17 21:00:00+00:00,117683.148,117852.8655,117683.148,117817.9135,0.0,0.0,117697.21425
2025-08-17 22:00:00+00:00,117848.7,118084.94,117794.5545,118034.3,0.0034,1.0,117957.147
2025-08-17 23:00:00+00:00,117994.8565,117994.8565,117464.4925,117486.1685,0.0,0.0,117994.8565
2025-08-18 00:00:00+00:00,117402.9,117624.06,117122.795,117364.72,0.00951621,11.0,117368.352541
2025-08-18 01:00:00+00:00,117427.36,117491.67,116371.545,116422.0,0.475056505,13.0,116614.798805
2025-08-18 02:00:00+00:00,116366.0,116449.571650246,115393.505,115549.175,0.367329042,25.0,115737.720219
2025-08-18 03:00:00+00:00,115522.9785,115705.894,115167.487684729,115371.8735,0.685288034,14.0,115279.547475
2025-08-18 04:00:00+00:00,115458.7,115629.0,115228.1,115553.497,0.028379508,13.0,115461.926957
2025-08-18 05:00:00+00:00,115618.926,115838.809,115191.1438423645,115766.7875,0.002414351,7.0,115629.561921
2025-08-18 06:00:00+00:00,115812.53,115812.53,114902.311,115315.728,0.639872682,17.0,115097.98077
2025-08-18 07:00:00+00:00,115357.155,115563.9,115229.299,115297.004,0.005094934,4.0,115248.833349
2025-08-18 08:00:00+00:00,115255.4955,115517.25,115157.089,115214.815,0.032934366,9.0,115299.884568
2025-08-18 09:00:00+00:00,115141.247,115240.264,114778.325123152,115094.4375,0.071617848,12.0,114972.699086
2025-08-18 10:00:00+00:00,115187.3535,115350.6,115007.01,115135.9015,0.094870454,15.0,115239.575836
2025-08-18 11:00:00+00:00,115197.7,115272.87,114952.25,115013.605,0.020977833,9.0,115196.188962
2025-08-18 12:00:00+00:00,115107.21,115592.46,115013.605,115592.46,0.019194222,6.0,115300.974386
2025-08-18 13:00:00+00:00,115522.35,115834.59,114897.115,114897.115,0.057207337,19.0,115682.312947
2025-08-18 14:00:00+00:00,114964.12,115686.8,114942.7575,115686.8,0.003693381,8.0,115147.796284
2025-08-18 15:00:00+00:00,115600.5,116261.46,115426.0,116194.26,0.118979863,22.0,115991.812778
2025-08-18 16:00:00+00:00,116266.6615,116525.552,115915.236,116076.785,0.040854443,24.0,116302.604664
2025-08-18 17:00:00+00:00,116152.7,116840.03,116023.595,116527.215,0.049867107,14.0,116466.357335
2025-08-18 18:00:00+00:00,116588.32,116679.8,116316.3635,116551.26,0.133290696,13.0,116566.106696
2025-08-18 19:00:00+00:00,116628.9955,116791.8,116197.17,116335.415,0.19642142,103.0,116392.747533
2025-08-18 20:00:00+00:00,116385.193,116601.33,116044.66,116463.0685,0.034292148,42.0,116305.808487
2025-08-18 21:00:00+00:00,116387.36,116747.735,116387.36,116714.915,0.00026302,1.0,116387.36
2025-08-18 22:00:00+00:00,116770.02,117142.22,116525.227,116525.227,0.016185355,8.0,116834.353534
2025-08-18 23:00:00+00:00,116599.8,116609.822,116220.8915,116267.825,0.005387472,5.0,116356.517402
2025-08-19 00:00:00+00:00,116201.0,116588.859,115673.945,116583.239,0.010366033,6.0,116094.929035
2025-08-19 01:00:00+00:00,116629.2925,116787.15,115852.085,115871.215,0.006965889,3.0,116479.661135
2025-08-19 02:00:00+00:00,115842.457,116106.507,115745.52,115823.964,0.005902081,4.0,115846.305027
2025-08-19 03:00:00+00:00,115762.4875,115850.556,114932.572163019,114932.572163019,0.005659116,5.0,115359.953267
2025-08-19 04:00:00+00:00,114923.456663019,115339.76,114479.62,115308.655,0.138944039,12.0,114840.094663
2025-08-19 05:00:00+00:00,115340.03,115527.685,115008.135,115008.135,0.011183457,8.0,115385.051178
2025-08-19 06:00:00+00:00,114997.56,115239.23,114925.58,115042.795,0.021045005,11.0,115141.551013
2025-08-19 07:00:00+00:00,115113.1875,115113.1875,114679.7505,115026.145,0.011484053,7.0,114883.859675
2025-08-19 08:00:00+00:00,115079.24,115295.075,114839.475,115242.372,0.020798256,12.0,115142.808818
2025-08-19 09:00:00+00:00,115303.68,115536.51,115242.372,115376.4,0.008357571,7.0,115357.089264
2025-08-19 10:00:00+00:00,115441.7,115674.0,115346.918,115397.565,0.018213282,5.0,115456.558431
2025-08-19 11:00:00+00:00,115456.146,115713.75,115456.146,115578.725,0.000976051,3.0,115710.910254
2025-08-19 12:00:00+00:00,115609.6975,115650.0875,115334.315,115650.0875,0.037626547,7.0,115527.775922
2025-08-19 13:00:00+00:00,115672.6205,115817.1,114912.1925,115248.073,0.055984149,7.0,115483.067879
2025-08-19 14:00:00+00:00,115319.06,115368.75,113848.42,113886.9,0.19383581,38.0,114263.947798
2025-08-19 15:00:00+00:00,113954.195,114224.63,113553.512,113768.455,0.55928215,29.0,113765.412289
2025-08-19 16:00:00+00:00,113828.91,113971.07,113440.7970443345,113460.9725443345,0.028841378,34.0,113705.201338
2025-08-19 17:00:00+00:00,113440.394088669,113672.08,113144.0187192115,113527.37,0.144333733,31.0,113419.379863
2025-08-19 18:00:00+00:00,113589.42,113589.42,112851.4158866995,113065.0975,0.064614888,23.0,113267.684025
2025-08-19 19:00:00+00:00,113010.05,113527.8,112698.9,113137.4465,0.257979617,127.0,113120.516321
2025-08-19 20:00:00+00:00,113081.7,113591.135,112910.692,113591.135,0.133551727,20.0,113149.966658
2025-08-19 21:00:00+00:00,113670.67,113670.67,113426.866,113449.05,0.091135155,6.0,113604.596062
2025-08-19 22:00:00+00:00,113520.1,113520.1,113058.6375,113171.875,0.053219028,6.0,113138.272973
2025-08-19 23:00:00+00:00,113245.1,113245.1,112738.6235,112885.706,0.099356478,15.0,112958.377079
2025-08-20 00:00:00+00:00,112931.455,113310.8,112841.8245,113239.899,0.002080001,7.0,113207.816047
2025-08-20 01:00:00+00:00,113177.898,113360.6855,112539.72,113003.3785,0.010642678,7.0,113270.839905
2025-08-20 02:00:00+00:00,113084.857,113495.932,112951.15,113495.932,0.007012136,4.0,113141.901659
2025-08-20 03:00:00+00:00,113571.6,113641.9918781725,113333.7025,113562.214,0.001562109,5.0,113505.269769
2025-08-20 04:00:00+00:00,113631.281,113705.583756345,113488.158,113610.5718781725,0.002218211,4.0,113675.507369
2025-08-20 05:00:00+00:00,113705.583756345,113755.818,113428.7,113662.3918781725,0.031614527,7.0,113658.535252
2025-08-20 06:00:00+00:00,113657.1398781725,113705.583756345,113502.55,113654.0768781725,0.049592228,7.0,113661.171788
2025-08-20 07:00:00+00:00,113688.1418781725,113820.4,113473.09,113473.09,0.006472748,5.0,113737.887643
2025-08-20 08:00:00+00:00,113434.74,114032.4,113434.74,114003.26,0.019106648,10.0,113974.176819
2025-08-20 09:00:00+00:00,113927.515,113985.8,113623.4065,113692.4185,0.066057028,14.0,113879.932108
2025-08-20 10:00:00+00:00,113723.405,113885.0355,113533.95,113814.235,0.030381652,6.0,113838.377874
2025-08-20 11:00:00+00:00,113776.35,113893.8,113091.136,113624.554,0.142593638,11.0,113294.84725
2025-08-20 12:00:00+00:00,113684.908,113933.7,113564.3,113678.1575,0.03919329,14.0,113887.396116
2025-08-20 13:00:00+00:00,113631.1375,113696.745,112591.2165,112696.3155,0.232506091,26.0,112927.619954
2025-08-20 14:00:00+00:00,112736.275,113843.6915,112504.085,113517.555,0.081548105,24.0,113061.879462
2025-08-20 15:00:00+00:00,113463.2105,114326.84,113255.205,113323.81,0.047826069,12.0,114021.673491
2025-08-20 16:00:00+00:00,113357.6395,114340.03,113307.775,113830.1,0.054425547,25.0,113834.254511
2025-08-20 17:00:00+00:00,113902.1,114464.03,113805.2435,114217.4445,0.021841306,13.0,114243.361417
2025-08-20 18:00:00+00:00,114244.1405,114244.1405,113277.955,113516.575,0.093476886,11.0,113597.046856
2025-08-20 19:00:00+00:00,113584.35,114334.937,113516.575,114270.52,0.087220547,113.0,114075.567365
2025-08-20 20:00:00+00:00,114346.78,114353.12,114046.5195,114353.12,0.000706531,5.0,114127.019587
2025-08-20 21:00:00+00:00,114421.84,114476.161,113990.71,114405.95,0.007224686,12.0,114271.843402
2025-08-20 22:00:00+00:00,114477.7,114617.778,114221.708,114607.2065,0.062904533,13.0,114308.170488
2025-08-20 23:00:00+00:00,114694.0,114694.0,114207.4,114242.6065,0.100401502,13.0,114658.787496
2025-08-21 00:00:00+00:00,114318.76,114493.15,114086.31,114334.28,0.005514504,3.0,114319.829594
2025-08-21 01:00:00+00:00,114398.16,114720.291,113945.5,114720.291,0.004243783,5.0,114571.769999
2025-08-21 02:00:00+00:00,114789.874,114789.874,113912.094,114024.015,0.24186589,17.0,114370.248811
2025-08-21 03:00:00+00:00,114062.4345,114567.495,114015.1215,114015.1215,0.005277212,5.0,114177.223587
2025-08-21 04:00:00+00:00,114072.067,114072.067,113790.7645,113790.7645,0.205216546,6.0,113995.936703
2025-08-21 05:00:00+00:00,113710.629,114006.8,113643.505,113980.4355,0.005970426,4.0,113944.015968
2025-08-21 06:00:00+00:00,113918.725,113998.05,113608.808,113845.145,0.020237552,5.0,113734.579842
2025-08-21 07:00:00+00:00,113811.06,113981.056,113593.689,113883.43,0.015520961,4.0,113739.441786
2025-08-21 08:00:00+00:00,113948.59,113991.209,113604.385,113604.385,0.002810509,4.0,113725.923328
2025-08-21 09:00:00+00:00,113540.5185,113619.28,113278.7,113360.969,0.006268461,3.0,113589.941724
2025-08-21 10:00:00+00:00,113297.205,113498.334,113148.77,113287.809,0.012735763,8.0,113374.57728
2025-08-21 11:00:00+00:00,113347.75,113605.1,112988.1195,113183.97,0.018747313,6.0,113565.428016
2025-08-21 12:00:00+00:00,113102.5195,113408.9,112965.691,113069.96,0.037220487,8.0,113133.695295
2025-08-21 13:00:00+00:00,112989.82,113730.9,112989.82,113498.669,0.013543801,12.0,113314.34199
2025-08-21 14:00:00+00:00,113443.94,113967.3,112945.4,113247.077,0.032376455,10.0,113788.39083
2025-08-21 15:00:00+00:00,113343.477,113388.51,112663.5995,112770.6035,0.035709606,11.0,113063.164045
2025-08-21 16:00:00+00:00,112730.433,113740.015,112392.6,112404.0,0.071475873,32.0,112806.63127
2025-08-21 17:00:00+00:00,112366.0,112618.05,112101.94,112386.2,0.231916067,27.0,112246.345209
2025-08-21 18:00:00+00:00,112457.193,112689.64,112201.885,112596.075,0.12551386,16.0,112399.072516
2025-08-21 19:00:00+00:00,112673.7,112704.603,111946.62,112144.72,0.109213658,57.0,112234.576263
2025-08-21 20:00:00+00:00,112217.93,112849.975,112023.4,112476.155,0.038455937,11.0,112450.656052
2025-08-21 21:00:00+00:00,112555.6,112716.35,112082.2535,112602.739,0.002239229,2.0,112580.856392
2025-08-21 22:00:00+00:00,112679.106,112679.106,112390.6445,112485.95,0.000105717,2.0,112661.590946
2025-08-21 23:00:00+00:00,112554.98,112554.98,112267.611,112443.5385,0.000358359,2.0,112539.379079
2025-08-22 00:00:00+00:00,112532.237,112808.705,112418.8,112570.955,0.009975579,7.0,112493.700001
2025-08-22 01:00:00+00:00,112599.995,112873.5,112285.1,112790.15,0.002407761,5.0,112749.992769
2025-08-22 02:00:00+00:00,112858.5,113477.9675,112788.2265,113130.99,0.000857325,4.0,113211.995001
2025-08-22 03:00:00+00:00,113226.8,113405.293,112893.875,112893.875,4.3293e-05,1.0,113226.8
2025-08-22 04:00:00+00:00,112935.605,113222.9015,112670.2615,112795.079,0.00054251,3.0,112959.081563
2025-08-22 05:00:00+00:00,112850.31,113225.27,112850.31,113225.27,0.001549145,2.0,112956.667408
2025-08-22 06:00:00+00:00,113179.65,113395.26,112699.5911330045,112994.125,0.100320507,7.0,113256.333258
2025-08-22 07:00:00+00:00,112956.495,113220.105,112923.5,113036.985,0.005223651,2.0,113095.700181
2025-08-22 08:00:00+00:00,113077.2455,113249.25,112892.6,112985.45,0.01345097,5.0,113018.781218
2025-08-22 09:00:00+00:00,112888.7,113073.27,112827.2875,113073.27,0.003642245,4.0,113006.634114
2025-08-22 10:00:00+00:00,113009.26,113056.12,112474.3405,112511.7335,0.048303226,7.0,112733.956846
2025-08-22 11:00:00+00:00,112522.7015,112593.67,112176.1585,112316.5095,0.007738941,7.0,112347.842524
2025-08-22 12:00:00+00:00,112255.794,112748.4,111713.8605,112325.5,0.086025443,12.0,112426.030945
2025-08-22 13:00:00+00:00,112414.8,112707.2,111899.705,112438.55,0.025348287,17.0,112367.308068
2025-08-22 14:00:00+00:00,112539.4,116085.885,112539.4,115806.77,0.806182529,103.0,114240.818673
2025-08-22 15:00:00+00:00,115880.5255,117256.881,115880.5255,116353.755,0.15102522,35.0,116308.510276
2025-08-22 16:00:00+00:00,116322.08,117340.03,115649.515,116179.8775,0.024313983,26.0,116528.623731
2025-08-22 17:00:00+00:00,116226.29,117020.29,116191.54,117006.585,0.017348518,19.0,116752.798298
2025-08-22 18:00:00+00:00,117076.27,117340.03,116720.5,116792.2655,0.099256023,26.0,116941.064559
2025-08-22 19:00:00+00:00,116759.5655,116937.64,116510.94,116678.268,0.148324462,169.0,116634.378439
2025-08-22 20:00:00+00:00,116740.88,117199.303,116640.225,116965.2,0.048911984,20.0,116983.036223
2025-08-22 21:00:00+00:00,116998.4,117175.49,116851.2585,116994.858,0.168124671,7.0,117090.849195
2025-08-22 22:00:00+00:00,117083.16,117083.16,116472.2,116745.42,0.179007002,19.0,116659.191047
2025-08-22 23:00:00+00:00,116836.01,116958.5,116660.7445,116938.33,6.9616e-05,3.0,116883.805614
2025-08-23 00:00:00+00:00,117010.56,117010.56,116711.51,116859.675,0.000233601,5.0,116961.153365
2025-08-23 01:00:00+00:00,116933.2,116933.2,116230.62,116430.027,0.017042565,10.0,116584.724189
2025-08-23 02:00:00+00:00,116463.9055,116558.1,115507.935,115909.08,0.041157029,9.0,115846.176567
2025-08-23 03:00:00+00:00,115863.621,116036.764,115437.107,115587.1,0.010689568,11.0,115706.893915
2025-08-23 04:00:00+00:00,115553.05,115964.889,115553.05,115830.675,5.5721e-05,2.0,115949.348076
2025-08-23 05:00:00+00:00,115909.445,115979.39,115789.5,115935.8875,0.000269581,2.0,115907.796888
2025-08-23 06:00:00+00:00,116001.075,116001.075,115588.99,115716.42,0.012791732,6.0,115805.157244
2025-08-23 07:00:00+00:00,115667.3,115882.742,115606.6,115760.1885,0.044349145,5.0,115876.482851
2025-08-23 08:00:00+00:00,115826.477,115888.5,115459.15,115688.955,0.230175237,5.0,115669.747985
2025-08-23 09:00:00+00:00,115607.7,115735.455,115501.131,115688.985,0.003673411,4.0,115631.489688
2025-08-23 10:00:00+00:00,115738.2,115749.581,115521.4,115521.4,0.002340271,4.0,115679.744782
2025-08-23 11:00:00+00:00,115458.16,115642.927,115178.984729064,115201.669229064,0.012002111,13.0,115499.548669
2025-08-23 12:00:00+00:00,115264.0,115489.4,115102.05,115161.5205,0.043490978,8.0,115324.500879
2025-08-23 13:00:00+00:00,115103.579,115238.38,114846.8635,114865.5545,0.597762347,5.0,114920.182143
2025-08-23 14:00:00+00:00,114891.079,115020.8405,114599.4115,114612.195,0.02887798,8.0,114929.244219
2025-08-23 15:00:00+00:00,114663.303,114962.429,114560.5,114769.375,0.005673587,7.0,114721.779701
2025-08-23 16:00:00+00:00,114708.69,115043.724,114662.275,114974.827,0.030210092,23.0,114805.345189
2025-08-23 17:00:00+00:00,115056.8,115138.605,114845.8,115047.402,0.003767373,7.0,115055.484843
2025-08-23 18:00:00+00:00,115144.8565,115242.9,114987.889,115096.5,0.015003371,6.0,115221.762045
2025-08-23 19:00:00+00:00,115116.15,115234.32,114936.039,115109.753,0.078973869,91.0,115134.235153
2025-08-23 20:00:00+00:00,115183.1,115289.439,115019.835,115289.439,0.012035725,7.0,115126.318536
2025-08-23 21:00:00+00:00,115340.03,115340.03,114971.8005,115015.053,0.014935651,8.0,115135.874152
2025-08-23 22:00:00+00:00,115036.965,115321.654,115021.1805,115265.9585,0.004583721,5.0,115279.055851
2025-08-23 23:00:00+00:00,115323.7,115413.5075,115206.865,115399.922,0.005185043,5.0,115338.721713
2025-08-24 00:00:00+00:00,115499.044,115523.5685,115269.108,115374.7796555,0.031264831,7.0,115351.219917
2025-08-24 01:00:00+00:00,115360.9296555,115554.9,115113.21,115413.16,0.00579672,15.0,115265.871886
2025-08-24 02:00:00+00:00,115506.22,115603.9,114995.24,114997.9895,0.00709681,34.0,115388.13261
2025-08-24 03:00:00+00:00,114944.204,115149.5,114844.38,114998.7455,0.0136786,21.0,114978.23156
2025-08-24 04:00:00+00:00,115070.321,115314.3,114998.7455,115120.6715,0.001533351,12.0,115157.792362
2025-08-24 05:00:00+00:00,115034.317,115190.399,114840.03,114982.5835,0.007819628,25.0,115005.120343
2025-08-24 06:00:00+00:00,114947.7,115068.0,114840.03,114866.59,0.02011597,23.0,114964.165205
2025-08-24 07:00:00+00:00,114886.6455,115113.9,114840.03,114890.415,0.002428435,19.0,114910.443049
2025-08-24 08:00:00+00:00,114842.115,114890.964,114672.814,114791.51,0.006580049,4.0,114838.416401
2025-08-24 09:00:00+00:00,114824.525,115026.655,114629.7,114803.195,0.003531818,4.0,114880.558944
2025-08-24 10:00:00+00:00,114752.81,114939.9,114586.346,114758.3845,0.003363581,4.0,114778.991473
2025-08-24 11:00:00+00:00,114724.305,114870.6695,114604.7,114733.792,0.005722855,16.0,114803.743957
2025-08-24 12:00:00+00:00,114683.605,114817.31,114523.56,114619.747,0.000288821,4.0,114665.010854
2025-08-24 13:00:00+00:00,114666.4,114812.76,114538.8,114569.226,0.01460346,11.0,114748.21753
2025-08-24 14:00:00+00:00,114560.935,114649.97,114384.2,114507.16,0.011434351,14.0,114492.634484
2025-08-24 15:00:00+00:00,114470.965,114828.005,114404.29,114424.6665,0.023402656,8.0,114722.828911
2025-08-24 16:00:00+00:00,114350.965,114788.930155,114340.03,114345.981,0.031861501,24.0,114438.566488
2025-08-24 17:00:00+00:00,114340.03,114537.253,114214.9581751092,114379.32,0.111519165,12.0,114444.589912
2025-08-24 18:00:00+00:00,114329.445,114824.815,114236.7,114647.059,0.021609458,13.0,114695.135837
2025-08-24 19:00:00+00:00,114709.84,114724.68,110782.11,112615.083,1.413919949,145.0,112376.883211
2025-08-24 20:00:00+00:00,112564.356,113010.38,111695.93,112761.6935,0.053541704,23.0,112827.470863
2025-08-24 21:00:00+00:00,112815.565,113375.8,112371.8805,112973.3,0.053934833,6.0,113175.28724
2025-08-24 22:00:00+00:00,113034.9035,113509.265,112626.834,113437.7,0.008635977,5.0,113244.953519
2025-08-24 23:00:00+00:00,113489.9,113673.925,113364.607,113457.215,0.001041234,5.0,113559.986023
2025-08-25 00:00:00+00:00,113535.95,113535.95,112160.66,112627.885,0.003072926,4.0,113058.763073
2025-08-25 01:00:00+00:00,112596.4775,113096.65,112596.4775,113089.55,0.14894248,5.0,112649.469229
2025-08-25 02:00:00+00:00,113094.8,113561.8115,113094.8,113445.3185,0.000176887,3.0,113398.697777
2025-08-25 03:00:00+00:00,113389.6105,113671.47,113053.815,113053.815,1.016886335,9.0,113356.155309
2025-08-25 04:00:00+00:00,112993.6425,113054.795,112609.97,112761.781,0.013996395,6.0,112715.642467
2025-08-25 05:00:00+00:00,112678.662,112820.9805,112298.15,112298.15,0.018758238,6.0,112627.79356
2025-08-25 06:00:00+00:00,112344.324,112433.04,111722.63,111954.05,0.035676113,10.0,112078.389149
2025-08-25 07:00:00+00:00,111891.0805,112139.504,111334.261,111481.55,0.06003909,15.0,111699.569603
2025-08-25 08:00:00+00:00,111537.042,111805.424,111025.674,111416.489,0.3123389,34.0,111609.687522
2025-08-25 09:00:00+00:00,111473.3,111891.3,111261.3685,111789.7,0.032447723,10.0,111673.422181
2025-08-25 10:00:00+00:00,111715.08,111784.99,111002.1235,111032.85,0.120500674,19.0,111389.659224
2025-08-25 11:00:00+00:00,111065.7,111349.317,111006.3075,111192.0325,0.14026488,21.0,111252.581907
2025-08-25 12:00:00+00:00,111251.72,111654.9,111064.4,111600.28,0.041580836,16.0,111404.515308
2025-08-25 13:00:00+00:00,111667.96,111718.86,110658.0851540944,111465.7215,0.058427246,24.0,111249.015344
2025-08-25 14:00:00+00:00,111556.484,112344.3,111313.832,112281.51,0.047470742,17.0,111814.698259
2025-08-25 15:00:00+00:00,112366.6,112600.43,111824.37,112177.565,1.123663855,18.0,112401.930961
2025-08-25 16:00:00+00:00,112235.862,112902.199,112054.88,112536.8,0.064159581,26.0,112654.76887
2025-08-25 17:00:00+00:00,112620.1,112836.1,112172.4115,112400.61,0.063790179,22.0,112573.012393
2025-08-25 18:00:00+00:00,112483.1975,112594.95,112279.15,112406.752,0.232029667,7.0,112451.179082
2025-08-25 19:00:00+00:00,112359.065,114840.03,110720.1606540944,110720.1606540944,0.417527658,159.0,111219.255649
2025-08-25 20:00:00+00:00,110795.451,112420.015,109491.641650246,109605.22,0.137712387,50.0,110282.396307
2025-08-25 21:00:00+00:00,109528.468,110320.119,109393.402955665,109970.724,0.043407103,19.0,109626.104531
2025-08-25 22:00:00+00:00,110036.448,110646.09,109935.3,110202.245,0.026694344,16.0,110290.76116
2025-08-25 23:00:00+00:00,110149.5,110331.4,109824.285,110152.061,0.001218357,7.0,110148.377355
2025-08-26 00:00:00+00:00,110248.092,110248.092,108960.472,109113.79,0.069861438,10.0,109512.116197
2025-08-26 01:00:00+00:00,109041.37,109944.165,108761.215,109890.115,0.017953931,13.0,109286.814511
2025-08-26 02:00:00+00:00,109985.16,110010.1025,109559.823,109739.9525,0.147376328,12.0,109752.542031
2025-08-26 03:00:00+00:00,109813.805,109967.1,109487.5385,109880.02,0.006632999,5.0,109724.910122
2025-08-26 04:00:00+00:00,109959.88,110322.193,109880.02,110139.6505,0.134299827,15.0,110157.521683
2025-08-26 05:00:00+00:00,110209.661,110406.9,110112.0675,110262.5,0.012739131,9.0,110369.19533
2025-08-26 06:00:00+00:00,110352.3,110380.055,109923.902,110029.231,0.04430541,10.0,110064.640581
2025-08-26 07:00:00+00:00,110087.32,110467.23,109795.96,110316.522,0.032021029,12.0,110193.14262
2025-08-26 08:00:00+00:00,110358.2905,110467.24,110047.25,110110.284,0.053417097,18.0,110268.87826
2025-08-26 09:00:00+00:00,110189.055,110513.176,110037.39,110194.36,0.016203324,8.0,110270.512307
2025-08-26 10:00:00+00:00,110243.215,110460.3,110124.9515,110227.02,0.013331652,5.0,110363.922348
2025-08-26 11:00:00+00:00,110188.52,110209.288,109609.9,109880.5795,0.015170192,6.0,110053.375072
2025-08-26 12:00:00+00:00,109809.15,110823.112,109613.163,110217.2315,0.102789746,9.0,110108.668122
2025-08-26 13:00:00+00:00,110149.6805,110350.55,109404.546955665,110077.9025,0.127651833,28.0,110017.311053
2025-08-26 14:00:00+00:00,110213.16,110485.84,109832.486,110421.472,0.022955667,15.0,110153.233012
2025-08-26 15:00:00+00:00,110368.785,110507.605,109560.028,109716.297,0.064176077,15.0,109857.420538
2025-08-26 16:00:00+00:00,109779.2,110965.6316968217,109467.67,110155.075,0.099543201,35.0,109828.822559
2025-08-26 17:00:00+00:00,110123.65,110123.65,109584.87,109992.763,0.100815855,11.0,109945.940602
2025-08-26 18:00:00+00:00,110012.445,110949.113,110012.445,110695.84,0.501192215,14.0,110239.359591
2025-08-26 19:00:00+00:00,110770.28,111270.036,110533.91,111153.1445,0.211030969,53.0,111180.463602
2025-08-26 20:00:00+00:00,111235.512,111432.12,110966.072,111380.815,0.07596357,10.0,111344.878363
2025-08-26 21:00:00+00:00,111328.3375,111573.9595,111196.1155,111573.9595,0.107684107,4.0,111457.725282
2025-08-26 22:00:00+00:00,111634.0245,111969.96,110965.6316968217,111938.7825,0.1150275,12.0,111646.483266
2025-08-26 23:00:00+00:00,111981.549,112380.25,111749.5885,111796.166,0.000195493,2.0,111964.17593
2025-08-27 00:00:00+00:00,111737.9405,111810.795,111361.62,111361.62,0.11,1.0,111500.0
2025-08-27 01:00:00+00:00,111431.19,111470.15,111090.343,111319.1,0.029072368,12.0,111348.14968
2025-08-27 02:00:00+00:00,111399.4,111566.098,111119.286,111157.4935,0.047763866,31.0,111374.229231
2025-08-27 03:00:00+00:00,111239.1755,111810.624,110907.0,111431.9925,0.002944479,14.0,111742.442507
2025-08-27 04:00:00+00:00,111514.0,111764.1,111431.9925,111643.8,0.007930144,18.0,111680.213597
2025-08-27 05:00:00+00:00,111570.145,111676.7,111351.3395,111362.11,0.060458536,10.0,111579.219029
2025-08-27 06:00:00+00:00,111318.72,111388.9465,111034.1345,111074.665,0.005946286,6.0,111218.279518
2025-08-27 07:00:00+00:00,111101.931,111138.2,110647.562,110733.7875,0.026301619,5.0,111054.61928
2025-08-27 08:00:00+00:00,110760.24,110878.98,110378.536,110773.3105,0.006144268,3.0,110815.840886
2025-08-27 09:00:00+00:00,110708.6155,111117.7,110708.6155,110838.2885,0.03788426,7.0,110993.258413
2025-08-27 10:00:00+00:00,110898.13,111292.555,110898.13,111035.8735,0.067036444,4.0,110952.079275
2025-08-27 11:00:00+00:00,111106.315,111382.0705,111106.315,111347.8275,0.00180435,2.0,111242.054569
2025-08-27 12:00:00+00:00,111452.4,111452.4,111048.475,111351.1695,0.039475899,5.0,111422.593757
2025-08-27 13:00:00+00:00,111317.215,111904.1,111038.664,111545.175,0.058305196,13.0,111558.723965
2025-08-27 14:00:00+00:00,111448.07,112570.3277411567,111334.6,111858.789,0.032335145,13.0,111805.916963
2025-08-27 15:00:00+00:00,111771.6475,112176.6,111517.8025,112019.975,0.022755599,13.0,111823.679344
2025-08-27 16:00:00+00:00,112061.6695,112243.7625,110887.802955665,112160.93,0.03393141,22.0,112101.929414
2025-08-27 17:00:00+00:00,112071.558,112506.0,111933.2,112391.484,0.049823335,15.0,112191.785154
2025-08-27 18:00:00+00:00,112353.41,112673.1,111980.88,111980.88,0.005935629,11.0,112514.027807
2025-08-27 19:00:00+00:00,112028.2,112233.3385,111640.55,112114.014,0.038062523,50.0,112109.127743
2025-08-27 20:00:00+00:00,112174.21,112426.503,110996.282,112426.503,0.000779376,4.0,112022.53942
2025-08-27 21:00:00+00:00,112357.05,112471.68,111408.5125,111513.056,0.00269231,2.0,111847.195941
2025-08-27 22:00:00+00:00,111483.582,111624.74,111107.85,111455.119,0.0,0.0,111519.658
2025-08-27 23:00:00+00:00,111383.44,111557.2405,111156.2545,111261.8,0.000437184,4.0,111391.363381
2025-08-28 00:00:00+00:00,111265.99,111547.475,110913.2055,111297.6365,8.827e-06,1.0,111061.467
2025-08-28 01:00:00+00:00,111356.3175,111713.7,111356.3175,111626.925,0.030377815,2.0,111629.377038
2025-08-28 02:00:00+00:00,111663.301,111736.3,111461.85,111532.085,0.006678964,3.0,111675.05011
2025-08-28 03:00:00+00:00,111466.45,112031.095,111449.742,111997.606,0.000218831,1.0,112002.957
2025-08-28 04:00:00+00:00,111999.87,113112.53,111963.288,112883.45,0.024533494,13.0,112622.084818
2025-08-28 05:00:00+00:00,112918.2,113176.475,112695.5775,112902.63,0.00324719,8.0,112895.443704
2025-08-28 06:00:00+00:00,112849.2435,113263.62,112729.41,113262.105,0.003782017,14.0,113026.332271
2025-08-28 07:00:00+00:00,113304.6445,113396.0135,113059.74,113125.305,0.001689062,8.0,113224.107977
2025-08-28 08:00:00+00:00,113210.5,113421.4,112987.89,113138.13,0.027891147,7.0,113362.684885
2025-08-28 09:00:00+00:00,113121.4475,113222.936,112847.85,112856.85,0.003780191,16.0,112923.744433
2025-08-28 10:00:00+00:00,112844.25,113218.388,112844.25,113136.55,0.000439604,3.0,113035.892809
2025-08-28 11:00:00+00:00,113216.6,113216.6,112879.52,112934.885,0.000139337,2.0,113105.007874
2025-08-28 12:00:00+00:00,112959.3,113369.525,112802.16,113300.85,0.019527257,5.0,113007.788296
2025-08-28 13:00:00+00:00,113257.1,113524.8,112637.245,112811.907,0.067688339,10.0,113105.309857
2025-08-28 14:00:00+00:00,112894.05,113309.5475,112575.2835,113174.13,0.014062702,9.0,113214.557946
2025-08-28 15:00:00+00:00,113166.9,113250.3605,112462.44,112663.8205,0.046628743,6.0,112815.605971
2025-08-28 16:00:00+00:00,112703.641,113222.465,111884.713793103,112360.713,0.016853418,20.0,112802.797324
2025-08-28 17:00:00+00:00,112416.3,112646.9,112231.812,112384.9,0.057397074,11.0,112431.925028
2025-08-28 18:00:00+00:00,112337.768,112732.21,112244.495,112383.552,0.004492211,6.0,112568.792195
2025-08-28 19:00:00+00:00,112319.004,112589.1005,111936.997,111936.997,0.119926427,73.0,112012.333609
2025-08-28 20:00:00+00:00,112013.154,112162.808,111835.17,111955.635,0.023977501,6.0,111853.832028
2025-08-28 21:00:00+00:00,111908.0,112110.9,111898.068,112021.4,0.092561284,9.0,111904.51642
2025-08-28 22:00:00+00:00,112078.6,112515.195,112078.6,112355.506,0.000757227,8.0,112406.953595
2025-08-28 23:00:00+00:00,112416.232,112604.43,112251.51,112604.43,0.00010599,3.0,112418.150857
2025-08-29 00:00:00+00:00,112684.37,112721.7,112140.09,112224.085,0.00023504,5.0,112660.713436
2025-08-29 01:00:00+00:00,112292.885,112292.885,111432.473,111510.41,0.000245549,1.0,111841.56
2025-08-29 02:00:00+00:00,111435.66,111804.9435,111383.5,111465.395,0.126173029,5.0,111450.183293
2025-08-29 03:00:00+00:00,111441.053,111864.2,111329.1,111737.285,0.007519547,4.0,111737.270044
2025-08-29 04:00:00+00:00,111805.04,111893.48,111467.3,111523.6455,0.004660675,6.0,111684.781827
2025-08-29 05:00:00+00:00,111547.566,111547.566,111171.0405,111335.04,0.013093605,4.0,111326.900067
2025-08-29 06:00:00+00:00,111361.4,111416.4075,110957.36,111231.226,0.006393562,12.0,111077.787432
2025-08-29 07:00:00+00:00,111152.142,111389.425,109981.508,110025.344,0.038190172,16.0,110276.37829
2025-08-29 08:00:00+00:00,110076.336,110256.11,109648.3108571443,109648.3108571443,0.04303069,7.0,109919.820736
2025-08-29 09:00:00+00:00,109671.16,109980.3,109435.9,109857.031,0.065807968,12.0,109779.772719
2025-08-29 10:00:00+00:00,109775.361,110094.37,109775.361,110006.1635,0.022461488,9.0,110062.128044
2025-08-29 11:00:00+00:00,110092.542,110222.042,109879.978,110067.67,0.03154569,8.0,110079.945739
2025-08-29 12:00:00+00:00,110161.24,111503.8,110042.153,110779.135,0.220328924,31.0,110053.426322
2025-08-29 13:00:00+00:00,110723.45,110737.971,109002.343,109097.6335,0.216312726,18.0,109716.1195
2025-08-29 14:00:00+00:00,109145.2,109774.1,108117.7,108167.49,0.667716145,59.0,108446.250053
2025-08-29 15:00:00+00:00,108234.48,108759.68,108167.49,108421.783,0.094282102,51.0,108411.128751
2025-08-29 16:00:00+00:00,108495.366,109607.1,108000.0,108754.7555,0.120669036,42.0,108665.119254
2025-08-29 17:00:00+00:00,108810.4,108810.4,108189.775,108490.835,1.008754527,15.0,108293.00695
2025-08-29 18:00:00+00:00,108406.025,108514.337,108030.846,108164.2345,0.061251235,27.0,108332.188774
2025-08-29 19:00:00+00:00,108094.4345,108740.8,108020.5505,108198.25,0.098374009,79.0,108411.742975
2025-08-29 20:00:00+00:00,108253.8,108268.7625,107606.0034482755,107783.25,7.863415589,25.0,107685.220432
2025-08-29 21:00:00+00:00,107746.133,108556.952,107586.3134482755,108412.96,8.418110831,16.0,108460.048349
2025-08-29 22:00:00+00:00,108484.2,108484.2,108251.38,108390.872,0.011436923,3.0,108447.857349
2025-08-29 23:00:00+00:00,108475.6,108571.315,108366.22,108366.22,0.000442963,4.0,108483.959096
2025-08-30 00:00:00+00:00,108310.95,108408.5,108176.642,108308.465,0.004094202,3.0,108269.382735
2025-08-30 01:00:00+00:00,108368.33,108388.96,107423.026280788,107457.6,0.022174694,5.0,108209.456159
2025-08-30 02:00:00+00:00,107525.4055,107987.3,107418.281280788,107847.44,0.006227401,6.0,107933.302153
2025-08-30 03:00:00+00:00,107806.626,108425.6485,107806.626,108425.6485,0.001983405,4.0,108045.563834
2025-08-30 04:00:00+00:00,108372.3,108652.4315,108372.3,108426.155,0.002318229,2.0,108542.173776
2025-08-30 05:00:00+00:00,108492.381,108492.381,108129.6605,108379.9035,0.027542111,4.0,108341.867997
2025-08-30 06:00:00+00:00,108423.117,108577.4,108222.145,108329.447,0.005712446,4.0,108406.178205
2025-08-30 07:00:00+00:00,108374.7975,108595.3,108157.75,108506.4655,0.21074962,3.0,108554.787389
2025-08-30 08:00:00+00:00,108578.435,108876.5,108569.12,108615.6545,0.014278096,16.0,108700.34544
2025-08-30 09:00:00+00:00,108551.78,108667.3,108496.0,108584.6,0.008886631,1.0,108667.3
2025-08-30 10:00:00+00:00,108507.5,108715.586,108414.15,108454.7305,0.025818348,3.0,108713.254252
2025-08-30 11:00:00+00:00,108526.7,108721.5055,108443.953,108721.5055,0.029274116,5.0,108600.450478
2025-08-30 12:00:00+00:00,108659.7965,108659.7965,108411.455,108635.2,0.007239217,2.0,108584.744849
2025-08-30 13:00:00+00:00,108574.645,108574.645,108241.5,108545.475,0.011171538,3.0,108405.602655
2025-08-30 14:00:00+00:00,108621.15,108758.825,108449.0205,108659.807,0.001180604,3.0,108717.457138
2025-08-30 15:00:00+00:00,108619.245,108956.655,108558.8775,108882.905,0.002818626,3.0,108870.719156
2025-08-30 16:00:00+00:00,108955.51,110113.578680203,108668.836,108841.0785,0.021103544,17.0,108838.694685
2025-08-30 17:00:00+00:00,108917.457,108943.1,108650.942,108758.9955,0.032507515,2.0,108919.435011
2025-08-30 18:00:00+00:00,108837.075,108940.363,108666.04,108762.25,0.067371218,9.0,108927.702965
2025-08-30 19:00:00+00:00,108729.3265,108957.285,108721.745,108824.545,0.049739869,45.0,108857.659467
2025-08-30 20:00:00+00:00,108879.5,108879.5,108601.6665,108657.924,0.018981955,6.0,108777.424425
2025-08-30 21:00:00+00:00,108745.92,108821.409,108544.2,108640.0175,0.050723285,4.0,108556.480002
2025-08-30 22:00:00+00:00,108609.57,108682.14,108494.3875,108534.345,0.013833304,4.0,108619.610415
2025-08-30 23:00:00+00:00,108592.79,108809.4,108592.79,108798.765,0.000475571,3.0,108665.921487
2025-08-31 00:00:00+00:00,108869.86,109442.357,108798.765,109324.23,0.002319146,6.0,109042.67684
2025-08-31 01:00:00+00:00,109348.35,109606.94,109131.92,109457.4835,0.121474511,16.0,109484.055681
2025-08-31 02:00:00+00:00,109472.098,109472.098,109191.55,109254.2515,0.043918659,26.0,109338.299782
2025-08-31 03:00:00+00:00,109273.4,109388.805,109209.185,109226.385,0.005261247,3.0,109320.592393
2025-08-31 04:00:00+00:00,109271.4,109271.4,108698.34,108792.965,0.002621676,2.0,108996.886585
2025-08-31 05:00:00+00:00,108705.03,108862.4335,108599.127,108762.0905,0.022062155,8.0,108813.618906
2025-08-31 06:00:00+00:00,108753.87,108867.3,108559.75,108726.4465,0.008315126,7.0,108831.348467
2025-08-31 07:00:00+00:00,108801.145,108835.298,108606.44,108736.185,0.000836877,2.0,108719.803437
2025-08-31 08:00:00+00:00,108727.865,109044.1135,108709.95,109016.35,0.004554018,4.0,108940.924976
2025-08-31 09:00:00+00:00,108991.9215,109181.2,108483.6,108498.83,0.019902551,2.0,109171.631921
2025-08-31 10:00:00+00:00,108545.67,108719.282,108352.86,108554.85,0.005531004,7.0,108534.657993
2025-08-31 11:00:00+00:00,108626.617,108698.2,108338.66,108381.6,0.014266246,4.0,108485.489341
2025-08-31 12:00:00+00:00,108302.2,108507.49,108302.2,108360.071,0.119531432,5.0,108315.150154
2025-08-31 13:00:00+00:00,108312.4545,108484.865,108183.6475,108426.8,0.021822955,12.0,108367.90776
2025-08-31 14:00:00+00:00,108437.278,108577.54,108287.389,108468.8185,0.17121924,13.0,108446.83728
2025-08-31 15:00:00+00:00,108486.7145,108879.64,108438.05,108816.562,0.04213465,19.0,108668.434922
2025-08-31 16:00:00+00:00,108777.5585,109154.51629508396,108289.2458524945,108918.26,0.014661773,19.0,108853.883976
2025-08-31 17:00:00+00:00,108922.946,109059.32,108877.95,109007.6515,0.008065561,4.0,109052.063648
2025-08-31 18:00:00+00:00,109006.96,109236.8,108950.735,109178.8655,0.000442673,1.0,109074.38
2025-08-31 19:00:00+00:00,109232.73,109232.73,108895.9,108963.9105,0.02314571,37.0,108948.158783
2025-08-31 20:00:00+00:00,109046.471,109217.281,108882.9,109127.295,0.005845195,6.0,109137.394353
2025-08-31 21:00:00+00:00,109068.8,109132.085,108944.025,109070.654,9.975e-05,1.0,109068.8
2025-08-31 22:00:00+00:00,108984.065,109212.66,108803.464,108928.79,0.003715193,2.0,108982.624501
2025-08-31 23:00:00+00:00,109003.58,109003.58,108098.69,108211.56,0.00584461,4.0,108781.257339
2025-09-01 00:00:00+00:00,108297.62,108401.4305,107681.23,108276.3455,0.01886026,11.0,108145.083499
2025-09-01 01:00:00+00:00,108232.7455,108442.9305,107992.406,108173.85,0.0,0.0,108203.89975
2025-09-01 02:00:00+00:00,108143.085,108193.655,107472.1635,107628.75,0.022347944,11.0,107720.501937
2025-09-01 03:00:00+00:00,107570.91,107834.456,107389.162561576,107712.85,0.023440408,12.0,107538.515138
2025-09-01 04:00:00+00:00,107675.7,108146.2768714578,107319.4238723491,107440.9175,0.081457741,18.0,107447.795124
2025-09-01 05:00:00+00:00,107385.77,108057.163,107315.2238723491,107893.81,0.388303302,10.0,107734.078485
2025-09-01 06:00:00+00:00,107862.8905,108169.251,107632.6755,108044.4,0.010477896,13.0,107960.104413
2025-09-01 07:00:00+00:00,108135.9905,109432.92,108022.575,109432.92,0.024139722,11.0,108357.481951
2025-09-01 08:00:00+00:00,109480.4585,109810.6515,109420.7,109588.39,0.130508232,13.0,109666.025529
2025-09-01 09:00:00+00:00,109556.085,109896.555,109500.8,109500.8,0.001861009,4.0,109765.566644
2025-09-01 10:00:00+00:00,109471.7,109471.7,108170.453,108553.3645,0.006228158,6.0,109127.859542
2025-09-01 11:00:00+00:00,108509.748,108841.7635,108466.8615,108796.82,0.012463398,4.0,108681.904433
2025-09-01 12:00:00+00:00,108810.033,109173.502,108681.725,109135.306,0.046220026,5.0,109160.404056
2025-09-01 13:00:00+00:00,109215.282,109547.22,108961.2225,109021.605,0.052067962,8.0,109226.562903
2025-09-01 14:00:00+00:00,109109.295,109333.63,108862.5,109171.541,0.03249684,13.0,109119.559357
2025-09-01 15:00:00+00:00,109232.457,109409.593,108599.955,108765.0325,0.048487981,9.0,108897.087299
2025-09-01 16:00:00+00:00,108819.529,109982.9515373236,108687.825,108757.2155,0.018214056,13.0,108847.434901
2025-09-01 17:00:00+00:00,108833.1,108984.525,108471.802,108968.027,0.013053869,7.0,108777.687816
2025-09-01 18:00:00+00:00,109043.28,109273.2,108980.84,109272.3695,0.094418402,5.0,109262.728716
2025-09-01 19:00:00+00:00,109202.239,109350.845,109086.35,109223.015,0.188864352,96.0,109280.214213
2025-09-01 20:00:00+00:00,109314.21,109314.21,108292.1,108871.4,0.011158372,5.0,109082.711916
2025-09-01 21:00:00+00:00,108952.0595,108952.0595,107481.945,107800.92,0.008746819,8.0,107589.917461
2025-09-01 22:00:00+00:00,107742.27,108536.652,107643.925,108507.45,0.129740649,6.0,107766.480489
2025-09-01 23:00:00+00:00,108432.8175,109452.626,108432.8175,109241.544,0.020106027,8.0,108840.855636
2025-09-02 00:00:00+00:00,109183.1915,109308.75,108892.137,108996.555,0.00017969,1.0,109120.03
2025-09-02 01:00:00+00:00,109033.5995,109604.005,109033.5995,109370.9605,0.000186882,1.0,109203.4
2025-09-02 02:00:00+00:00,109319.905,110251.365,109230.76,110251.365,0.000673146,2.0,109465.405078
2025-09-02 03:00:00+00:00,110335.5,110601.672,110111.856,110355.105,0.133877705,9.0,110335.645028
2025-09-02 04:00:00+00:00,110284.92,110448.9495,110180.3,110323.0435,0.008008668,2.0,110358.351902
2025-09-02 05:00:00+00:00,110286.54,110313.745,110056.4155,110205.0715,9.1584e-05,1.0,110126.9
2025-09-02 06:00:00+00:00,110274.745,110617.3675,110205.0715,110427.938,0.011389308,5.0,110377.772701
2025-09-02 07:00:00+00:00,110343.5475,110442.4345,110015.51,110265.968,0.100928162,7.0,110344.821109
2025-09-02 08:00:00+00:00,110300.6895,110701.2875,110063.212,110382.985,0.007318483,9.0,110435.998639
2025-09-02 09:00:00+00:00,110350.885,110771.5,110228.9,110455.945,0.142106413,11.0,110586.888733
2025-09-02 10:00:00+00:00,110424.925,110493.2,110146.772,110291.585,0.013122035,3.0,110389.07578
2025-09-02 11:00:00+00:00,110340.57,110340.57,109625.36,109733.542,0.125206036,7.0,109834.90065
2025-09-02 12:00:00+00:00,109768.901,109858.688,108428.87,108844.705,0.025129712,7.0,109169.121552
2025-09-02 13:00:00+00:00,108770.4295,111311.54,108717.761,111167.9825,0.17235309,31.0,109431.50959
2025-09-02 14:00:00+00:00,111243.465,111797.8555,110838.85,111332.8215,0.279487581,23.0,111205.17626
2025-09-02 15:00:00+00:00,111387.2,111536.529,110662.97,110820.76,0.062942474,9.0,110932.946726
2025-09-02 16:00:00+00:00,110860.43,111162.86,109825.432955665,110773.1215,0.035037367,26.0,110871.995959
2025-09-02 17:00:00+00:00,110841.866,111055.3,110672.2,110908.853,0.035795969,12.0,110999.879252
2025-09-02 18:00:00+00:00,110855.9695,110855.9695,110202.702,110632.7455,0.036269901,21.0,110505.707125
2025-09-02 19:00:00+00:00,110688.902,110836.05,110447.26,110817.6455,0.09646442,78.0,110716.307594
2025-09-02 20:00:00+00:00,110883.091,111398.9655,110737.15,111398.9655,0.003078689,5.0,111120.741652
2025-09-02 21:00:00+00:00,111488.06,111569.5,111114.9455,111114.9455,0.093687191,8.0,111470.729917
2025-09-02 22:00:00+00:00,111092.75,111337.71,110810.52,111283.4955,0.005398098,18.0,111081.9693
2025-09-02 23:00:00+00:00,111198.54,111358.089,111013.2,111238.015,0.004428349,18.0,111174.585065
2025-09-03 00:00:00+00:00,111294.27,111746.7765,111238.015,111330.6,0.002599988,4.0,111410.655799
2025-09-03 01:00:00+00:00,111340.72,111416.4255,110880.939,111176.2095,0.009033698,22.0,111045.028925
2025-09-03 02:00:00+00:00,111238.9625,111494.3,111027.902,111393.2205,0.004098171,3.0,111215.02373
2025-09-03 03:00:00+00:00,111309.5,111495.008,110902.93,111068.235,0.003237736,3.0,111411.50357
2025-09-03 04:00:00+00:00,111166.77,111223.26,110882.723,111040.0665,0.01834153,9.0,111018.406984
2025-09-03 05:00:00+00:00,111020.053,111099.22,110705.945,110705.945,0.017983113,3.0,110854.285175
2025-09-03 06:00:00+00:00,110731.157,110864.884,110591.205,110736.225,0.004867509,4.0,110844.267589
2025-09-03 07:00:00+00:00,110815.45,111082.835,110552.72,111082.835,0.107150464,8.0,110748.191098
2025-09-03 08:00:00+00:00,111147.3,111286.325,110994.75,111045.56,0.01076409,6.0,111166.674629
2025-09-03 09:00:00+00:00,110981.615,111322.2875,110923.885,111304.6705,0.028154438,2.0,111228.146632
2025-09-03 10:00:00+00:00,111359.04,111521.47,111167.8,111470.3635,0.021129575,9.0,111456.112122
2025-09-03 11:00:00+00:00,111535.78,111727.735,111433.0135,111486.562,0.022448214,4.0,111627.182716
2025-09-03 12:00:00+00:00,111537.05,111852.7805,111114.35,111156.1615,0.040123774,3.0,111619.876536
2025-09-03 13:00:00+00:00,111083.1325,111933.9155,111066.5,111496.105,0.288795502,24.0,111522.235429
2025-09-03 14:00:00+00:00,111563.43,112500.465,111148.745,112285.434,0.026403035,21.0,111793.668103
2025-09-03 15:00:00+00:00,112358.1,112403.1045,111934.963,112229.595,0.030351725,5.0,112100.061265
2025-09-03 16:00:00+00:00,112285.737,112442.71,111331.345152659,111890.748,0.03922508,20.0,112183.772598
2025-09-03 17:00:00+00:00,111822.2,112581.1,111822.2,112317.0265,0.263021893,15.0,112535.196986
2025-09-03 18:00:00+00:00,112355.2335,112548.8435,111865.5655,112011.9605,0.026742818,6.0,112166.809622
2025-09-03 19:00:00+00:00,111963.0085,112278.1,111801.75,112257.0305,0.179876649,75.0,112029.202989
2025-09-03 20:00:00+00:00,112329.297,112329.297,112073.93,112254.75,0.000660999,5.0,112267.463495
2025-09-03 21:00:00+00:00,112275.37,112319.9,111847.595,112056.75,0.052372269,2.0,112204.455821
2025-09-03 22:00:00+00:00,112099.834,112140.7625,111875.22,111974.629,0.088786743,5.0,112001.867788
2025-09-03 23:00:00+00:00,112050.81,112084.028,111610.553,111755.6435,0.002219795,10.0,111916.186562
2025-09-04 00:00:00+00:00,111844.227,112227.946,111624.4,112143.61,0.003209926,5.0,112011.627751
2025-09-04 01:00:00+00:00,112109.65,112109.65,111701.91,111946.4125,0.003503622,5.0,111985.987109
2025-09-04 02:00:00+00:00,112020.51,112040.57,111469.56,111469.56,8.9134e-05,1.0,112040.57
2025-09-04 03:00:00+00:00,111505.4125,111785.3,111236.2,111236.2,0.001961264,3.0,111736.049366
2025-09-04 04:00:00+00:00,111169.2,111375.0,110965.2915,110965.2915,0.02255564,5.0,111306.750642
2025-09-04 05:00:00+00:00,110927.0885,110961.01,110630.6,110666.832,0.021113866,9.0,110739.303813
2025-09-04 06:00:00+00:00,110589.654,110738.1905,110343.505,110443.68,0.123866562,5.0,110591.410722
2025-09-04 07:00:00+00:00,110489.6605,110666.9185,110386.108,110517.088,0.002278069,5.0,110564.577747
2025-09-04 08:00:00+00:00,110480.4605,110896.0,110480.4605,110681.65,0.021051116,8.0,110797.256697
2025-09-04 09:00:00+00:00,110774.0,110948.0,110675.2345,110851.625,0.01852323,5.0,110908.678546
2025-09-04 10:00:00+00:00,110821.795,111170.56,110649.55,110649.55,0.001060348,4.0,111017.198408
2025-09-04 11:00:00+00:00,110623.029,111071.9,110623.029,110881.8005,0.002150412,6.0,110850.7231
2025-09-04 12:00:00+00:00,110815.1505,111142.43,110611.336,110991.546,0.002738576,5.0,110716.23122
2025-09-04 13:00:00+00:00,110934.055,110970.7705,110266.52,110503.84,0.019914275,16.0,110724.619215
2025-09-04 14:00:00+00:00,110449.9205,110579.366,109712.92,109847.177,0.121933669,17.0,110009.606679
2025-09-04 15:00:00+00:00,109805.289,109890.0845,109290.307,109544.765,0.059768812,37.0,109532.399134
2025-09-04 16:00:00+00:00,109481.695,110684.277788775,109395.4265,109433.7,0.083215318,17.0,109569.859926
2025-09-04 17:00:00+00:00,109476.695,109953.363,109476.695,109830.475,0.042165268,15.0,109821.436712
2025-09-04 18:00:00+00:00,109891.849,110210.68,109752.59,110026.6335,0.11637663,9.0,110196.796738
2025-09-04 19:00:00+00:00,110007.305,110171.12,109673.435,109799.57,0.061649794,68.0,109853.201145
2025-09-04 20:00:00+00:00,109893.22,110538.8,109747.175,110392.032,0.008127209,16.0,110311.41374
2025-09-04 21:00:00+00:00,110444.63,110583.986,110345.98,110543.52,0.001634363,7.0,110421.271926
2025-09-04 22:00:00+00:00,110494.665,111577.425,110470.9,111471.656,0.011542754,27.0,110707.561762
2025-09-04 23:00:00+00:00,111545.512,111776.4145,110659.145,110677.4315,0.119739053,6.0,111545.885177
2025-09-05 00:00:00+00:00,110750.763,110911.695,110508.4865,110508.4865,0.105461958,4.0,110724.504214
2025-09-05 01:00:00+00:00,110568.57,111136.0315,110462.7,111136.0315,0.001746764,1.0,110568.57
2025-09-05 02:00:00+00:00,111156.315,111455.9235,111070.6415,111378.784,0.000528675,1.0,111309.909
2025-09-05 03:00:00+00:00,111296.5775,111340.8305,111139.261,111340.8305,0.000607543,2.0,111264.537301
2025-09-05 04:00:00+00:00,111433.6,111468.059,111142.905,111414.942,0.013138247,3.0,111466.888993
2025-09-05 05:00:00+00:00,111422.05,111671.872,111393.87,111614.715,0.024389521,7.0,111421.371988
2025-09-05 06:00:00+00:00,111577.93,111952.204,111546.5495,111950.25,0.122636244,2.0,111920.340373
2025-09-05 07:00:00+00:00,112018.2,113003.68,111906.9,112947.0995,0.568612338,24.0,112822.04823
2025-09-05 08:00:00+00:00,113017.41,113030.2,112614.485,112614.485,0.002413623,7.0,112790.099071
2025-09-05 09:00:00+00:00,112669.57,112669.57,112147.7065,112277.8325,0.577651997,7.0,112375.239752
2025-09-05 10:00:00+00:00,112346.9,112498.75,112193.85,112312.6355,0.001426689,5.0,112309.258033
2025-09-05 11:00:00+00:00,112391.8,112470.174,112147.05,112393.548,0.023443377,8.0,112386.118747
2025-09-05 12:00:00+00:00,112457.28,113389.9775,112116.1755,113219.0,0.009168568,9.0,112951.030822
2025-09-05 13:00:00+00:00,113252.42,113343.26,112745.71,113108.84,0.06943957,32.0,113060.992155
2025-09-05 14:00:00+00:00,113066.035,113138.59,110442.126,110540.4055,0.027542452,56.0,111256.124109
2025-09-05 15:00:00+00:00,110628.113,111003.742,110317.848,110727.274,0.150803545,33.0,110492.255255
2025-09-05 16:00:00+00:00,110662.971,111741.4957374406,110551.605,110841.65,0.02860656,20.0,110712.66288
2025-09-05 17:00:00+00:00,110788.7985,110803.75,110236.1,110589.185,0.048435477,5.0,110570.057313
2025-09-05 18:00:00+00:00,110644.93,111314.58,110579.4605,111216.4,0.029116582,14.0,110959.539623
2025-09-05 19:00:00+00:00,111257.5,111587.5,111158.9,111587.5,0.126619067,57.0,111441.722345
2025-09-05 20:00:00+00:00,111668.8,111686.072,111325.0,111614.722,0.005267299,13.0,111576.068412
2025-09-05 21:00:00+00:00,111667.145,111667.145,110458.477,110634.2895,0.01151207,11.0,111079.158173
2025-09-05 22:00:00+00:00,110571.879,110944.9935,110510.4065,110859.5,0.002740559,3.0,110871.153878
2025-09-05 23:00:00+00:00,110819.379,110896.211,110648.8445,110700.561,0.006416877,3.0,110815.136815
2025-09-06 00:00:00+00:00,110629.5,110871.5765,110569.398,110801.244,0.000299,2.0,110772.50904
2025-09-06 01:00:00+00:00,110805.7,110937.484,110757.1,110869.72,0.00019168,3.0,110813.183347
2025-09-06 02:00:00+00:00,110880.9225,111204.76,110754.803,111204.76,0.005526117,3.0,110880.666908
2025-09-06 03:00:00+00:00,111161.795,111326.1025,111025.045,111085.095,0.0003,1.0,111176.9
2025-09-06 04:00:00+00:00,111063.735,111063.735,110772.71,110899.7,0.001378857,2.0,110918.737228
2025-09-06 05:00:00+00:00,110979.68,110979.68,110694.95,110751.7525,0.006270544,13.0,110884.158116
2025-09-06 06:00:00+00:00,110747.15,110912.13,110708.2265,110764.63,0.010373741,11.0,110833.624919
2025-09-06 07:00:00+00:00,110784.2255,110924.0,110737.877,110851.915,0.016511631,11.0,110823.4827
2025-09-06 08:00:00+00:00,110901.997,111061.97,110785.1,110967.079,0.014153056,13.0,110990.379249
2025-09-06 09:00:00+00:00,110923.779,110991.39,110660.014,110709.58,0.010012175,16.0,110847.569317
2025-09-06 10:00:00+00:00,110703.465,110866.7,110684.969,110800.159,0.004348577,9.0,110797.169804
2025-09-06 11:00:00+00:00,110746.02,110872.3785,110661.24,110828.3,0.00210062,3.0,110817.250091
2025-09-06 12:00:00+00:00,110806.9195,110938.835,110701.7,110851.2745,0.001395129,5.0,110836.76341
2025-09-06 13:00:00+00:00,110828.62,111010.778,110822.4745,110965.0645,0.086990316,1.0,111010.778
2025-09-06 14:00:00+00:00,110948.25,111049.089,110811.7575,110858.1355,0.001906563,5.0,111024.074035
2025-09-06 15:00:00+00:00,110839.401,110870.4965,110354.01,110416.467,0.000911416,5.0,110487.379514
2025-09-06 16:00:00+00:00,110336.649,111357.0316624406,109987.985,110322.364,0.021459553,45.0,110288.735828
2025-09-06 17:00:00+00:00,110407.42,110407.42,110059.42,110165.124,0.000177845,4.0,110286.895808
2025-09-06 18:00:00+00:00,110152.181,110358.72,110072.879,110239.04,0.003003287,12.0,110283.32628
2025-09-06 19:00:00+00:00,110237.836,110291.757,109994.8,110071.7385,0.0089062,34.0,110100.956294
2025-09-06 20:00:00+00:00,110129.715,110213.8,110060.649,110208.4,0.023671945,2.0,110145.276615
2025-09-06 21:00:00+00:00,110254.7,110254.7,110124.475,110234.1865,9.9e-05,1.0,110254.7
2025-09-06 22:00:00+00:00,110274.919,110280.58,110108.745,110215.42,0.00087854,2.0,110225.10724
2025-09-06 23:00:00+00:00,110221.7,110387.498,110126.5655,110224.175,0.002633333,2.0,110387.158762
2025-09-07 00:00:00+00:00,110272.35,110396.26,110203.685,110380.091,0.001008881,2.0,110273.306427
2025-09-07 01:00:00+00:00,110391.445,110598.2,110357.15,110598.2,0.0027,5.0,110441.487852
2025-09-07 02:00:00+00:00,110547.177,110717.701,110488.1085,110717.701,0.0,0.0,110547.177
2025-09-07 03:00:00+00:00,110702.809,110759.4445,110606.6265,110670.8005,0.00059656,3.0,110693.947525
2025-09-07 04:00:00+00:00,110739.401,110739.401,110517.915,110605.84,0.004744074,2.0,110535.345995
2025-09-07 05:00:00+00:00,110535.5,110802.1,110535.5,110683.75,0.007686434,4.0,110760.068534
2025-09-07 06:00:00+00:00,110664.5515,110735.5,110511.441,110544.225,0.00268672,3.0,110720.607516
2025-09-07 07:00:00+00:00,110513.2275,110940.326,110469.3,110741.995,0.00372304,8.0,110675.043717
2025-09-07 08:00:00+00:00,110741.5575,111383.3785,110713.5005,111086.971,0.000830366,4.0,111084.129741
2025-09-07 09:00:00+00:00,111153.8,111250.8,110922.365,111109.455,0.118988931,3.0,111155.636859
2025-09-07 10:00:00+00:00,111169.0975,111290.6,111048.687,111258.4,0.026143138,3.0,111290.257372
2025-09-07 11:00:00+00:00,111212.1,111381.719,111212.1,111290.625,0.000313452,2.0,111376.307677
2025-09-07 12:00:00+00:00,111312.6,111324.1,111085.8635,111148.231,0.028609397,4.0,111291.069769
2025-09-07 13:00:00+00:00,111151.38,111304.4,110997.819,111217.8725,0.000964974,3.0,111290.889118
2025-09-07 14:00:00+00:00,111260.6085,111391.0635,111096.15,111157.5695,0.322507677,14.0,111135.904259
2025-09-07 15:00:00+00:00,111139.205,111394.34,111139.205,111314.725,0.01758389,5.0,111340.670748
2025-09-07 16:00:00+00:00,111382.025,111462.048,111183.3,111261.305,0.011326292,16.0,111441.736973
2025-09-07 17:00:00+00:00,111237.54,111237.54,110932.685,110952.6,0.0061245,5.0,111061.130853
2025-09-07 18:00:00+00:00,110983.375,111046.67795,110853.7975,111023.726,0.0,0.0,110983.375
2025-09-07 19:00:00+00:00,111052.97795,111344.9,111042.16,111255.0175,0.057637706,31.0,111266.681267
2025-09-07 20:00:00+00:00,111315.694,111373.12,111142.7625,111373.12,6.6071e-05,2.0,111286.957816
2025-09-07 21:00:00+00:00,111331.287,111331.287,111010.2,111069.8995,0.002655198,4.0,111015.295176
2025-09-07 22:00:00+00:00,111110.634,111341.675,111047.505,111273.1315,0.000213817,2.0,111213.262336
2025-09-07 23:00:00+00:00,111353.563,111581.73,111089.365,111152.3805,0.016968729,8.0,111504.989483
2025-09-08 00:00:00+00:00,111069.691,111285.667,110716.6275,110852.35,0.03451841,10.0,111082.239458
2025-09-08 01:00:00+00:00,110810.2,111012.9,110744.523,110938.49,0.00080378,3.0,110975.740773
2025-09-08 02:00:00+00:00,110905.374535,111372.1385,110650.0255,111248.6565,0.001087371,4.0,111019.306869
2025-09-08 03:00:00+00:00,111292.3,111356.71,111001.02,111020.25,8.821e-06,1.0,111142.761
2025-09-08 04:00:00+00:00,111075.6,111234.4045,110904.034,111001.59,9e-05,1.0,111075.6
2025-09-08 05:00:00+00:00,110925.7,111103.402,110894.745,111066.1935,0.003613942,4.0,111051.743094
2025-09-08 06:00:00+00:00,110976.6665,111245.759,110879.283,111128.6715,0.008704188,4.0,110996.104219
2025-09-08 07:00:00+00:00,111185.69,111566.755,111112.48,111268.55,0.029126311,5.0,111437.904248
2025-09-08 08:00:00+00:00,111326.99,111845.475,111204.728,111592.025,0.003969398,6.0,111619.005796
2025-09-08 09:00:00+00:00,111638.995,112067.5725,111563.475,112067.5725,0.002084089,4.0,111844.652346
2025-09-08 10:00:00+00:00,112044.3025,112154.05,111883.813,112015.125,0.093741228,5.0,112038.132791
2025-09-08 11:00:00+00:00,111947.94,112106.3,111752.548,112068.6,0.217318703,10.0,111756.443527
2025-09-08 12:00:00+00:00,112030.51,112168.47,111920.375,112016.35,0.020551916,5.0,112108.29405
2025-09-08 13:00:00+00:00,112094.1,112424.653,111838.722,111880.6065,0.240201853,34.0,112173.822088
2025-09-08 14:00:00+00:00,111938.57,112806.008,111877.061,112670.263,0.430796791,32.0,112718.926377
2025-09-08 15:00:00+00:00,112676.05,112908.05,112559.6,112635.0265,0.0007,2.0,112596.4
2025-09-08 16:00:00+00:00,112694.37,112742.31,111541.4584168251,112404.37,0.091257742,58.0,112460.251892
2025-09-08 17:00:00+00:00,112455.44,112585.7,112101.045,112248.412,0.057196117,29.0,112366.819102
2025-09-08 18:00:00+00:00,112333.024,112544.273,112202.981,112544.273,0.181952755,19.0,112347.921212
2025-09-08 19:00:00+00:00,112474.05,112545.4,111976.411,112079.505,0.21805805,107.0,112084.503862
2025-09-08 20:00:00+00:00,112128.505,112137.6655,111892.599,111991.7715,0.022704373,5.0,112031.780252
2025-09-08 21:00:00+00:00,111957.074,112413.462,111867.27,112354.5,0.11116632,36.0,112169.394978
2025-09-08 22:00:00+00:00,112469.85,112525.26,112236.83,112244.65,0.002178516,12.0,112338.912481
2025-09-08 23:00:00+00:00,112157.1,112332.15,111992.98,112068.4915,0.008710473,9.0,112134.094097
2025-09-09 00:00:00+00:00,112135.7,112135.7,111516.68,111640.4915,0.007940469,10.0,111751.423704
2025-09-09 01:00:00+00:00,111647.425,111731.742,111228.139,111448.5585,0.005948162,7.0,111426.104343
2025-09-09 02:00:00+00:00,111374.97,111490.18,111145.3705,111321.011,0.582772574,6.0,111314.604891
2025-09-09 03:00:00+00:00,111245.387,111832.0,111245.387,111731.9,0.004446742,12.0,111679.625618
2025-09-09 04:00:00+00:00,111811.9,112130.265,111640.56,112043.2185,0.009308024,12.0,111895.575223
2025-09-09 05:00:00+00:00,112031.11,112258.5455,111862.985,112204.637,0.005360059,3.0,112055.451935
2025-09-09 06:00:00+00:00,112106.651,113204.3,112106.651,113030.705,0.04209132,14.0,112920.187169
2025-09-09 07:00:00+00:00,113074.282,113330.4,112754.945,113018.5455,0.266866629,19.0,113161.353824
2025-09-09 08:00:00+00:00,113078.6445,113130.31,112902.918,112973.28,0.115601014,4.0,112918.639031
2025-09-09 09:00:00+00:00,113027.645,113046.951,112903.013,112960.35,0.000540506,4.0,112988.457653
2025-09-09 10:00:00+00:00,113000.205,113094.5,112653.435,112719.83,0.034856929,8.0,112877.608318
2025-09-09 11:00:00+00:00,112635.36,112781.791,112443.54,112443.54,0.010728973,3.0,112563.55549
2025-09-09 12:00:00+00:00,112469.05,112893.2,112443.52,112690.368,0.028699473,4.0,112799.010221
2025-09-09 13:00:00+00:00,112655.4475,112970.3955,112529.279,112767.61,0.095699122,1.0,112689.787
2025-09-09 14:00:00+00:00,112841.591,112916.209,111534.6075,111731.4,0.06817106,14.0,112092.442749
2025-09-09 15:00:00+00:00,111797.4935,111797.4935,110695.2,110941.15,0.186289846,25.0,111199.80808
2025-09-09 16:00:00+00:00,110893.495,111943.7959902445,110805.0,110991.15,0.060151707,27.0,110980.986184
2025-09-09 17:00:00+00:00,110952.845,111281.65,110923.0045,111041.56,0.007009967,11.0,111140.896878
2025-09-09 18:00:00+00:00,111084.7745,111327.95,110926.414,111175.9405,0.505041147,12.0,111084.873191
2025-09-09 19:00:00+00:00,111182.31,111495.2,111182.31,111365.745,0.055603567,79.0,111367.124714
2025-09-09 20:00:00+00:00,111326.6565,111497.855,111095.645,111463.1,0.0,0.0,111326.6565
2025-09-09 21:00:00+00:00,111445.7,111738.155,111262.247,111273.55,0.002465633,2.0,111476.635025
2025-09-09 22:00:00+00:00,111306.34,111594.35,111306.34,111544.2725,0.006530146,1.0,111481.734
2025-09-09 23:00:00+00:00,111521.2935,111590.63,111371.107,111504.2705,1.0015e-05,1.0,111588.003
2025-09-10 00:00:00+00:00,111530.742,111590.985,111002.672,111002.672,0.001733702,1.0,111401.6
2025-09-10 01:00:00+00:00,111051.1795,111252.631,110929.065,111027.7755,0.00525764,2.0,111229.321052
2025-09-10 02:00:00+00:00,111069.2835,111552.968,111069.2835,111418.5545,0.000788537,2.0,111419.101001
2025-09-10 03:00:00+00:00,111456.9885,111583.085,111436.324,111509.765,0.133542539,3.0,111537.725511
2025-09-10 04:00:00+00:00,111588.11,111635.275,111398.7935,111604.795,9e-05,1.0,111588.11
2025-09-10 05:00:00+00:00,111539.95,111680.36,111388.45,111598.9,0.053778824,6.0,111503.638145
2025-09-10 06:00:00+00:00,111540.615,111949.225,111450.4975,111792.4045,0.0006,2.0,111767.6
2025-09-10 07:00:00+00:00,111823.648,112596.25,111823.648,112534.735,0.175247564,23.0,111956.207532
2025-09-10 08:00:00+00:00,112629.7,112876.6635,111799.5997536945,112421.0915,0.195579116,9.0,112698.490971
2025-09-10 09:00:00+00:00,112504.833,112504.833,112138.732,112267.2385,0.080529594,10.0,112384.889279
2025-09-10 10:00:00+00:00,112226.473,112455.9,112226.473,112276.0805,0.001176452,1.0,112455.9
2025-09-10 11:00:00+00:00,112271.725,112399.275,112160.31,112309.45,0.025097674,3.0,112364.737191
2025-09-10 12:00:00+00:00,112388.785,113492.417115,112382.8015,113383.6915,0.059508334,7.0,113266.56304
2025-09-10 13:00:00+00:00,113336.683,114307.7725,113336.683,113989.45,2.437551917,33.0,113463.66213
2025-09-10 14:00:00+00:00,114060.3,114346.8,113883.649,113926.798,0.027977848,17.0,114172.884836
2025-09-10 15:00:00+00:00,113895.905,114129.45,113755.58,113885.3,0.061922163,13.0,113895.997157
2025-09-10 16:00:00+00:00,113956.3,114046.656,110886.699507389,113802.8685,0.073553065,26.0,113733.17497
2025-09-10 17:00:00+00:00,113801.8195,114090.839,113477.9,113767.99,0.021324843,7.0,113906.357783
2025-09-10 18:00:00+00:00,113749.382,113881.185,113354.555,113621.181,0.002132327,3.0,113601.317992
2025-09-10 19:00:00+00:00,113535.175,113661.575,113207.0125,113611.05,0.197644973,87.0,113434.899375
2025-09-10 20:00:00+00:00,113557.8,113947.2,113557.8,113601.8975,0.022814511,10.0,113747.920387
2025-09-10 21:00:00+00:00,113682.3545,113878.411,113632.1,113856.1,0.00547465,5.0,113734.238089
2025-09-10 22:00:00+00:00,113910.2305,114056.594,113763.0265,113908.32,0.000496859,4.0,113972.624698
2025-09-10 23:00:00+00:00,114058.78,114129.1,113737.1,113953.1,0.004224249,6.0,113828.641981
2025-09-11 00:00:00+00:00,114017.396,114033.16,113707.2375,113902.41,0.000805528,3.0,113874.316809
2025-09-11 01:00:00+00:00,113969.687,114170.9989847715,113854.095,113945.728,0.002327852,5.0,113990.712005
2025-09-11 02:00:00+00:00,114031.256,114031.256,113754.757,113843.415,0.217699145,5.0,114003.805513
2025-09-11 03:00:00+00:00,113886.0805,114464.43,113831.52,114436.767,0.002830034,7.0,114196.545536
2025-09-11 04:00:00+00:00,114400.087,114400.087,114109.779,114167.525,0.025784799,2.0,114219.408127
2025-09-11 05:00:00+00:00,114226.373,114374.77,114000.5205,114300.3815,0.000100304,1.0,114374.77
2025-09-11 06:00:00+00:00,114223.4,114526.5,114115.9,114357.2545,0.021774622,5.0,114499.399695
2025-09-11 07:00:00+00:00,114303.115,114303.115,114021.515,114105.475,0.18604536,6.0,114187.060486
2025-09-11 08:00:00+00:00,114081.175,114215.0,113999.65,114093.211,0.009346348,3.0,114173.387243
2025-09-11 09:00:00+00:00,114059.2605,114113.9,113843.74,113922.1655,0.011372589,6.0,113998.421014
2025-09-11 10:00:00+00:00,113953.625,114203.89,113873.64,114060.76,0.037414972,12.0,114053.254452
2025-09-11 11:00:00+00:00,114129.63,114129.63,113877.0,113992.38,0.014889414,7.0,114025.207676
2025-09-11 12:00:00+00:00,114078.731,114502.51,113025.430721912,113983.615,0.002036798,7.0,114079.052902
2025-09-11 13:00:00+00:00,114037.276,114701.6360913705,113459.124,114649.6560913705,0.070430728,9.0,113716.166901
2025-09-11 14:00:00+00:00,114720.812182741,114720.812182741,113968.5575,114478.74,0.141368329,14.0,114260.04833
2025-09-11 15:00:00+00:00,114542.7,114722.4,114087.7915,114205.755,0.021992064,10.0,114483.879735
2025-09-11 16:00:00+00:00,114245.165,114601.36,114220.28,114567.206,0.029201671,7.0,114233.836514
2025-09-11 17:00:00+00:00,114515.504,114703.44,114402.25,114657.2745,0.000588881,2.0,114557.099395
2025-09-11 18:00:00+00:00,114618.0135,114637.4335,114120.325,114365.082,0.017928101,5.0,114355.574511
2025-09-11 19:00:00+00:00,114279.6525,114583.6,114193.3395,114496.65,0.167036466,91.0,114406.341284
2025-09-11 20:00:00+00:00,114448.9225,114520.3,114219.4,114419.8735,0.018531941,12.0,114397.907092
2025-09-11 21:00:00+00:00,114450.595,114578.27,114416.561,114530.974,0.002364156,7.0,114452.361539
2025-09-11 22:00:00+00:00,114601.2,115340.03,114483.557,115179.0965,0.446504576,20.0,115208.946349
2025-09-11 23:00:00+00:00,115240.2615,115582.8,115139.211,115530.25,0.091716819,11.0,115440.148121
2025-09-12 00:00:00+00:00,115621.6895,116340.03,115478.388,115900.2635,0.045473991,19.0,115791.109127
2025-09-12 01:00:00+00:00,115862.48,116026.381,115438.71,115462.053,0.098147573,10.0,115749.062708
2025-09-12 02:00:00+00:00,115403.8975,115699.21,115329.37,115448.9565,0.022069981,8.0,115687.979203
2025-09-12 03:00:00+00:00,115374.7275,115388.2,115062.9,115301.089,0.004651103,8.0,115265.072528
2025-09-12 04:00:00+00:00,115223.38,115504.933,115123.6155,115420.085,0.076467474,5.0,115258.685376
2025-09-12 05:00:00+00:00,115340.3,115686.4475,115340.3,115686.4475,0.017567394,6.0,115488.98105
2025-09-12 06:00:00+00:00,115633.2,115686.4475,115327.609,115343.775,0.00199958,6.0,115589.675609
2025-09-12 07:00:00+00:00,115398.084,115423.192,115112.521,115142.313,0.027852768,6.0,115362.388395
2025-09-12 08:00:00+00:00,115070.099,115377.46,115004.926,115062.87,0.070175448,12.0,115340.790155
2025-09-12 09:00:00+00:00,115124.964,115169.1,114887.1,115079.815,0.011553041,4.0,114920.574229
2025-09-12 10:00:00+00:00,115038.83,115127.2,114955.78,114981.05,0.000514447,3.0,115098.71516
2025-09-12 11:00:00+00:00,114970.695,115224.73,114882.3,114922.0,0.092682036,6.0,114919.860925
2025-09-12 12:00:00+00:00,114897.475,115177.007,114802.3,115126.075,0.085371017,4.0,115042.670074
2025-09-12 13:00:00+00:00,115076.25,115284.886,114805.76,115213.1865,0.003631902,13.0,115145.089305
2025-09-12 14:00:00+00:00,115174.43,115538.25,114854.62,115310.973,0.160095303,21.0,115091.340846
2025-09-12 15:00:00+00:00,115369.6,115369.6,114954.1,115186.84,0.011451446,8.0,115347.160947
2025-09-12 16:00:00+00:00,115232.8395,115563.4,114623.8017241375,115530.49,0.102347227,30.0,115394.844541
2025-09-12 17:00:00+00:00,115457.79,115978.905,115444.7,115875.4,0.003475305,5.0,115507.14625
2025-09-12 18:00:00+00:00,115935.808,116625.331,115935.808,116553.425,0.014297808,12.0,116276.930353
2025-09-12 19:00:00+00:00,116646.0,116782.0681,116322.944,116719.25405,0.180229679,108.0,116675.524592
2025-09-12 20:00:00+00:00,116676.1,116676.1,116103.3,116293.22,0.090361614,9.0,116372.403304
2025-09-12 21:00:00+00:00,116219.563,116295.04,115815.78,115987.2945,0.027577479,13.0,116173.348829
2025-09-12 22:00:00+00:00,116030.9,116467.955,115966.21,116154.2755,0.051578041,11.0,116276.638744
2025-09-12 23:00:00+00:00,116099.155,116310.6,115970.49,116103.75,0.011255822,13.0,116228.38104
2025-09-13 00:00:00+00:00,116150.83,116450.97,116035.3375,116307.097,0.100075588,20.0,116382.662945
2025-09-13 01:00:00+00:00,116309.7,116408.18,115683.51,115841.9905,0.001846092,9.0,116117.696227
2025-09-13 02:00:00+00:00,115795.002,116158.754,115795.002,115931.3415,0.00318953,9.0,115990.93343
2025-09-13 03:00:00+00:00,115958.405,116106.47,115913.23,116041.855,0.000169271,5.0,116071.841199
2025-09-13 04:00:00+00:00,115977.8785,116010.59,115784.005,115794.3945,0.001293357,4.0,115890.038913
2025-09-13 05:00:00+00:00,115707.2,115963.135,115707.2,115751.2175,0.003412022,6.0,115838.542073
2025-09-13 06:00:00+00:00,115811.8265,115900.3,115734.67,115824.4,0.005190084,5.0,115837.942471
2025-09-13 07:00:00+00:00,115836.045,116008.729,115718.52,115841.66,0.014538086,8.0,115747.215648
2025-09-13 08:00:00+00:00,115902.2,116146.725,115833.78,116039.2485,0.00094577,5.0,115961.983103
2025-09-13 09:00:00+00:00,116032.85,116090.635,115851.242,116090.635,0.062464789,4.0,115925.371945
2025-09-13 10:00:00+00:00,116081.1185,116262.164,116004.2595,116004.2595,0.009456764,4.0,116256.935244
2025-09-13 11:00:00+00:00,116064.78,116115.06,115881.853,116027.402,0.011995847,4.0,116079.743137
2025-09-13 12:00:00+00:00,116111.278,116168.281,115864.69,116091.975,0.001049175,3.0,116055.101066
2025-09-13 13:00:00+00:00,116094.247,116102.266,115679.94,115886.079,0.028887534,9.0,116000.080171
2025-09-13 14:00:00+00:00,115805.4005,116050.629,115739.3835,115862.053,0.038481826,9.0,115993.614404
2025-09-13 15:00:00+00:00,115848.823,116029.128,115697.9255,115803.491,0.012480248,4.0,115927.920946
2025-09-13 16:00:00+00:00,115879.92,115949.33,115202.374,115420.86,0.042931471,16.0,115572.16631
2025-09-13 17:00:00+00:00,115338.42,115683.678,115225.13,115611.803,0.189995023,10.0,115376.236316
2025-09-13 18:00:00+00:00,115658.405,115749.43,115521.0315,115725.4205,0.001,1.0,115749.43
2025-09-13 19:00:00+00:00,115656.2,115931.02,115645.779,115871.3395,0.081423343,70.0,115865.797975
2025-09-13 20:00:00+00:00,115871.97,116071.8,115799.22,116003.615,0.003218515,5.0,115988.695438
2025-09-13 21:00:00+00:00,115956.959,116067.88,115888.6355,115987.2,0.003008446,2.0,115989.759934
2025-09-13 22:00:00+00:00,115894.9,115995.66,115872.3885,115979.722,0.014308239,2.0,115995.598001
2025-09-13 23:00:00+00:00,115893.264,116061.3,115893.264,115991.38,0.001731604,3.0,116061.04408
2025-09-14 00:00:00+00:00,116059.42,116092.93,115884.39,116022.0495,0.040618353,4.0,115927.967341
2025-09-14 01:00:00+00:00,116015.5445,116051.995,115819.1415,116043.969,0.090345828,5.0,115849.649365
2025-09-14 02:00:00+00:00,116127.461,116178.35,115814.8355,115953.405,0.060386013,6.0,116104.667824
2025-09-14 03:00:00+00:00,116043.21,116043.21,115728.75,115732.0835,0.000424875,2.0,115950.677201
2025-09-14 04:00:00+00:00,115827.057,115864.3125,115551.0,115800.8325,0.008820804,2.0,115795.708646
2025-09-14 05:00:00+00:00,115717.0,116045.89,115717.0,115971.85,0.01909521,3.0,115958.254722
2025-09-14 06:00:00+00:00,115954.2645,116008.196,115769.7565,115795.6655,0.001960174,3.0,115885.980538
2025-09-14 07:00:00+00:00,115810.74,115983.8,115776.0545,115850.996,0.00232634,3.0,115902.705062
2025-09-14 08:00:00+00:00,115827.4565,116064.79,115819.5225,115990.599,0.001525714,6.0,116043.331647
2025-09-14 09:00:00+00:00,115931.798,116230.95,115931.798,116123.8,8.5306e-05,2.0,116122.255796
2025-09-14 10:00:00+00:00,116124.58,116207.7,115971.999,116097.4595,0.009487513,5.0,115985.012175
2025-09-14 11:00:00+00:00,116023.5,116225.591,115809.2,115893.022,0.014639516,10.0,115901.803902
2025-09-14 12:00:00+00:00,115936.886,115937.38,115762.5,115828.7475,0.000879201,2.0,115763.548666
2025-09-14 13:00:00+00:00,115858.883,115908.18,115272.2495,115381.519,0.006176605,3.0,115601.349215
2025-09-14 14:00:00+00:00,115299.712,115716.65,115207.56,115437.65,0.179547423,8.0,115296.703613
2025-09-14 15:00:00+00:00,115518.845,115518.845,115264.1805,115269.7955,4.4196e-05,1.0,115440.34
2025-09-14 16:00:00+00:00,115323.14,115726.6178165,115228.5,115572.236,0.012121623,17.0,115441.011247
2025-09-14 17:00:00+00:00,115488.672,115733.15,115487.8375,115673.69,0.002499712,4.0,115583.472631
2025-09-14 18:00:00+00:00,115632.5475,115698.795,115429.346,115447.599,4.2368e-05,1.0,115698.795
2025-09-14 19:00:00+00:00,115531.598,115770.2,115373.4335,115675.644,0.029273736,54.0,115611.686463
2025-09-14 20:00:00+00:00,115692.6655,115909.745,115688.4,115863.8645,0.001138149,4.0,115774.922741
2025-09-14 21:00:00+00:00,115942.825,116203.23,115678.0675,116101.747,0.000343651,4.0,116033.742152
2025-09-14 22:00:00+00:00,116124.869,116139.787,115877.69,116071.105,0.0,0.0,116124.869
2025-09-14 23:00:00+00:00,116167.4,116167.4,115231.3805,115356.875,0.000658067,3.0,115560.176993
2025-09-15 00:00:00+00:00,115297.895,115374.69,115038.44,115090.742,0.001017007,2.0,115373.221923
2025-09-15 01:00:00+00:00,115054.7275,115320.898,114871.449,115296.3015,0.00020645,4.0,114999.406081
2025-09-15 02:00:00+00:00,115353.62,115549.066,115353.62,115432.909,6.846e-05,2.0,115538.397791
2025-09-15 03:00:00+00:00,115519.78,115613.075,115360.117,115518.9465,0.001586019,5.0,115518.964826
2025-09-15 04:00:00+00:00,115601.893,116219.83,115429.7665,116081.599,0.003544506,10.0,116026.967597
2025-09-15 05:00:00+00:00,116172.498,116622.4,115990.7,116569.69,0.118494727,10.0,116181.72285
2025-09-15 06:00:00+00:00,116662.58,116738.70905,116100.6,116147.795,0.031308339,7.0,116382.052321
2025-09-15 07:00:00+00:00,116212.5875,116405.75,115653.992,115884.851,0.008742762,6.0,116100.070294
2025-09-15 08:00:00+00:00,115837.7405,115837.7405,114781.1495,114781.1495,0.005995591,4.0,115327.109653
2025-09-15 09:00:00+00:00,114705.509,115202.7235,114656.636,114918.693,0.123942641,5.0,114714.989798
2025-09-15 10:00:00+00:00,114896.85,114966.823,114777.357,114862.2615,0.004780719,3.0,114885.206605
2025-09-15 11:00:00+00:00,114783.5055,115176.715,114775.785,115160.735,0.045101016,4.0,115140.143972
2025-09-15 12:00:00+00:00,115079.852,115079.852,114702.13,114735.4615,0.100970669,3.0,115062.895848
2025-09-15 13:00:00+00:00,114766.62,115108.5,114454.7,114676.7515,0.005378937,6.0,114809.173524
2025-09-15 14:00:00+00:00,114639.117,115079.3715,114408.38,114724.945,0.007335063,9.0,114857.171164
2025-09-15 15:00:00+00:00,114675.0865,115020.73,114433.975,114931.2585,0.011719248,14.0,114673.138623
2025-09-15 16:00:00+00:00,114833.72,115330.2560498606,114654.677,114654.677,0.040477937,22.0,114846.791839
2025-09-15 17:00:00+00:00,114707.2095,115105.795,114675.78,115105.795,0.093081618,10.0,114947.655675
2025-09-15 18:00:00+00:00,115171.95,115396.2895,114891.0,115396.2895,0.127319088,9.0,114893.854676
2025-09-15 19:00:00+00:00,115409.2225,115594.21,115019.5205,115317.2375,0.177725091,104.0,115289.237033
2025-09-15 20:00:00+00:00,115408.128,115512.215,115219.3,115395.23,0.010342065,10.0,115308.370232
2025-09-15 21:00:00+00:00,115431.076,115574.7455,115304.976,115538.1,0.000485523,3.0,115403.617535
2025-09-15 22:00:00+00:00,115582.5225,115653.45,115198.43,115337.625,0.011449898,34.0,115370.736548
2025-09-15 23:00:00+00:00,115268.95,115599.75,115268.95,115414.76,0.000204602,5.0,115511.059075
2025-09-16 00:00:00+00:00,115493.95,115493.95,115022.1,115084.47,0.012095396,3.0,115382.035365
2025-09-16 01:00:00+00:00,115126.375,115617.273,115039.9445,115063.4005,0.000764528,2.0,115472.930308
2025-09-16 02:00:00+00:00,114989.201,115353.8,114964.4,115086.78,0.006283571,7.0,115048.100363
2025-09-16 03:00:00+00:00,115150.636,115526.7,115150.636,115384.155,0.002147717,7.0,115238.967251
2025-09-16 04:00:00+00:00,115454.69,115580.969,115021.705,115580.969,0.007616272,5.0,115475.8269
2025-09-16 05:00:00+00:00,115510.51,115939.31,115510.51,115939.31,0.009031027,11.0,115841.447287
2025-09-16 06:00:00+00:00,116044.1,116085.3,115650.525,115758.515,0.012244669,8.0,115987.379211
2025-09-16 07:00:00+00:00,115833.859,115995.259,115685.529,115859.9,0.000464799,4.0,115958.349795
2025-09-16 08:00:00+00:00,115903.441,116065.86,115552.804,115689.652,0.003279256,7.0,116029.288342
2025-09-16 09:00:00+00:00,115705.171,115804.468,115475.04,115507.165,0.019518714,5.0,115776.293311
2025-09-16 10:00:00+00:00,115512.35,115628.4775,115396.39,115419.8895,0.012252083,4.0,115557.526121
2025-09-16 11:00:00+00:00,115398.815,115484.225,115210.95,115322.61,0.005136369,4.0,115343.195523
2025-09-16 12:00:00+00:00,115327.4605,115549.66,115256.15,115482.6,0.047240432,9.0,115440.513394
2025-09-16 13:00:00+00:00,115498.996,115615.0,114727.15,115229.089,0.613549466,39.0,115440.711668
2025-09-16 14:00:00+00:00,115140.288,115363.32,114825.25,115301.77,0.052702968,37.0,115046.854667
2025-09-16 15:00:00+00:00,115302.5695,115954.5335,114970.581,115954.5335,0.055943415,49.0,115256.83595
2025-09-16 16:00:00+00:00,115965.985,116130.21,115642.5595,116111.16,0.014253308,27.0,115930.72737
2025-09-16 17:00:00+00:00,116106.4445,116954.5,116067.32,116525.997,0.147455136,22.0,116300.956168
2025-09-16 18:00:00+00:00,116526.63,116868.762,116258.2,116459.852,0.034784111,23.0,116630.569531
2025-09-16 19:00:00+00:00,116455.82,116956.809,116429.1,116826.05,0.114839777,72.0,116776.987914
2025-09-16 20:00:00+00:00,116846.6955,117000.63,116721.616,116878.6495,0.443090171,16.0,116847.603644
2025-09-16 21:00:00+00:00,116869.7625,117017.77,116571.37,116844.87,0.084399277,27.0,116794.38959
2025-09-16 22:00:00+00:00,116840.9115,117091.9,116717.7,116902.275,0.002996549,18.0,116970.225493
2025-09-16 23:00:00+00:00,116889.2,116952.8,116664.025,116869.4,0.00021818,2.0,116854.585881
2025-09-17 00:00:00+00:00,116827.835,116922.989,116521.24,116621.566,0.053637312,81.0,116686.596907
2025-09-17 01:00:00+00:00,116619.066,116834.2755,116546.7,116735.8195,0.002688914,10.0,116745.179029
2025-09-17 02:00:00+00:00,116712.938,117125.49,116572.2,116740.9725,0.007086279,5.0,116985.513662
2025-09-17 03:00:00+00:00,116718.2115,116823.5025,116417.886,116445.125,0.003144221,6.0,116684.729082
2025-09-17 04:00:00+00:00,116401.9985,116545.865,116211.095,116353.1705,0.011130027,14.0,116307.326698
2025-09-17 05:00:00+00:00,116368.051,117258.88324873,115886.441624365,117172.109,0.086200111,46.0,116512.098555
2025-09-17 06:00:00+00:00,117181.474124365,117307.665,116963.6,117259.915,0.02095735,28.0,117101.066432
2025-09-17 07:00:00+00:00,117249.716,117394.59,117150.565,117187.1385,0.070238716,34.0,117286.065381
2025-09-17 08:00:00+00:00,117218.255,117234.3,116714.09,116899.3945,0.046837756,16.0,116817.931214
2025-09-17 09:00:00+00:00,116873.5345,116907.91,116562.7,116592.369,0.020791276,20.0,116745.879508
2025-09-17 10:00:00+00:00,116665.26,116665.26,116346.42,116411.965,0.015877362,11.0,116508.934337
2025-09-17 11:00:00+00:00,116412.465,116462.9,116273.8595,116285.94,0.006100647,9.0,116358.973524
2025-09-17 12:00:00+00:00,116306.575,116555.665,116116.663,116233.095,0.015485804,10.0,116367.327436
2025-09-17 13:00:00+00:00,116207.15,116365.4895,115934.8615,116142.2125,0.049856384,19.0,116254.226147
2025-09-17 14:00:00+00:00,116152.0055,116279.347,115477.515,115649.471,0.126769139,15.0,116056.553857
2025-09-17 15:00:00+00:00,115659.11,115983.37,115523.2,115901.85,0.080904128,15.0,115763.639651
2025-09-17 16:00:00+00:00,115924.3975,116265.415,115394.055,115698.98,0.035400823,25.0,115723.02478
2025-09-17 17:00:00+00:00,115667.524,116360.2035,115546.465,115677.015,0.154048355,15.0,115921.947103
2025-09-17 18:00:00+00:00,115677.015,116840.03,114743.1,115244.45,0.047817853,22.0,115302.760366
2025-09-17 19:00:00+00:00,115238.443,116054.37,115101.591,115689.585,0.044085687,70.0,115779.198693
2025-09-17 20:00:00+00:00,115705.2,116201.445,115536.26,115669.66,6.9694e-05,2.0,115874.426561
2025-09-17 21:00:00+00:00,115684.156,116180.606,115361.7535,116093.12,7.8474e-05,2.0,115568.491671
2025-09-17 22:00:00+00:00,116092.74,116821.565,116092.74,116612.55,2.7178e-05,2.0,116435.027001
2025-09-17 23:00:00+00:00,116612.463,117055.266,116367.41,116497.54,0.004281057,3.0,116840.345357
2025-09-18 00:00:00+00:00,116491.295,116567.8,116129.5,116407.572,0.014109474,3.0,116424.388868
2025-09-18 01:00:00+00:00,116357.88,116930.131,116357.88,116673.8995,0.0007109,3.0,116642.053861
2025-09-18 02:00:00+00:00,116672.94,117035.565,116476.455,116976.9315,0.006132852,2.0,116738.591968
2025-09-18 03:00:00+00:00,116999.45,117927.503573604,116950.9105,117633.326,0.569016608,30.0,117603.642763
2025-09-18 04:00:00+00:00,117661.92,117796.94,117343.49,117662.605,0.003864478,5.0,117613.790463
2025-09-18 05:00:00+00:00,117643.7,117666.6,117204.318,117306.42,0.009250464,7.0,117367.660072
2025-09-18 06:00:00+00:00,117331.919,117368.612,116905.4455,117145.75,0.0003,1.0,117286.84
2025-09-18 07:00:00+00:00,117144.23,117257.85,117052.65,117119.526,0.00707397,3.0,117062.42114
2025-09-18 08:00:00+00:00,117081.305,117453.28,117031.405,117263.689,0.049949483,4.0,117311.502031
2025-09-18 09:00:00+00:00,117253.525,117431.993,117128.655,117357.3915,0.010869596,5.0,117355.211822
2025-09-18 10:00:00+00:00,117341.62,117370.0125,117098.42,117238.405,0.005784733,2.0,117213.161032
2025-09-18 11:00:00+00:00,117239.9,117370.32,117038.56,117076.56,0.005422392,2.0,117055.045408
2025-09-18 12:00:00+00:00,117118.013,117348.1045,117015.939,117161.657,0.018032982,8.0,117213.14384
2025-09-18 13:00:00+00:00,117165.105,117718.3,116970.186,117485.973,0.213387322,19.0,117130.840698
2025-09-18 14:00:00+00:00,117452.829,117918.603,117428.78,117708.785,0.016237955,10.0,117746.121073
2025-09-18 15:00:00+00:00,117687.65,117817.5,117370.572,117608.7905,0.076754201,8.0,117517.330978
2025-09-18 16:00:00+00:00,117643.4685,117870.8,117109.771573604,117617.1935,0.014904588,22.0,117725.205373
2025-09-18 17:00:00+00:00,117621.85,117835.403,117397.37,117641.6375,0.008340259,94.0,117516.501198
2025-09-18 18:00:00+00:00,117549.475,117992.927,117454.1,117902.004,1.054170378,90.0,117658.407867
2025-09-18 19:00:00+00:00,117881.4,117917.728,117234.64,117510.685,0.096936339,85.0,117428.998884
2025-09-18 20:00:00+00:00,117502.34,117737.995,117386.899,117562.24,0.00095065,3.0,117664.40781
2025-09-18 21:00:00+00:00,117580.618,117654.0,117332.25,117332.25,0.03024762,9.0,117515.011351
2025-09-18 22:00:00+00:00,117324.625,117414.61,117105.915,117130.3395,0.010838639,9.0,117280.133336
2025-09-18 23:00:00+00:00,117112.448,117242.9935,116672.5725,117126.96,0.005899862,5.0,116848.655565
2025-09-19 00:00:00+00:00,117116.985,117495.137,117072.963,117484.155,0.005,1.0,117340.03
2025-09-19 01:00:00+00:00,117497.555,117525.4835,117155.59,117299.212,0.00127929,3.0,117361.291902
2025-09-19 02:00:00+00:00,117254.67,117372.2,117089.978,117182.6205,0.000871828,2.0,117300.639422
2025-09-19 03:00:00+00:00,117189.945,117365.891,116909.65,117001.916,0.025351914,1.0,117204.5
2025-09-19 04:00:00+00:00,117008.13,117175.11,116734.51,117047.06,0.005168708,3.0,116849.145197
2025-09-19 05:00:00+00:00,117036.5,117098.199,116836.39,116944.995,0.0,0.0,116991.7515
2025-09-19 06:00:00+00:00,116932.3465,116949.1,116638.58,116745.4455,0.034130412,16.0,116927.225336
2025-09-19 07:00:00+00:00,116706.4005,117060.684,116633.576,116958.245,0.015392545,6.0,116716.929353
2025-09-19 08:00:00+00:00,116950.182,117217.7,116912.015,116960.05,0.039050759,9.0,117164.020207
2025-09-19 09:00:00+00:00,116970.6,117068.5105,116484.09,116524.3605,0.014224493,2.0,116997.839797
2025-09-19 10:00:00+00:00,116542.9095,116619.575,116458.149,116600.65,0.110129,2.0,116458.172603
2025-09-19 11:00:00+00:00,116604.25,116618.7035,116329.03,116467.9755,0.000278406,3.0,116470.809769
2025-09-19 12:00:00+00:00,116408.9235,116605.55,116168.3045,116224.977,0.070438424,4.0,116284.367311
2025-09-19 13:00:00+00:00,116185.685,116568.1,116102.9,116343.6585,0.012228388,11.0,116359.840737
2025-09-19 14:00:00+00:00,116329.66,116568.7,115831.8885,115931.402,0.050978417,22.0,116376.632741
2025-09-19 15:00:00+00:00,115952.3,116019.139,115499.2165,115950.253,0.05416195,14.0,115799.38553
2025-09-19 16:00:00+00:00,115952.725,116235.703,115841.4315,116160.2115,0.019580167,23.0,116042.183726
2025-09-19 17:00:00+00:00,116136.0635,116197.99,115576.925,115578.19,0.035560247,11.0,115763.722341
2025-09-19 18:00:00+00:00,115600.06,115720.01,115403.36,115440.63,0.039349643,6.0,115576.395077
2025-09-19 19:00:00+00:00,115489.67,115541.5695,115137.485,115151.445,0.017882945,7.0,115395.073803
2025-09-19 20:00:00+00:00,115152.065,115561.57,115073.952,115384.6105,0.014930292,12.0,115386.119658
2025-09-19 21:00:00+00:00,115416.594,115616.8865,115354.2215,115528.635,0.000766317,4.0,115544.165995
2025-09-19 22:00:00+00:00,115518.75,115797.301,115507.735,115676.0605,0.012795242,7.0,115607.527386
2025-09-19 23:00:00+00:00,115618.176,115779.3,115497.787,115695.92,0.02567616,5.0,115540.384389
2025-09-20 00:00:00+00:00,115685.4585,115829.7,115586.56,115780.9985,0.0659175,12.0,115684.012998
2025-09-20 01:00:00+00:00,115791.0105,115791.0105,115639.9095,115675.8,0.0001,1.0,115777.5
2025-09-20 02:00:00+00:00,115677.3615,115720.85,115512.0,115641.02,0.000275869,3.0,115632.574754
2025-09-20 03:00:00+00:00,115665.275,115757.255,115465.09,115542.16,0.000175441,2.0,115674.367161
2025-09-20 04:00:00+00:00,115536.483,115670.1,115398.48,115615.265,0.000108842,2.0,115560.310911
2025-09-20 05:00:00+00:00,115607.915,115813.4995,115565.55,115778.0505,0.004641281,3.0,115616.963896
2025-09-20 06:00:00+00:00,115767.92,115872.4,115628.6,115758.01,0.0054887,6.0,115707.002405
2025-09-20 07:00:00+00:00,115770.4355,116073.45,115727.995,116030.554,0.0,0.0,115765.48525
2025-09-20 08:00:00+00:00,116016.055,116051.217,115752.51,115778.9485,0.003132386,1.0,115752.51
2025-09-20 09:00:00+00:00,115742.675,115876.54,115707.5395,115719.5555,0.004259153,3.0,115756.904602
2025-09-20 10:00:00+00:00,115734.025,115958.3,115728.835,115826.7405,0.008327875,1.0,115958.3
2025-09-20 11:00:00+00:00,115818.205,115994.38,115810.471,115944.56,0.0,0.0,115822.5275
2025-09-20 12:00:00+00:00,115962.515,116079.46,115863.67,115960.175,0.010126209,6.0,115998.308479
2025-09-20 13:00:00+00:00,115933.7655,116067.0,115897.05,115983.66,0.003478878,3.0,116039.149164
2025-09-20 14:00:00+00:00,115993.7255,116111.63,115930.775,116039.631,0.000436159,3.0,116040.323629
2025-09-20 15:00:00+00:00,116032.085,116242.6,116002.8,116058.463,0.003626012,4.0,116149.952269
2025-09-20 16:00:00+00:00,116084.607,116200.3,115935.4945,116093.9345,0.007309731,14.0,116105.646203
2025-09-20 17:00:00+00:00,116092.779,116163.655,115867.923,115894.5,0.0002,2.0,115930.0935
2025-09-20 18:00:00+00:00,115874.013,115943.033,115695.048,115787.9,0.001136366,7.0,115792.230271
2025-09-20 19:00:00+00:00,115711.2,115891.1,115663.66,115745.265,0.179906029,77.0,115830.581974
2025-09-20 20:00:00+00:00,115779.68,115933.82,115687.524,115785.85,0.002271731,5.0,115858.432099
2025-09-20 21:00:00+00:00,115778.08,116018.665,115744.7,115847.7105,0.000653406,4.0,115841.982265
2025-09-20 22:00:00+00:00,115880.9765,115978.15,115771.3,115833.88,0.004985828,5.0,115881.688506
2025-09-20 23:00:00+00:00,115812.3395,115840.5955,115669.6515,115700.585,0.0,0.0,115823.84975
2025-09-21 00:00:00+00:00,115700.34,115823.8035,115591.325,115733.375,0.004301569,2.0,115745.77
2025-09-21 01:00:00+00:00,115682.7505,115721.3,115536.075,115536.075,0.0,0.0,115697.04625
2025-09-21 02:00:00+00:00,115573.4615,115794.425,115502.44,115770.755,8.832e-06,1.0,115524.91
2025-09-21 03:00:00+00:00,115749.845,115822.29,115656.876,115730.4865,8.464e-06,1.0,115822.29
2025-09-21 04:00:00+00:00,115739.342,115828.97,115541.1955,115569.2685,0.00051249,2.0,115724.860303
2025-09-21 05:00:00+00:00,115483.9,115773.94,115483.9,115773.94,1.0009975,3.0,115667.895263
2025-09-21 06:00:00+00:00,115759.5,115906.2915,115704.965,115769.3795,0.022006851,8.0,115856.823087
2025-09-21 07:00:00+00:00,115744.38,115863.735,115665.039,115843.05,0.003219925,2.0,115773.065935
2025-09-21 08:00:00+00:00,115835.1085,115858.1055,115552.52,115714.775,0.020161584,4.0,115738.071136
2025-09-21 09:00:00+00:00,115702.585,115797.63,115374.416,115740.272,0.02238112,2.0,115556.451355
2025-09-21 10:00:00+00:00,115773.4665,115808.0645,115553.063,115595.809,0.00433374,1.0,115553.063
2025-09-21 11:00:00+00:00,115583.75,115782.91,115569.229,115674.923,0.009009107,1.0,115649.394
2025-09-21 12:00:00+00:00,115728.7,115828.8,115616.61,115715.5,0.000342684,2.0,115725.813392
2025-09-21 13:00:00+00:00,115730.51,115854.2,115683.09,115701.665,0.002230188,2.0,115824.286152
2025-09-21 14:00:00+00:00,115744.9625,115815.0,115547.2055,115570.551,0.018461037,6.0,115678.605926
2025-09-21 15:00:00+00:00,115581.85,115754.1,115497.0,115599.75,0.007349672,6.0,115504.130266
2025-09-21 16:00:00+00:00,115588.665,115690.5,114882.0,115418.6285,0.013212188,14.0,115507.947156
2025-09-21 17:00:00+00:00,115382.657,115714.183,115303.102,115629.085,0.004178473,1.0,115554.92
2025-09-21 18:00:00+00:00,115634.55,115769.7,115515.2,115630.075,0.012721563,5.0,115586.106942
2025-09-21 19:00:00+00:00,115603.7625,115673.118,115357.959,115556.597,0.016376126,33.0,115552.123422
2025-09-21 20:00:00+00:00,115546.74,115584.5195,115381.355,115381.355,0.003139265,3.0,115549.270576
2025-09-21 21:00:00+00:00,115404.71,115515.805,115297.451,115481.705,0.000127346,1.0,115479.1
2025-09-21 22:00:00+00:00,115477.988,115653.1105,115265.839,115634.56,0.002212061,2.0,115485.098147
2025-09-21 23:00:00+00:00,115612.71,115636.6705,115235.7,115287.91,0.00872156,3.0,115585.588114
2025-09-22 00:00:00+00:00,115273.56,115882.0,114363.6190085297,114476.022,0.043857214,13.0,115083.266838
2025-09-22 01:00:00+00:00,114458.55,114842.187,114349.3690085297,114358.5990085297,0.006951781,4.0,114443.52357
2025-09-22 02:00:00+00:00,114379.4690085297,114678.697,114201.0,114254.29,0.004986756,7.0,114510.978733
2025-09-22 03:00:00+00:00,114263.83,114732.93,114245.25,114720.1725,0.021019997,4.0,114543.85721
2025-09-22 04:00:00+00:00,114705.042,114776.91,114432.0,114466.92,0.0334274,15.0,114539.874569
2025-09-22 05:00:00+00:00,114489.19,115284.0304991706,113713.15,113752.6835,0.026344156,10.0,114349.63502
2025-09-22 06:00:00+00:00,113772.405,115169.5145514343,111937.765,112918.9605,0.500938396,30.0,112936.682294
2025-09-22 07:00:00+00:00,112890.3255,113144.57,112545.3345,112604.889,0.003945136,11.0,112912.640471
2025-09-22 08:00:00+00:00,112601.02,112969.51,112518.5435,112698.2625,0.268371918,18.0,112704.845533
2025-09-22 09:00:00+00:00,112731.309,112783.3815,112211.013,112420.69,0.467024819,16.0,112492.707816
2025-09-22 10:00:00+00:00,112441.545,112933.95,112326.687,112845.005,0.016480207,14.0,112674.646196
2025-09-22 11:00:00+00:00,112861.7195,113079.88,112755.2855,112952.429,0.007877426,12.0,112998.933789
2025-09-22 12:00:00+00:00,113046.158,113046.158,112585.441,112800.169,0.08205128,6.0,112624.377926
2025-09-22 13:00:00+00:00,112826.035,113260.014,112455.2355,113245.4445,0.067562765,21.0,112850.398891
2025-09-22 14:00:00+00:00,113234.761,113541.9675,112853.205,113019.6965,0.070653334,20.0,113237.532874
2025-09-22 15:00:00+00:00,113040.175,113128.604,112629.0,112878.766,0.072024479,12.0,112811.889014
2025-09-22 16:00:00+00:00,112902.1875,112996.7385,112651.88,112682.63,0.113749233,18.0,112807.360432
2025-09-22 17:00:00+00:00,112671.205,112716.6,112304.08,112462.325,0.051926201,14.0,112462.603109
2025-09-22 18:00:00+00:00,112448.4855,112917.016,112357.49,112526.325625,0.218209303,18.0,112732.295962
2025-09-22 19:00:00+00:00,112563.430625,112744.453,112001.45,112189.849,0.143957236,153.0,112375.489446
2025-09-22 20:00:00+00:00,112195.5065,113077.76,112045.97,112871.415,0.007076677,10.0,112202.864493
2025-09-22 21:00:00+00:00,112865.45,113083.488,112654.446,113074.7745,0.031012705,5.0,113048.578328
2025-09-22 22:00:00+00:00,113036.965,113041.15,112665.47,112724.29,0.087531008,6.0,112731.026994
2025-09-22 23:00:00+00:00,112738.04,112843.47,112667.68,112736.454,0.000364971,3.0,112728.228137
2025-09-23 00:00:00+00:00,112793.04375,112950.06,112460.01,112464.438,0.041976853,9.0,112760.847535
2025-09-23 01:00:00+00:00,112464.8335,112616.286,112217.496,112249.623,0.008638582,1.0,112548.12
2025-09-23 02:00:00+00:00,112273.842,112601.5515,111725.3,111891.01,0.001358254,3.0,112432.375703
2025-09-23 03:00:00+00:00,111915.2165,112587.213,111557.85,112434.255,0.014024811,12.0,112149.347097
2025-09-23 04:00:00+00:00,112455.27,112585.79,111947.439,112545.185,0.045077558,11.0,112275.090202
2025-09-23 05:00:00+00:00,112548.885,112977.696,112487.78,112727.0155,0.029356355,7.0,112905.485555
2025-09-23 06:00:00+00:00,112779.6765,113184.733,112662.85,113054.255,0.042881226,9.0,112988.152068
2025-09-23 07:00:00+00:00,113054.771,113263.84,112934.36,113172.655,0.01823825,6.0,113072.635543
2025-09-23 08:00:00+00:00,113162.5,113268.234,112983.685,113205.5865,0.008813132,2.0,113262.146899
2025-09-23 09:00:00+00:00,113193.58,113364.7385,112928.45,112988.155,0.005547244,3.0,113181.053836
2025-09-23 10:00:00+00:00,113013.663,113163.899,112849.915,113025.68,0.018349573,4.0,113046.187751
2025-09-23 11:00:00+00:00,113028.01,113166.297,112737.97,113082.8445,0.055330649,6.0,112913.556023
2025-09-23 12:00:00+00:00,113035.515,113158.39,112890.07,113006.0775,0.045073291,3.0,113023.976246
2025-09-23 13:00:00+00:00,112999.376,113109.5,112765.485,113006.9225,0.17975183,12.0,112924.930124
2025-09-23 14:00:00+00:00,113016.525,113537.412614,112662.85,112715.775,0.11687829,13.0,112783.899583
2025-09-23 15:00:00+00:00,112719.825,113162.442,112662.85,112934.8405,0.147177608,14.0,113054.903125
2025-09-23 16:00:00+00:00,112923.915,113537.412614,112567.095,112890.395,0.165685172,33.0,112770.0599
2025-09-23 17:00:00+00:00,112873.585,112888.6155,111897.95,111998.5,0.111918336,16.0,112439.567095
2025-09-23 18:00:00+00:00,112000.3095,112264.095,111701.475,111786.3,0.067204883,13.0,112034.287635
2025-09-23 19:00:00+00:00,111794.7,112053.1,111506.74,111692.0,0.201221174,72.0,111707.864097
2025-09-23 20:00:00+00:00,111665.785,112034.91,111492.87,112028.2785,0.000805784,5.0,111840.19479
2025-09-23 21:00:00+00:00,112035.965,112264.2,111924.5475,112207.1315,0.001311879,8.0,112132.294218
2025-09-23 22:00:00+00:00,112297.063,112298.476,112029.29,112210.865,0.001481927,12.0,112208.992061
2025-09-23 23:00:00+00:00,112249.8,112288.0,111898.85,112019.76,0.001720378,7.0,112225.49948
2025-09-24 00:00:00+00:00,112015.155,112468.183,111850.6245,112253.15,0.04432574,11.0,112276.923241
2025-09-24 01:00:00+00:00,112256.6045,112542.989,112157.1845,112479.0,0.005251695,2.0,112427.78247
2025-09-24 02:00:00+00:00,112474.11,112535.05,111911.185,112147.0645,0.001418659,4.0,112254.229695
2025-09-24 03:00:00+00:00,112139.26,112268.3025,111702.145,111739.82,0.004439301,1.0,111804.25
2025-09-24 04:00:00+00:00,111716.241,112883.3275154775,111122.577421182,112199.5025,0.021757895,6.0,111567.86734
2025-09-24 05:00:00+00:00,112197.5875,112749.0,112155.19,112661.5155,0.034695075,6.0,112594.274337
2025-09-24 06:00:00+00:00,112662.2,112834.468,112520.0,112620.5655,0.001888268,3.0,112536.568714
2025-09-24 07:00:00+00:00,112640.318,112791.4,112531.22,112628.93,0.002571125,1.0,112676.7
2025-09-24 08:00:00+00:00,112654.285,112698.18,112423.5505,112629.555,0.008388994,4.0,112521.715137
2025-09-24 09:00:00+00:00,112645.245,112894.4,112498.24,112751.241,0.198282643,12.0,112874.603877
2025-09-24 10:00:00+00:00,112777.985,112961.05,112598.06,112939.55,0.735552736,5.0,112841.771318
2025-09-24 11:00:00+00:00,112957.352,113212.35,112887.6,113083.0265,0.024782705,7.0,113007.722822
2025-09-24 12:00:00+00:00,113062.915,113196.93,112956.295,113074.09,0.212219321,5.0,112979.170377
2025-09-24 13:00:00+00:00,113139.76,113277.6145,112828.0,112851.42,0.162599284,11.0,113137.143338
2025-09-24 14:00:00+00:00,112887.14,113954.3435,112885.325,113768.74,0.010985877,8.0,113240.424458
2025-09-24 15:00:00+00:00,113767.8555,114028.5,113299.315,113372.332,0.047831519,12.0,113773.656679
2025-09-24 16:00:00+00:00,113416.83,113865.57,113171.04,113782.4575,0.034815376,24.0,113421.113057
2025-09-24 17:00:00+00:00,113729.708,114023.447,113660.525,113801.504,0.138275695,11.0,113844.387088
2025-09-24 18:00:00+00:00,113811.353,113940.68,113533.35,113684.97,0.068957935,15.0,113806.026447
2025-09-24 19:00:00+00:00,113726.641,113796.07,113315.23,113472.5485,0.203900766,74.0,113458.439424
2025-09-24 20:00:00+00:00,113462.89,113710.263,113443.958,113557.085,0.004177133,7.0,113600.917053
2025-09-24 21:00:00+00:00,113577.4415,113727.5,113318.57,113398.4065,0.018272754,4.0,113722.838318
2025-09-24 22:00:00+00:00,113406.015,113716.0335,113279.35,113379.9,0.000599314,3.0,113607.049803
2025-09-24 23:00:00+00:00,113394.309,113488.4,113234.1,113330.6525,0.000871929,3.0,113400.587345
2025-09-25 00:00:00+00:00,113350.75,113570.599,113000.572,113094.285,0.044124455,24.0,113370.869763
2025-09-25 01:00:00+00:00,113111.1395,113424.495,112525.24,112697.29,0.086106616,3.0,112605.177322
2025-09-25 02:00:00+00:00,112699.299,113237.0375,112554.55,112925.465,0.000476948,3.0,112804.545747
2025-09-25 03:00:00+00:00,112904.255,112936.105,112231.03,112540.5655,0.229173337,10.0,112690.134473
2025-09-25 04:00:00+00:00,112546.445,112816.987614,111543.72,111734.254,0.118631394,8.0,112423.051254
2025-09-25 05:00:00+00:00,111724.942,112057.7295,111583.06,111754.594,0.323856068,10.0,111891.261971
2025-09-25 06:00:00+00:00,111763.789,111886.725,111514.915,111546.544,0.013359794,9.0,111758.175532
2025-09-25 07:00:00+00:00,111527.755,111922.771,111465.08,111780.004,0.039782261,13.0,111657.226533
2025-09-25 08:00:00+00:00,111821.953,112074.73,111687.4,111762.61,0.109676957,11.0,112038.466982
2025-09-25 09:00:00+00:00,111762.9115,112281.0895,111584.5115,111584.5115,0.173034106,11.0,111832.857556
2025-09-25 10:00:00+00:00,111587.915,111949.4,111530.56,111659.1045,0.004974753,6.0,111783.735327
2025-09-25 11:00:00+00:00,111671.488,111771.489,111315.51,111371.192,0.462639772,7.0,111450.818295
2025-09-25 12:00:00+00:00,111363.3945,112463.7918781725,111146.572463054,111182.752463054,0.006347995,6.0,111397.869924
2025-09-25 13:00:00+00:00,111178.402463054,112123.7278387635,110578.6,111010.7495,0.15981603,19.0,111210.825478
2025-09-25 14:00:00+00:00,111030.45,112123.7278387635,110967.556,111592.549,0.096877799,28.0,111430.976204
2025-09-25 15:00:00+00:00,111572.8455,111710.885,110902.551,111664.055,0.19233829,17.0,111511.400603
2025-09-25 16:00:00+00:00,111656.695,111836.08,110920.254,111023.275,0.144868847,26.0,111230.822074
2025-09-25 17:00:00+00:00,110997.543,111227.093596059,108665.9815,108878.057,0.311398294,46.0,109557.689376
2025-09-25 18:00:00+00:00,108871.8875,110187.1921182265,108661.585,109761.0295,0.104547845,26.0,109196.492429
2025-09-25 19:00:00+00:00,109832.797,110019.875,109254.0,109385.225,0.167511184,139.0,109509.462695
2025-09-25 20:00:00+00:00,109384.98,109575.256,109080.167,109213.09,0.011834721,18.0,109251.906589
2025-09-25 21:00:00+00:00,109220.393,109763.96,109097.6,109427.605,0.013480884,10.0,109534.134585
2025-09-25 22:00:00+00:00,109462.5755,109646.68,109289.121,109485.965,0.083614727,13.0,109574.027851
2025-09-25 23:00:00+00:00,109460.5025,110187.1921182265,108794.7375,109031.745,0.024457893,8.0,109162.347025
2025-09-26 00:00:00+00:00,109028.9785,109684.3,108847.49,109508.8,0.053638088,37.0,109320.192051
2025-09-26 01:00:00+00:00,109532.301,109864.55,109355.2195,109734.9,0.051259687,10.0,109799.542184
2025-09-26 02:00:00+00:00,109734.45,109874.33,109528.1,109687.35,0.009998006,8.0,109724.409677
2025-09-26 03:00:00+00:00,109670.4855,109727.897,109326.075,109643.9395,0.026567521,5.0,109641.170379
2025-09-26 04:00:00+00:00,109711.5,109711.5,109278.131,109389.96,0.029891263,8.0,109463.342593
2025-09-26 05:00:00+00:00,109459.49,109698.36,109106.4,109316.5075,0.07071032,13.0,109477.998999
2025-09-26 06:00:00+00:00,109299.37,109715.48,109070.085,109441.181,0.050281804,14.0,109537.133631
2025-09-26 07:00:00+00:00,109442.5345,109675.184,108980.3,109405.75,0.03662657,8.0,109155.865612
2025-09-26 08:00:00+00:00,109412.055,109718.43,109377.469,109662.665,0.023962784,8.0,109575.368168
2025-09-26 09:00:00+00:00,109719.65,109815.62,109446.0625,109642.817,0.058713962,12.0,109679.185311
2025-09-26 10:00:00+00:00,109643.46,109643.46,108760.7815,108975.385,0.133256762,8.0,109382.487717
2025-09-26 11:00:00+00:00,108967.74,109263.05,108665.135,109196.4325,0.045797425,8.0,109010.130528
2025-09-26 12:00:00+00:00,109179.2225,109651.5905,108842.0371182265,109442.561,0.045426511,8.0,109242.443404
2025-09-26 13:00:00+00:00,109452.15,109856.218275,109034.507,109743.65,2.093612286,23.0,109159.485146
2025-09-26 14:00:00+00:00,109747.77,109855.185,108805.055,108913.915,0.052723506,16.0,109210.242809
2025-09-26 15:00:00+00:00,108908.335,109443.46,108848.2845,109057.4205,0.204761676,20.0,109123.288294
2025-09-26 16:00:00+00:00,109104.027,109681.717,109023.6,109494.0645,0.085122566,31.0,109263.376091
2025-09-26 17:00:00+00:00,109498.6135,110092.58,109421.655,109961.355,0.04434843,16.0,109917.466334
2025-09-26 18:00:00+00:00,109979.075,110403.216,109750.989,109790.8335,0.033739784,14.0,110076.220135
2025-09-26 19:00:00+00:00,109788.4765,109859.552,109064.728,109245.774,0.166400276,71.0,109284.246395
2025-09-26 20:00:00+00:00,109220.958,109475.6,109093.8,109366.985,0.023377652,11.0,109300.435964
2025-09-26 21:00:00+00:00,109437.87,109644.49,109187.3,109520.6245,0.022191796,13.0,109470.522405
2025-09-26 22:00:00+00:00,109542.7,109753.188,109318.454,109634.985,0.004103689,31.0,109631.011885
2025-09-26 23:00:00+00:00,109714.1,109809.875,109411.4,109695.45,0.003721432,26.0,109718.502404
2025-09-27 00:00:00+00:00,109757.9,109806.68,109475.996,109689.235,0.043160787,44.0,109622.042171
2025-09-27 01:00:00+00:00,109764.17,109786.821,109321.901,109494.3405,0.016594241,4.0,109425.931097
2025-09-27 02:00:00+00:00,109589.65,109589.65,109319.5,109461.895,0.085020175,7.0,109512.274904
2025-09-27 03:00:00+00:00,109552.59,109834.1,109434.4925,109633.24,0.004596794,10.0,109664.264144
2025-09-27 04:00:00+00:00,109712.17,109850.32,109569.655,109710.545,0.001986645,4.0,109703.732143
2025-09-27 05:00:00+00:00,109772.5,109847.2,109637.7,109709.5725,0.002185533,4.0,109799.920397
2025-09-27 06:00:00+00:00,109797.7,109797.7,109517.141356805,109583.951,0.030368756,11.0,109678.933593
2025-09-27 07:00:00+00:00,109660.202,109673.81,109368.089,109421.665,0.013273783,5.0,109632.927653
2025-09-27 08:00:00+00:00,109406.2,109467.8,109301.335,109311.515,0.053594854,8.0,109432.662546
2025-09-27 09:00:00+00:00,109314.48,109418.38,109101.644,109349.166,0.01027,3.0,109380.381302
2025-09-27 10:00:00+00:00,109337.4,109555.25,109302.4725,109466.7065,0.005917766,4.0,109411.112713
2025-09-27 11:00:00+00:00,109477.7,109521.27,109318.54,109391.665,0.022560915,7.0,109469.320116
2025-09-27 12:00:00+00:00,109377.0375,109549.392,109272.053,109446.13,0.048149868,5.0,109395.76611
2025-09-27 13:00:00+00:00,109538.33,109538.33,109322.659,109371.295,0.019746439,6.0,109445.363963
2025-09-27 14:00:00+00:00,109425.79,109538.4,109300.6155,109359.95,0.069638775,8.0,109344.697856
2025-09-27 15:00:00+00:00,109356.74,109550.26,109214.996,109461.048,0.084053715,9.0,109399.814291
2025-09-27 16:00:00+00:00,109554.696,110002.3992385785,109346.33,109426.945,0.00672221,16.0,109503.474611
2025-09-27 17:00:00+00:00,109424.2685,109473.6625,109281.045,109444.306,0.0,0.0,109422.735
2025-09-27 18:00:00+00:00,109399.81,109542.5,109372.343,109490.36,0.002645202,2.0,109521.231271
2025-09-27 19:00:00+00:00,109496.296,109568.309,109373.5,109464.765,0.067111808,66.0,109471.885777
2025-09-27 20:00:00+00:00,109473.8315,109548.2,109356.061,109433.634,0.012970277,8.0,109485.153129
2025-09-27 21:00:00+00:00,109458.075,109622.3,109404.62,109510.62,0.001924484,8.0,109540.723428
2025-09-27 22:00:00+00:00,109572.546,109817.09,109510.62,109654.177,0.000531326,9.0,109695.809559
2025-09-27 23:00:00+00:00,109663.584,109748.222,109508.115,109692.019,0.000268414,2.0,109709.410076
2025-09-28 00:00:00+00:00,109789.458,109852.35,109579.84,109686.89,0.001255445,4.0,109790.515197
2025-09-28 01:00:00+00:00,109690.125,109736.886,109351.5,109409.85,0.003119981,8.0,109610.517819
2025-09-28 02:00:00+00:00,109407.346,109591.57,109359.865,109493.287,0.009356509,2.0,109409.75496
2025-09-28 03:00:00+00:00,109484.85,109648.08,109407.82,109475.5675,0.0951016,4.0,109408.656991
2025-09-28 04:00:00+00:00,109548.535,109560.2,109402.334,109417.9,0.00524311,5.0,109507.2617
2025-09-28 05:00:00+00:00,109353.0,109542.9,109353.0,109408.6755,0.022639164,4.0,109450.008976
2025-09-28 06:00:00+00:00,109402.002,109518.072,109213.41,109468.125,0.000148037,2.0,109228.920497
2025-09-28 07:00:00+00:00,109473.135,109684.9,109378.4085,109552.3245,0.051924451,6.0,109587.257641
2025-09-28 08:00:00+00:00,109638.74,109705.45,109486.61,109560.51,0.058140894,8.0,109627.426753
2025-09-28 09:00:00+00:00,109573.0615,109621.57,109361.035,109571.611,0.005244777,6.0,109525.123512
2025-09-28 10:00:00+00:00,109541.595,109560.401,109393.615,109422.05,0.000440836,1.0,109528.88
2025-09-28 11:00:00+00:00,109397.7925,109503.58,109259.58,109422.5,0.01032353,4.0,109365.280029
2025-09-28 12:00:00+00:00,109410.5905,109534.59,109224.597,109363.816,0.016869312,9.0,109454.219181
2025-09-28 13:00:00+00:00,109392.095,109724.731,109369.882,109660.7715,0.021897797,8.0,109663.263475
2025-09-28 14:00:00+00:00,109678.45,109934.6585,109593.745,109866.955,0.100414315,13.0,109722.707796
2025-09-28 15:00:00+00:00,109876.0,110090.1395,109734.82,110052.145,0.119712491,6.0,109961.808903
2025-09-28 16:00:00+00:00,110129.1,110373.1395230495,110021.975,110221.845,0.500502133,15.0,110135.821892
2025-09-28 17:00:00+00:00,110210.85,110465.79,110150.0,110246.85,0.009254568,6.0,110387.403245
2025-09-28 18:00:00+00:00,110212.53,110343.5585,110085.75,110343.5585,0.001204351,5.0,110235.969996
2025-09-28 19:00:00+00:00,110321.478,110505.6,110130.7,110357.918,0.072638915,50.0,110355.815671
2025-09-28 20:00:00+00:00,110367.8565,110965.6785383736,110308.665,110861.981,0.066360556,7.0,110924.040834
2025-09-28 21:00:00+00:00,110875.2925,110937.9,110670.0,110874.1685,0.002042202,3.0,110871.578982
2025-09-28 22:00:00+00:00,110887.2785383736,112056.935,110875.9275,111962.2535,0.402001836,9.0,111995.3094
2025-09-28 23:00:00+00:00,111984.921,112397.3525,111984.921,112188.55,0.006190472,14.0,112310.327039
2025-09-29 00:00:00+00:00,112215.05,112365.193,112025.583,112290.372,0.001319277,8.0,112306.90305
2025-09-29 01:00:00+00:00,112326.25,112365.031,111754.41,111903.86,0.00148744,7.0,112043.320457
2025-09-29 02:00:00+00:00,111893.212,112081.954,111658.11,111812.375,0.03104533,8.0,111943.528124
2025-09-29 03:00:00+00:00,111799.915,111938.8245,111608.85,111938.8245,0.001485371,8.0,111802.020733
2025-09-29 04:00:00+00:00,111922.5545,112011.857,111776.942,111868.225,0.025551835,10.0,111946.813431
2025-09-29 05:00:00+00:00,111806.61,111915.9,111596.535,111791.3,0.00156702,10.0,111800.346957
2025-09-29 06:00:00+00:00,111823.7005,111928.52,111661.1,111672.3955,0.002024157,9.0,111885.103003
2025-09-29 07:00:00+00:00,111672.277,111959.096,111588.0065,111939.742,0.018989451,3.0,111915.998996
2025-09-29 08:00:00+00:00,111919.575,112458.1655,111910.89,112116.875,2.7746e-05,3.0,112062.616842
2025-09-29 09:00:00+00:00,112131.35,112255.135,112014.1,112136.4785,0.010675687,4.0,112170.24488
2025-09-29 10:00:00+00:00,112124.02,112287.545,112054.9495,112132.5235,0.003814241,5.0,112191.342121
2025-09-29 11:00:00+00:00,112131.3565,112237.3,111939.5,112147.2,0.00480593,4.0,112102.765659
2025-09-29 12:00:00+00:00,112162.515,112561.5,111965.513,112069.15,0.001477659,2.0,112480.841799
2025-09-29 13:00:00+00:00,112087.3395,113556.535,111938.755,113270.111,0.207471803,16.0,112757.955962
2025-09-29 14:00:00+00:00,113277.72,114294.165,113262.51,114096.89,0.112062494,23.0,114082.477963
2025-09-29 15:00:00+00:00,114142.47,114196.7675,113747.9095,113891.285,0.112786384,12.0,114093.908046
2025-09-29 16:00:00+00:00,113884.355,114145.945,113320.2613054185,113671.766,0.197357752,22.0,113970.643849
2025-09-29 17:00:00+00:00,113633.9,114244.336,113518.94,114145.23,0.158776992,12.0,114017.681785
2025-09-29 18:00:00+00:00,114127.51,114308.776,113942.6,114115.1955,0.012934248,8.0,114042.035111
2025-09-29 19:00:00+00:00,114066.86,114546.9,113893.333,114351.67,0.34384604,161.0,114315.396051
2025-09-29 20:00:00+00:00,114335.465,114509.1795,114182.2345,114309.6725,0.000166484,2.0,114382.620275
2025-09-29 21:00:00+00:00,114334.015,114454.9,114153.927,114244.7735,0.003277032,6.0,114227.383893
2025-09-29 22:00:00+00:00,114249.6,114315.4745,114074.3315,114262.85,0.001722329,3.0,114172.163645
2025-09-29 23:00:00+00:00,114326.3,114472.82,114244.52,114378.43,0.021281486,10.0,114451.904944
2025-09-30 00:00:00+00:00,114346.505,114803.865,113570.2613054185,114612.25,0.002907616,7.0,114227.662542
2025-09-30 01:00:00+00:00,114576.405,114820.715,114288.36,114585.3,0.015427049,10.0,114645.803814
2025-09-30 02:00:00+00:00,114564.395,114746.0,114435.684,114519.4765,0.002780905,3.0,114593.675798
2025-09-30 03:00:00+00:00,114537.389,114603.1305,114321.791,114429.41,0.002309109,2.0,114325.010909
2025-09-30 04:00:00+00:00,114431.385,114500.0,114154.21,114163.205,0.006820537,3.0,114433.477716
2025-09-30 05:00:00+00:00,114163.205005,114230.11,113878.44,113975.045,0.6340094,6.0,114065.497848
2025-09-30 06:00:00+00:00,113953.985,114172.23,113881.9345,113963.306,0.028868044,7.0,114008.337241
2025-09-30 07:00:00+00:00,113955.237,114077.67,113640.854,113757.88,0.0112613,5.0,113861.092472
2025-09-30 08:00:00+00:00,113741.25,113815.17,113406.6905,113516.904,0.007766983,8.0,113549.642607
2025-09-30 09:00:00+00:00,113503.91,113523.15,112847.526,112861.864,0.201619256,3.0,113251.666417
2025-09-30 10:00:00+00:00,112872.905,113129.435,112680.118,112961.765,0.1207628,7.0,112741.925
2025-09-30 11:00:00+00:00,112956.75,113189.9325,112832.6,113077.775,0.047870521,4.0,112968.122805
2025-09-30 12:00:00+00:00,113091.425,113340.03,113015.28,113041.62,0.00164134,5.0,113063.568047
2025-09-30 13:00:00+00:00,113049.48,113733.5105,112904.1,113458.25,0.352555567,13.0,113210.111442
2025-09-30 14:00:00+00:00,113453.185,113679.9605,112939.244,113653.471,0.045881421,11.0,113293.011031
2025-09-30 15:00:00+00:00,113640.95,113640.95,112953.546970443,113130.626,0.021738479,12.0,113159.106844
2025-09-30 16:00:00+00:00,113142.24,113373.216970443,112799.875,112860.955,0.025730589,20.0,113031.40787
2025-09-30 17:00:00+00:00,112863.62,113549.86,112816.829,113267.02,0.000740408,11.0,113426.355426
2025-09-30 18:00:00+00:00,113269.25,113826.12,113180.2,113707.2,0.014056281,7.0,113440.95217
2025-09-30 19:00:00+00:00,113724.8,114673.25,113654.9,114373.184,0.066110844,58.0,114440.711976
2025-09-30 20:00:00+00:00,114390.5,114722.86129,114130.04,114636.697,0.119396713,4.0,114498.725194
2025-09-30 21:00:00+00:00,114660.75,114818.11,114146.055,114192.255,0.004560161,13.0,114548.62225
2025-09-30 22:00:00+00:00,114201.32,114393.77,113904.775,113969.495,0.011935856,3.0,114094.071154
2025-09-30 23:00:00+00:00,113940.25,114071.25,113777.4,114071.25,0.111750526,5.0,113959.173992
2025-10-01 00:00:00+00:00,114083.5975,114318.42,113971.25,114259.217,0.007874422,5.0,114230.782138
2025-10-01 01:00:00+00:00,114255.745,114590.99,114144.955,114552.466,0.005384522,15.0,114348.109896
2025-10-01 02:00:00+00:00,114567.925,114589.8125,114286.28,114296.1675,0.0,0.0,114560.77575
2025-10-01 03:00:00+00:00,114312.1945,114564.06,114116.8595,114202.1605,0.033356148,3.0,114221.243691
2025-10-01 04:00:00+00:00,114210.2385,114742.5205,114153.3,114310.43,0.004352163,19.0,114632.668946
2025-10-01 05:00:00+00:00,114334.2,114769.135,114270.574,114595.341,0.029616156,6.0,114539.559588
2025-10-01 06:00:00+00:00,114599.69,114656.25,114239.0125,114266.675,0.008869712,8.0,114533.429041
2025-10-01 07:00:00+00:00,114253.0,114641.075,114221.045,114570.93,0.005797118,5.0,114501.898624
2025-10-01 08:00:00+00:00,114570.6835,116605.743,114472.252,116162.8235,0.046987175,23.0,115475.641257
2025-10-01 09:00:00+00:00,116164.83,116595.973,115982.6425,116443.492,0.126279189,13.0,116189.653391
2025-10-01 10:00:00+00:00,116456.365,116660.894,116218.3,116312.0525,0.018338749,10.0,116480.962482
2025-10-01 11:00:00+00:00,116306.225,116805.61,116305.162,116793.965,0.130740838,14.0,116617.881959
2025-10-01 12:00:00+00:00,116800.935,116966.55,116365.61,116458.69,0.04946231,15.0,116494.64445
2025-10-01 13:00:00+00:00,116439.45,116899.623,116424.3,116870.558,0.06829067,10.0,116711.288202
2025-10-01 14:00:00+00:00,116878.9825,117603.3,116752.35,117351.5665,0.036086175,47.0,117207.074841
2025-10-01 15:00:00+00:00,117357.63,117678.1873,117172.1025,117491.937,0.066135335,37.0,117352.406703
2025-10-01 16:00:00+00:00,117495.14,118249.405837563,117274.5523,117629.077,0.108971253,177.0,117819.469802
2025-10-01 17:00:00+00:00,117579.45,117766.25,116752.53,116825.75,0.704931139,16.0,117222.85697
2025-10-01 18:00:00+00:00,116890.6,117429.915,116798.8195,117279.98,0.045967078,16.0,117138.606961
2025-10-01 19:00:00+00:00,117287.6,117686.645,117260.7085,117490.66,0.030563344,73.0,117512.093473
2025-10-01 20:00:00+00:00,117500.11,117604.95,117204.383,117582.546,0.033947025,6.0,117434.732917
2025-10-01 21:00:00+00:00,117608.85,117662.9575,117381.95,117611.015,0.001837364,2.0,117562.26122
2025-10-01 22:00:00+00:00,117646.85,118177.6,117622.9885,117826.95,0.010300612,8.0,117851.438555
2025-10-01 23:00:00+00:00,117786.272,118720.5815,117742.15,118655.86,0.046831731,51.0,118409.775072
2025-10-02 00:00:00+00:00,118609.338875,119461.7725,118461.33,118498.715,0.099868696,22.0,118986.936322
2025-10-02 01:00:00+00:00,118518.342,118950.691,118418.0575,118709.95,0.222015743,13.0,118799.358298
2025-10-02 02:00:00+00:00,118697.806,118878.96,118467.772,118844.05,0.00212838,10.0,118658.757194
2025-10-02 03:00:00+00:00,118816.2,119136.1115,118751.2,118800.4365,0.436313793,16.0,118791.777541
2025-10-02 04:00:00+00:00,118778.994,119104.3,118487.55,118719.535,0.093889387,6.0,118555.959448
2025-10-02 05:00:00+00:00,118701.1385,118737.021,118377.015,118449.988,0.22605373,3.0,118452.431032
2025-10-02 06:00:00+00:00,118436.9785,118745.4735,118387.66,118728.839,0.098426748,6.0,118437.118466
2025-10-02 07:00:00+00:00,118761.152,118815.801,118447.27,118549.005,0.088359198,6.0,118491.387534
2025-10-02 08:00:00+00:00,118545.315,118835.529,118415.365,118747.0965,0.29648237,9.0,118646.921297
2025-10-02 09:00:00+00:00,118733.342,118927.7855,118615.3055,118927.6755,0.000406655,1.0,118735.26
2025-10-02 10:00:00+00:00,118947.5,119017.3,118700.0,118728.47,0.001076122,4.0,118762.928533
2025-10-02 11:00:00+00:00,118712.507,118957.4,118584.2835,118839.825,0.044394886,8.0,118752.864729
2025-10-02 12:00:00+00:00,118829.222,119520.81,118797.851,119437.1442725,0.009204407,6.0,119328.87064
2025-10-02 13:00:00+00:00,119447.3392725,119840.03,118969.6405,119701.575,0.209152036,35.0,119499.093523
2025-10-02 14:00:00+00:00,119614.4,119839.51,118737.295,118888.5845,1.808132826,27.0,119491.867739
2025-10-02 15:00:00+00:00,118876.0,120018.0,118586.87,119966.65,0.492803082,16.0,119411.524994
2025-10-02 16:00:00+00:00,119984.785,120407.83,119647.0,119826.971,0.256650004,49.0,120068.32417
2025-10-02 17:00:00+00:00,119832.554,120055.606,119423.521,120009.254,0.345510552,15.0,119616.303423
2025-10-02 18:00:00+00:00,120005.34,120742.721535,119972.674,120618.9,0.120726322,11.0,120461.472564
2025-10-02 19:00:00+00:00,120605.0165,121126.76,120500.731,120890.519,0.926235034,175.0,120729.936825
2025-10-02 20:00:00+00:00,120930.516,121026.115,120350.0,120745.5,0.149583558,12.0,120740.022813
2025-10-02 21:00:00+00:00,120712.515,120839.2545,120202.135,120202.135,0.06997207,5.0,120303.491124
2025-10-02 22:00:00+00:00,120213.0525,120501.86,120134.183,120344.08,0.000308487,2.0,120229.75359
2025-10-02 23:00:00+00:00,120319.288,120762.8,120317.6,120619.95,0.345890801,4.0,120629.402818
2025-10-03 00:00:00+00:00,120615.468,120678.7,120151.674,120235.7545,0.012607354,20.0,120241.688403
2025-10-03 01:00:00+00:00,120234.251,120420.8285,119911.04,119957.8745,0.002094049,6.0,120219.737737
2025-10-03 02:00:00+00:00,119985.3,120373.177,119968.968,120247.5115,0.001767855,15.0,120126.831552
2025-10-03 03:00:00+00:00,120266.51,120584.036,120239.81,120341.107,0.01978004,9.0,120452.278978
2025-10-03 04:00:00+00:00,120302.733,120442.7065,120078.95,120128.163,0.002842976,7.0,120263.194663
2025-10-03 05:00:00+00:00,120148.035,120193.645,119809.7385,119997.357,0.046429815,10.0,119864.286909
2025-10-03 06:00:00+00:00,120027.95,120198.55,119844.15,120031.69,0.00698465,5.0,120020.099454
2025-10-03 07:00:00+00:00,120024.3655,120114.93,119729.825,119762.765,0.111823739,14.0,119780.39393
2025-10-03 08:00:00+00:00,119749.097,120177.451,119364.615,120167.7265,0.006042014,6.0,119781.008396
2025-10-03 09:00:00+00:00,120121.5435,120492.88,120067.3555,120412.0595,0.070423531,10.0,120368.400385
2025-10-03 10:00:00+00:00,120410.85,120654.85,120344.3745,120526.919,0.007973608,8.0,120601.21862
2025-10-03 11:00:00+00:00,120526.208,120577.85,120200.345,120408.81,0.00239447,2.0,120499.3923
2025-10-03 12:00:00+00:00,120406.5295,120532.15,120190.165,120445.051,0.013787681,6.0,120374.815182
2025-10-03 13:00:00+00:00,120467.325,120792.855,120213.59,120473.151,0.260128761,11.0,120426.970413
2025-10-03 14:00:00+00:00,120487.52,121101.695,119975.315,121015.035,0.035946131,18.0,120552.665038
2025-10-03 15:00:00+00:00,121020.65,122418.15,120705.5,122340.641,0.670098975,38.0,121590.426621
2025-10-03 16:00:00+00:00,122361.865,124053.57,122351.757,122630.7735,0.159370193,58.0,123368.326667
2025-10-03 17:00:00+00:00,122616.345,123840.03,121680.061,122145.4,0.112855493,20.0,122672.343865
2025-10-03 18:00:00+00:00,122161.7095,122840.03,121541.755,122614.6,0.362466565,10.0,121838.437489
2025-10-03 19:00:00+00:00,122642.72,123077.6735,122432.287,122755.346,0.051581607,81.0,122722.974539
2025-10-03 20:00:00+00:00,122756.025,122799.816,122130.3265,122549.35,0.015045682,10.0,122271.743939
2025-10-03 21:00:00+00:00,122526.751,122592.246,122078.965,122395.345,0.013481079,8.0,122450.044096
2025-10-03 22:00:00+00:00,122400.76,122755.855,122386.6,122567.39,0.001903091,10.0,122533.013268
2025-10-03 23:00:00+00:00,122477.08,122578.51,122240.74,122330.885,0.000842409,1.0,122477.08
2025-10-04 00:00:00+00:00,122312.265,122410.8,122015.749,122188.085,0.020435171,24.0,122200.507632
2025-10-04 01:00:00+00:00,122197.2735,122224.929,121840.095,121968.917,0.027527842,4.0,122015.846561
2025-10-04 02:00:00+00:00,121910.856,122096.187,121734.76,121935.1555,0.005990596,21.0,121835.478764
2025-10-04 03:00:00+00:00,121952.704,122404.257,121903.4,122294.84,0.065884962,10.0,122028.39832
2025-10-04 04:00:00+00:00,122366.19,122670.9,122287.35,122586.32,0.085997508,4.0,122294.323798
2025-10-04 05:00:00+00:00,122611.2185,122840.03,122453.17,122621.91,0.082579708,7.0,122558.934261
2025-10-04 06:00:00+00:00,122601.67,122705.9655,122440.4,122519.066,0.002560709,4.0,122602.190552
2025-10-04 07:00:00+00:00,122534.625,122593.27,122266.611,122401.85,0.005284161,11.0,122528.264253
2025-10-04 08:00:00+00:00,122407.4765,122637.4,122247.7185,122344.76,0.002469987,3.0,122428.756883
2025-10-04 09:00:00+00:00,122354.028,122533.726,122208.624,122270.625,0.012732155,4.0,122397.871107
2025-10-04 10:00:00+00:00,122308.3,122425.3,122173.155,122173.155,0.008294456,3.0,122409.033786
2025-10-04 11:00:00+00:00,122195.367,122392.9,122009.691,122051.486,0.018452372,9.0,122132.503284
2025-10-04 12:00:00+00:00,122065.975,122202.87,122011.23,122098.034,0.000101612,2.0,122062.364431
2025-10-04 13:00:00+00:00,122074.73,122572.05,122069.592,122461.715,0.015645017,6.0,122298.948109
2025-10-04 14:00:00+00:00,122468.385,122591.9,122070.3005,122070.3005,0.001931735,12.0,122279.954472
2025-10-04 15:00:00+00:00,122062.8755,122227.586,121773.78,121863.6425,0.944507701,12.0,121926.645389
2025-10-04 16:00:00+00:00,121866.94,122048.13,121620.81,121807.192,0.028457929,17.0,121790.229165
2025-10-04 17:00:00+00:00,121818.0,122013.542,121718.3695,121835.89,8.0022e-05,1.0,121867.04
2025-10-04 18:00:00+00:00,121817.4,121926.41,121575.35,121660.891,0.004567414,2.0,121670.318269
2025-10-04 19:00:00+00:00,121656.39,122089.9,121647.281,122027.405,0.412586459,134.0,122019.920213
2025-10-04 20:00:00+00:00,122048.656,122159.725,121933.16,121959.134,0.0,0.0,122060.93375
2025-10-04 21:00:00+00:00,121940.6655,122419.295,121920.155,122235.2195,0.0069975,3.0,122313.144645
2025-10-04 22:00:00+00:00,122253.805,122452.9755,122197.7375,122334.87,0.0002,1.0,122304.6
2025-10-04 23:00:00+00:00,122346.1,122493.622,122258.414,122428.3,0.000509339,1.0,122399.987
2025-10-05 00:00:00+00:00,122508.9,122569.05,122205.35,122231.738,0.007150264,6.0,122427.452151
2025-10-05 01:00:00+00:00,122233.9,122497.25,122194.801,122448.6,0.016264406,3.0,122346.041672
2025-10-05 02:00:00+00:00,122458.14,124379.3708121825,122394.29,124081.83,0.018434042,19.0,123742.869889
2025-10-05 03:00:00+00:00,124054.84,124230.7755,123356.976,123795.2425,0.015880088,11.0,123848.870965
2025-10-05 04:00:00+00:00,123835.0165,125692.5539776,123757.2475,125224.9,0.268433002,40.0,124821.020162
2025-10-05 05:00:00+00:00,125210.115,125482.015,124880.215,125129.227,0.113895632,18.0,125057.466029
2025-10-05 06:00:00+00:00,125114.205,125244.356,124822.31,125023.9915,0.057196877,6.0,124947.851784
2025-10-05 07:00:00+00:00,124989.666,125165.9,124621.625,124723.05,0.009318522,7.0,124815.324758
2025-10-05 08:00:00+00:00,124734.9,124922.03,124571.895,124604.896,0.012305034,10.0,124690.4674
2025-10-05 09:00:00+00:00,124613.71,124726.2,122818.495,123047.3635,0.046289718,10.0,124285.816468
2025-10-05 10:00:00+00:00,123040.93,123175.475,122524.7965,123039.036,0.174567629,12.0,122964.312793
2025-10-05 11:00:00+00:00,123023.74,123567.7025,122854.097,123490.8455,0.006505945,8.0,123241.931053
2025-10-05 12:00:00+00:00,123582.1,123582.1,122946.06,123119.075,0.05757407,4.0,123240.298445
2025-10-05 13:00:00+00:00,123161.871,123421.7,123098.778,123200.3855,0.003653342,3.0,123414.787343
2025-10-05 14:00:00+00:00,123206.905,123431.8,122818.51,123066.175,0.00382517,5.0,123283.088821
2025-10-05 15:00:00+00:00,123043.48,123070.528,122709.176,122869.909,0.008241594,4.0,122823.901027
2025-10-05 16:00:00+00:00,122864.555,123409.527,122354.455,123288.595,0.046700056,20.0,122993.06674
2025-10-05 17:00:00+00:00,123364.89,123504.56,122942.725,123091.045,0.022380666,4.0,123305.318356
2025-10-05 18:00:00+00:00,123100.15,123270.3535,122885.275,123038.8045,0.026207142,4.0,123153.764922
2025-10-05 19:00:00+00:00,123071.53,123133.244,122501.02,122618.348,0.135775433,27.0,122773.925448
2025-10-05 20:00:00+00:00,122600.27,123101.95,122449.16,122732.995,0.011634039,1.0,122449.16
2025-10-05 21:00:00+00:00,122761.1515,122854.07,122541.595,122764.9,0.143275607,2.0,122678.29644
2025-10-05 22:00:00+00:00,122753.5725,123271.655,122753.5725,123230.56,0.800347014,4.0,123193.907579
2025-10-05 23:00:00+00:00,123231.405,123594.346,123195.77,123486.132,0.016453153,5.0,123489.212204
2025-10-06 00:00:00+00:00,123509.824,124406.25,123120.75,123375.063,0.06759621,12.0,123742.255664
2025-10-06 01:00:00+00:00,123397.2275,124241.11,123216.81,124067.035,0.008000868,3.0,123842.919592
2025-10-06 02:00:00+00:00,124066.9385,124253.86,123528.675,124152.429,0.004291155,3.0,124222.101364
2025-10-06 03:00:00+00:00,124156.3605,124205.8,123741.33,123868.615,0.125941792,12.0,124180.588025
2025-10-06 04:00:00+00:00,123891.09,124052.9495,123575.77,123611.1405,0.013908094,8.0,123855.420422
2025-10-06 05:00:00+00:00,123675.92,123822.9,123342.41,123619.5895,0.008624601,10.0,123624.314864
2025-10-06 06:00:00+00:00,123620.475,124213.175,123620.475,123980.6235,0.0,0.0,123640.9125
2025-10-06 07:00:00+00:00,123944.7415,124133.9,123306.143,123451.625,0.080242784,4.0,124112.559301
2025-10-06 08:00:00+00:00,123532.6,123930.9445,123428.085,123904.5505,0.073908974,8.0,123692.294751
2025-10-06 09:00:00+00:00,123882.4745,124118.1125,123826.28,124025.452,0.002435877,1.0,123894.82
2025-10-06 10:00:00+00:00,124007.1265,124221.92,123954.405,124005.7425,0.001730811,5.0,124097.939816
2025-10-06 11:00:00+00:00,124036.2435,124563.143,123757.058,124241.9225,0.008822152,6.0,124118.459301
2025-10-06 12:00:00+00:00,124288.635,124727.212,124214.059,124575.9615,0.41552398,12.0,124611.616699
2025-10-06 13:00:00+00:00,124578.619,125126.5685,124424.3065,125102.946,0.17605296,20.0,124648.832405
2025-10-06 14:00:00+00:00,125081.456,125415.2815,124403.49,124588.04,0.260181436,24.0,124830.617986
2025-10-06 15:00:00+00:00,124548.8415,125458.215,124539.9,125074.614,0.140988558,14.0,125291.255987
2025-10-06 16:00:00+00:00,125063.73,125515.9051195829,124854.9,125486.4801195829,0.029166402,22.0,125080.258038
2025-10-06 17:00:00+00:00,125477.3301195829,125862.192436548,125174.3595,125350.48,0.114605071,19.0,125430.878628
2025-10-06 18:00:00+00:00,125360.641,126251.897,125097.567,126117.15,0.120590038,18.0,125566.851844
2025-10-06 19:00:00+00:00,126093.0445,126262.032,125280.72,125484.69,0.136179243,93.0,125477.267134
2025-10-06 20:00:00+00:00,125505.375,125654.87,125075.3555,125277.635,0.462019908,7.0,125299.733986
2025-10-06 21:00:00+00:00,125263.438,125352.047,124565.398,125144.2,0.008457713,4.0,124908.294209
2025-10-06 22:00:00+00:00,125141.85,125280.72,124832.608,125096.451,0.011707174,6.0,125154.577664
2025-10-06 23:00:00+00:00,125117.2,125173.875,124675.23,124720.323,0.126269945,6.0,124842.730314
2025-10-07 00:00:00+00:00,124696.677,125021.319,124617.845,124966.724,0.000396051,4.0,124856.573101
2025-10-07 01:00:00+00:00,124950.25,125174.545,124496.52,124735.0755,0.020435449,5.0,124866.196941
2025-10-07 02:00:00+00:00,124742.619,124766.495,124283.94,124340.16,0.013978019,7.0,124543.465597
2025-10-07 03:00:00+00:00,124357.26,124646.615,124159.168,124385.21,0.00989646,7.0,124307.370503
2025-10-07 04:00:00+00:00,124397.36,124718.4,124111.7,124573.73,0.003998061,3.0,124147.58283
2025-10-07 05:00:00+00:00,124554.985,124720.034,124302.402,124487.5175,0.000307096,2.0,124714.483889
2025-10-07 06:00:00+00:00,124476.6705,124540.5945,123846.179,123963.5985,0.010783932,8.0,124100.637273
2025-10-07 07:00:00+00:00,123977.95,124175.5,123615.55,123736.8475,0.039314719,10.0,123756.389022
2025-10-07 08:00:00+00:00,123684.795,124079.389,123389.9195,123955.039,0.122847015,9.0,123679.082797
2025-10-07 09:00:00+00:00,123965.5,124280.72,123926.235,124200.0,0.015985255,3.0,124151.863574
2025-10-07 10:00:00+00:00,124200.0485,124521.65,124097.084,124380.02,0.00563893,4.0,124296.816665
2025-10-07 11:00:00+00:00,124372.005,124636.447,124256.22,124560.77,0.015765382,9.0,124577.659759
2025-10-07 12:00:00+00:00,124510.715,125227.98,124372.2,125011.919,0.01548521,3.0,124544.845585
2025-10-07 13:00:00+00:00,125023.9,125142.9375,123431.93,123972.724,0.148138941,20.0,124340.291659
2025-10-07 14:00:00+00:00,123994.1725,124090.47,122666.9612590691,122847.7575,0.059328762,13.0,122898.268745
2025-10-07 15:00:00+00:00,122828.08,123075.7764,121316.07228,121928.0325,0.087752438,30.0,122073.404982
2025-10-07 16:00:00+00:00,121935.61,122151.81,120979.747,121718.365,0.315137763,65.0,121709.19449
2025-10-07 17:00:00+00:00,121745.95,121907.42,121153.5775,121211.3355,0.163613648,29.0,121580.486724
2025-10-07 18:00:00+00:00,121191.35,121380.8225,120628.281,120919.135,0.043865804,21.0,121061.663253
2025-10-07 19:00:00+00:00,120914.2,122125.1,120893.8945,121694.501,0.866995377,80.0,121454.165692
2025-10-07 20:00:00+00:00,121714.774,122280.72,121698.1315,122011.2995,0.022839779,20.0,122098.844684
2025-10-07 21:00:00+00:00,122021.105,122369.8775,121822.935,122071.0035,0.006417436,2.0,122205.633988
2025-10-07 22:00:00+00:00,122088.1,122305.13,121855.622,122087.6785,0.000149,3.0,122208.61698
2025-10-07 23:00:00+00:00,122076.46,122102.499,121341.955,121408.895,0.005442354,4.0,121787.007019
2025-10-08 00:00:00+00:00,121402.983,122176.9,121354.935,122001.51,0.0094295,5.0,121575.692555
2025-10-08 01:00:00+00:00,121985.054,122134.03,121651.6115,122013.7795,0.004781044,6.0,122086.49593
2025-10-08 02:00:00+00:00,121992.077,122255.06,121851.3,122076.9035,0.00512768,3.0,122037.018103
2025-10-08 03:00:00+00:00,122080.7,122088.619,121280.72,121435.949,0.007066661,10.0,121761.949049
2025-10-08 04:00:00+00:00,121436.44,121976.8285,121116.6,121953.4105,0.021622981,11.0,121541.088734
2025-10-08 05:00:00+00:00,121966.58,121966.58,121190.7165,121427.267,0.076030751,11.0,121596.780924
2025-10-08 06:00:00+00:00,121444.815,121896.994,121116.351,121843.63,0.024516739,12.0,121484.976065
2025-10-08 07:00:00+00:00,121826.2,121992.6,121358.56,121653.145,0.018778114,10.0,121688.962574
2025-10-08 08:00:00+00:00,121646.787,122908.465,121568.3,122432.5675,0.025814837,11.0,122350.742911
2025-10-08 09:00:00+00:00,122442.8,122701.1,122349.55,122568.1665,0.011026103,8.0,122480.978485
2025-10-08 10:00:00+00:00,122558.7535,123138.752,122518.774,122976.055,0.006301136,9.0,122861.590571
2025-10-08 11:00:00+00:00,123012.515,123280.72,122772.0805,122916.56,0.162057221,18.0,123057.272887
2025-10-08 12:00:00+00:00,122907.115,123125.725,122550.2705,122669.0,0.014421086,13.0,122746.382477
2025-10-08 13:00:00+00:00,122649.665,122822.915,121679.245,122618.93,0.180492714,25.0,122345.526334
2025-10-08 14:00:00+00:00,122625.976,123402.65,122144.174,122367.62,0.080045836,26.0,122846.825721
2025-10-08 15:00:00+00:00,122341.2915,122680.3,121969.74,122218.745,0.108058501,11.0,122315.420075
2025-10-08 16:00:00+00:00,122229.853,123186.45,122123.076,123139.375,0.134010194,30.0,122363.659888
2025-10-08 17:00:00+00:00,123093.32,124205.185,122993.1175,124090.4885,0.397532926,26.0,123633.601276
2025-10-08 18:00:00+00:00,124078.855,124273.5,123446.6785,123470.6575,0.313786451,17.0,124000.389963
2025-10-08 19:00:00+00:00,123469.9,123795.05,123175.7,123490.075,0.188379204,74.0,123612.820635
2025-10-08 20:00:00+00:00,123480.949,123770.5445,122841.7965,122871.4085,0.01016924,12.0,123370.456093
2025-10-08 21:00:00+00:00,122870.1135,123436.4,122851.8,123294.19,0.015069543,12.0,123301.361068
2025-10-08 22:00:00+00:00,123336.0595,123468.8,123221.375,123221.375,0.140131825,15.0,123359.004618
2025-10-08 23:00:00+00:00,123225.665,123622.5,123063.2785,123346.3,0.320935308,19.0,123448.587362
2025-10-09 00:00:00+00:00,123333.85,123449.9,122858.832,122864.529,0.031806452,14.0,123346.147272
2025-10-09 01:00:00+00:00,122856.06,122900.807,122296.343,122564.0805,0.019598673,8.0,122760.809694
2025-10-09 02:00:00+00:00,122580.05,122584.095,121443.4,121653.3915,0.293887655,13.0,121986.159394
2025-10-09 03:00:00+00:00,121642.695,122178.1575,121588.87,122051.2,0.22632598,11.0,121675.920016
2025-10-09 04:00:00+00:00,122034.015,122324.4,121831.642,122187.915,0.061983504,14.0,122059.652287
2025-10-09 05:00:00+00:00,122256.67,122256.67,121786.707,122113.6835,0.162881333,15.0,122022.307893
2025-10-09 06:00:00+00:00,122112.4425,122237.66,121891.96,121989.421,0.011123309,11.0,122110.005013
2025-10-09 07:00:00+00:00,121975.775,122185.052,121780.72,121953.3045,0.01211719,11.0,122024.331392
2025-10-09 08:00:00+00:00,121922.898,122016.17,121161.0555,121293.645,0.018221235,11.0,121624.146596
2025-10-09 09:00:00+00:00,121315.3575,121899.273,121264.9,121829.868,0.176341783,13.0,121542.842777
2025-10-09 10:00:00+00:00,121846.135,122396.282,121659.3035,122193.6695,0.030442279,12.0,122108.826396
2025-10-09 11:00:00+00:00,122226.245,122940.61,122159.292,122811.25,0.069332257,20.0,122816.276085
2025-10-09 12:00:00+00:00,122745.1815,123780.72,122745.1815,123586.8,0.252137708,12.0,123524.213275
2025-10-09 13:00:00+00:00,123515.5,123747.7,122341.835,122472.41,0.464685811,24.0,123426.393944
2025-10-09 14:00:00+00:00,122450.75,122662.685,120876.8385,121373.006,0.204460942,26.0,122070.825594
2025-10-09 15:00:00+00:00,121370.985,121760.375,120795.06,121217.3545,0.211136981,19.0,121187.409579
2025-10-09 16:00:00+00:00,121257.82,121538.3735,119817.736,119891.205,0.386547142,41.0,120655.374532
2025-10-09 17:00:00+00:00,119870.0425,121104.4435,119786.505,121051.625,0.1105739,20.0,120182.939275
2025-10-09 18:00:00+00:00,121030.205,121179.9005,120464.885,120718.361,0.108016567,15.0,120865.222234
2025-10-09 19:00:00+00:00,120700.527,121272.93,120700.527,121045.36,0.223353846,117.0,121012.000469
2025-10-09 20:00:00+00:00,121061.0545,121243.6965,120905.861,121189.7465,0.079586642,13.0,121019.543592
2025-10-09 21:00:00+00:00,121273.7,121617.115,121055.0,121509.7935,0.047527734,14.0,121260.995971
2025-10-09 22:00:00+00:00,121540.6,121780.72,121385.884,121718.16,0.010468378,11.0,121570.825727
2025-10-09 23:00:00+00:00,121780.72,121837.2,121409.08,121729.5965,0.016998979,8.0,121780.363803
2025-10-10 00:00:00+00:00,121719.8275,121907.9,121646.579,121825.45,0.090212964,6.0,121767.074284
2025-10-10 01:00:00+00:00,121885.2,121936.50919332892,121545.25,121690.6775,0.008369197,9.0,121770.859659
2025-10-10 02:00:00+00:00,121682.64,121814.2,120982.25,121121.76,0.013262722,7.0,121354.937295
2025-10-10 03:00:00+00:00,121140.7,121663.654,120960.155,121084.46,0.039318151,11.0,121471.612194
2025-10-10 04:00:00+00:00,121091.315,121465.894,121052.002,121252.37,0.023026629,9.0,121106.891948
2025-10-10 05:00:00+00:00,121178.3,121680.239,121026.4,121632.898,0.022919702,13.0,121297.315545
2025-10-10 06:00:00+00:00,121733.016,121780.72,121286.5675,121442.305,0.028205898,14.0,121605.651981
2025-10-10 07:00:00+00:00,121420.673,121483.82,120902.925,120959.3585,0.02625843,11.0,121459.554747
2025-10-10 08:00:00+00:00,121001.2075,121701.925,120950.72,121684.4725,0.035940781,11.0,121439.454417
2025-10-10 09:00:00+00:00,121655.3185,121842.7,121335.932,121357.15,0.066225264,9.0,121666.433677
2025-10-10 10:00:00+00:00,121348.31,121595.9985,121311.46,121559.07,0.00915653,4.0,121425.402028
2025-10-10 11:00:00+00:00,121623.07,121714.7025,121436.18,121622.3585,0.035284052,13.0,121615.87032
2025-10-10 12:00:00+00:00,121685.217,121804.31,121410.2,121658.35,0.045623708,12.0,121674.6915
2025-10-10 13:00:00+00:00,121657.6,122593.62,121407.738,121699.1745,0.048183121,19.0,121976.25405
2025-10-10 14:00:00+00:00,121705.525,122115.6165,120497.395,120528.395,0.216053932,31.0,121587.891987
2025-10-10 15:00:00+00:00,120513.531,120780.72,118493.7,119091.1555,0.614011499,53.0,119277.477851
2025-10-10 16:00:00+00:00,119066.785,119510.66,118298.35,118308.2175,0.128557942,41.0,119023.801909
2025-10-10 17:00:00+00:00,118307.01,118485.823,117615.0,117679.0,0.313675379,29.0,117923.654996
2025-10-10 18:00:00+00:00,117673.3,117887.25,117299.2905,117299.2905,0.983037194,24.0,117523.241193
2025-10-10 19:00:00+00:00,117286.615,117387.772,115957.655,116675.7175,1.210665475,174.0,116513.149682
2025-10-10 20:00:00+00:00,116692.1935,117280.72,113562.4715,115343.375,0.346782501,33.0,116731.448529
2025-10-10 21:00:00+00:00,114317.5395,118114.0533333334,103325.1231527085,117973.6933333333,0.944126784,170.0,110396.832782
2025-10-10 22:00:00+00:00,118114.0533333334,118114.0533333334,109534.48275862,114042.0,0.334628933,30.0,114194.969816
2025-10-10 23:00:00+00:00,114041.15,114984.535,112947.11,112995.4165,0.022779935,15.0,113593.35212
2025-10-11 00:00:00+00:00,112995.9,113347.615,111777.891,112674.285,0.469268848,13.0,113012.541024
2025-10-11 01:00:00+00:00,112670.65,112743.313,111174.3865,111240.364,0.219597556,23.0,111343.791456
2025-10-11 02:00:00+00:00,111266.17,113523.24,111203.772,113351.485,0.108577111,22.0,112676.502684
2025-10-11 03:00:00+00:00,113353.041,113535.236,111897.492,112451.515,0.075830868,24.0,112329.769266
2025-10-11 04:00:00+00:00,112444.02,113149.012,111831.2,113112.0585,0.047776798,15.0,112441.561574
2025-10-11 05:00:00+00:00,113119.3945,113228.89,112044.1,112541.035,0.069712532,23.0,112458.695059
2025-10-11 06:00:00+00:00,112548.71,112934.3,112154.66,112208.038,0.727708342,31.0,112565.402194
2025-10-11 07:00:00+00:00,112198.045,112260.08,110215.759,110515.9245,0.23246082,33.0,111191.807762
2025-10-11 08:00:00+00:00,110527.75,111711.58,110332.8,111442.5085,0.119229258,23.0,111124.921843
2025-10-11 09:00:00+00:00,111466.9095,112040.37,111276.907,111754.293,0.55275566,34.0,111722.761968
2025-10-11 10:00:00+00:00,111743.186,112459.9,111711.4,112248.4995,0.062299038,30.0,112245.086001
2025-10-11 11:00:00+00:00,112142.986,112597.812,111765.265,112400.6565,0.150446719,41.0,112381.579509
2025-10-11 12:00:00+00:00,112386.583,112691.21,112134.4955,112478.7795,0.046233691,26.0,112437.105707
2025-10-11 13:00:00+00:00,112595.855,112722.94,112003.613,112379.524,0.054447082,20.0,112459.074493
2025-10-11 14:00:00+00:00,112387.8075,112534.526,111950.427,112128.563,0.172565356,16.0,112435.195205
2025-10-11 15:00:00+00:00,112104.07,112605.74,111901.184,111902.3,0.444643312,24.0,112454.796402
2025-10-11 16:00:00+00:00,111932.105,112325.022,111559.1,112005.524,0.063220268,25.0,111990.47079
2025-10-11 17:00:00+00:00,111987.07,112380.986,111789.3,112121.7,0.016675008,12.0,112209.707332
2025-10-11 18:00:00+00:00,112110.4,112236.97,111875.66,112113.04,0.032052675,15.0,112123.985261
2025-10-11 19:00:00+00:00,112100.005,112207.5,110918.05,111310.78,0.15573543,177.0,111207.52499
2025-10-11 20:00:00+00:00,111336.83,111524.08,109810.8945,110415.085,0.102780679,22.0,110628.95825
2025-10-11 21:00:00+00:00,110411.0,111288.747,109735.985,111080.4475,0.020531795,25.0,110764.637022
2025-10-11 22:00:00+00:00,111080.707,111450.7,110786.918,111180.9455,0.051160577,27.0,111172.353274
2025-10-11 23:00:00+00:00,111195.386,111279.4,110748.82,110787.75,0.218202928,22.0,110987.776501
2025-10-12 00:00:00+00:00,110838.541,110929.486,109671.23,109781.785,0.134837911,17.0,110344.951023
2025-10-12 01:00:00+00:00,109788.545,110437.213,109773.379,110089.17,0.113311362,10.0,109904.349027
2025-10-12 02:00:00+00:00,110091.809,110826.405,109712.8462975155,110229.8075,0.025305991,8.0,110260.557473
2025-10-12 03:00:00+00:00,110243.595,111459.778,110104.7,110791.88,0.037073338,25.0,111130.53433
2025-10-12 04:00:00+00:00,110809.25,112088.4245,110645.74,111651.1955,0.645828299,34.0,111445.314416
2025-10-12 05:00:00+00:00,111629.4,112024.37,111292.71,111827.1845,0.023044933,31.0,111637.408875
2025-10-12 06:00:00+00:00,111838.8,112254.355,111629.1,111829.655,0.114306292,28.0,111992.129
2025-10-12 07:00:00+00:00,111938.0,112057.79,111565.77,111624.9735,0.006190112,15.0,111792.999123
2025-10-12 08:00:00+00:00,111740.69,111980.408,111350.125,111363.294,0.025489776,16.0,111735.704138
2025-10-12 09:00:00+00:00,111372.362,112044.6,111225.95,111897.87,0.021073006,15.0,111666.214115
2025-10-12 10:00:00+00:00,111997.1,112088.351,111497.155,111707.8615,0.348151291,18.0,111873.344278
2025-10-12 11:00:00+00:00,111819.4,112242.6,111548.48,111910.9,0.055857302,13.0,112068.350739
2025-10-12 12:00:00+00:00,111891.04,112275.898,111591.64,111861.76,0.011979924,6.0,112222.453074
2025-10-12 13:00:00+00:00,111960.53,112069.05,111294.9435,111360.575,0.009134375,12.0,111751.117726
2025-10-12 14:00:00+00:00,111364.46,113046.3125,111217.85,112404.462,0.0485154,11.0,111958.630323
2025-10-12 15:00:00+00:00,112391.89,113854.795,112160.505,113286.21,0.190882576,21.0,113183.964125
2025-10-12 16:00:00+00:00,113297.981,114824.805,113292.964,114153.65,0.257233103,32.0,113858.875594
2025-10-12 17:00:00+00:00,114265.34,114624.2,113628.9645,113913.173,0.330564125,13.0,114337.440758
2025-10-12 18:00:00+00:00,114000.46,114373.0335,113634.05,113993.972,0.516603784,9.0,113880.717062
2025-10-12 19:00:00+00:00,114128.27,114598.48,113878.6,114458.35,0.212413135,121.0,114495.389441
2025-10-12 20:00:00+00:00,114576.2,115554.44,114414.8,115019.1505,0.497336472,22.0,115148.008689
2025-10-12 21:00:00+00:00,115036.4795,115698.349,114323.08,114940.625,0.02029117,16.0,114948.602438
2025-10-12 22:00:00+00:00,114971.235,115749.22,113062.773793103,115350.6445,0.225981638,15.0,115545.716947
2025-10-12 23:00:00+00:00,115345.534,115600.175,114719.396,115080.2045,0.003131462,13.0,115122.712716
2025-10-13 00:00:00+00:00,115088.0,116027.636,114911.15,115396.167,0.090664728,18.0,115634.190039
2025-10-13 01:00:00+00:00,115425.227,115887.41,115198.1715,115839.1,0.057458198,15.0,115835.957459
2025-10-13 02:00:00+00:00,115839.598,116096.636,115118.745,115441.94,0.003506399,10.0,115606.655278
2025-10-13 03:00:00+00:00,115417.335,115766.9785,114721.91,114945.837,0.076306712,18.0,115267.523941
2025-10-13 04:00:00+00:00,115059.128,115193.744,114487.38,114803.385,0.018023564,13.0,114957.06179
2025-10-13 05:00:00+00:00,114805.88,114945.6855,114544.4,114707.6925,0.105804694,7.0,114648.843388
2025-10-13 06:00:00+00:00,114699.814,115481.7,114503.5155,115304.1185,0.111117619,14.0,115233.155741
2025-10-13 07:00:00+00:00,115414.0,115652.3205,115088.7,115493.46,0.010576146,12.0,115531.509888
2025-10-13 08:00:00+00:00,115498.8835,115626.6,115170.952,115348.415,0.043193101,13.0,115437.782635
2025-10-13 09:00:00+00:00,115335.05,115439.6,114840.455,115218.182,0.018818031,11.0,115061.111872
2025-10-13 10:00:00+00:00,115219.7225,115318.16,114845.5195,114932.672,0.021339298,7.0,115136.234156
2025-10-13 11:00:00+00:00,114928.656,115010.7,113741.309,114290.505,0.055151723,12.0,114624.928852
2025-10-13 12:00:00+00:00,114295.7025,114846.05,114027.0505,114511.98,0.030860926,8.0,114456.394884
2025-10-13 13:00:00+00:00,114488.05,115647.3815,114313.125,115452.33,0.185419827,18.0,114896.230837
2025-10-13 14:00:00+00:00,115467.7275,115613.75,113898.5045,114134.318,0.034914489,14.0,115136.86265
2025-10-13 15:00:00+00:00,114160.505,114784.975,113970.986,114445.788,0.028437379,14.0,114351.244812
2025-10-13 16:00:00+00:00,114415.65,115410.66,114363.706,114764.0875,0.071782714,35.0,114999.962997
2025-10-13 17:00:00+00:00,114789.7625,115163.62,114248.247,115095.25,0.030644201,11.0,114530.979682
2025-10-13 18:00:00+00:00,115084.85,115435.56,114737.0,115286.945,0.299122894,20.0,115183.655884
2025-10-13 19:00:00+00:00,115263.365,116114.36,115144.533,115915.66,0.122703135,129.0,115889.161283
2025-10-13 20:00:00+00:00,116021.36,116021.36,115468.8,115822.677,0.012423063,16.0,115594.020318
2025-10-13 21:00:00+00:00,115819.024,116003.1,115588.013,115796.0165,0.379618228,31.0,115633.212424
2025-10-13 22:00:00+00:00,115820.3505,115974.78,115472.48,115613.5095,0.005452982,24.0,115746.262193
2025-10-13 23:00:00+00:00,115736.15,115736.15,115015.9,115262.0,0.002335748,26.0,115400.850752
2025-10-14 00:00:00+00:00,115283.45,115551.78,114976.9,115051.45,0.01439581,19.0,115331.308889
2025-10-14 01:00:00+00:00,115047.545,115194.84,114118.43,114355.038,0.008042598,24.0,114803.837118
2025-10-14 02:00:00+00:00,114382.15,114490.7,113827.27,113836.374,0.06511387,31.0,114210.206786
2025-10-14 03:00:00+00:00,113851.181,113881.4,113300.492610837,113581.21,0.054168571,38.0,113676.568717
2025-10-14 04:00:00+00:00,113565.7095,113690.215,112880.1608866995,113123.85,0.010932075,25.0,113440.146359
2025-10-14 05:00:00+00:00,113116.428,113676.83,112345.502,112582.8,0.050485871,22.0,113179.433739
2025-10-14 06:00:00+00:00,112568.744,112882.837,111430.337,112071.31,0.217932477,32.0,112174.846835
2025-10-14 07:00:00+00:00,112045.005,112307.6,111538.5,111810.5,0.012019302,33.0,112035.963336
2025-10-14 08:00:00+00:00,111791.335,112313.58,111575.2,111925.505,0.069086651,34.0,111831.182554
2025-10-14 09:00:00+00:00,111881.0595,112193.3,111138.306,111402.775,0.210216272,29.0,111899.415822
2025-10-14 10:00:00+00:00,111386.9,111432.55,110053.7,110732.8095,0.078558865,28.0,110690.668193
2025-10-14 11:00:00+00:00,110692.2845,111775.7,110681.87,111406.115,0.055510262,16.0,111532.550524
2025-10-14 12:00:00+00:00,111404.234,111504.02,110815.8145,110893.845,0.18646122,28.0,111153.897983
2025-10-14 13:00:00+00:00,110879.95,111494.99,109952.1,111073.329,0.473557655,49.0,110544.933064
2025-10-14 14:00:00+00:00,111081.21,112329.518,110986.875,111442.475,0.237927551,52.0,111751.667635
2025-10-14 15:00:00+00:00,111462.72,112987.435,111096.7545,112936.94,0.076829831,30.0,111881.355173
2025-10-14 16:00:00+00:00,112970.037,113241.5,112246.623,112412.3375,0.247682152,39.0,112604.730958
2025-10-14 17:00:00+00:00,112368.5095,113007.725,111735.801,112862.738,0.158153724,17.0,112366.999066
2025-10-14 18:00:00+00:00,112858.75,113509.994,112706.392,112924.55,0.159654907,18.0,113298.940214
2025-10-14 19:00:00+00:00,112917.795,113569.43,112080.616,112637.53,0.245440405,88.0,112728.76435
2025-10-14 20:00:00+00:00,112674.0495,113072.353,112268.88,113057.775,0.006088967,11.0,112732.952947
2025-10-14 21:00:00+00:00,113035.25,113262.985,112736.87,113200.6505,0.00391136,18.0,113176.578941
2025-10-14 22:00:00+00:00,113173.25,113624.2118781725,112890.89,113273.455,0.010535736,13.0,113489.966961
2025-10-14 23:00:00+00:00,113220.1095,113685.05,113046.87,113075.3285,0.070688405,15.0,113420.276747
2025-10-15 00:00:00+00:00,113111.8875,113217.21,112656.18,113062.005,0.020744097,8.0,113048.964857
2025-10-15 01:00:00+00:00,113060.911,113131.4,112369.418,112778.51,0.000249028,9.0,112961.541678
2025-10-15 02:00:00+00:00,112786.8685,113642.6518781725,112643.7,112869.3555,0.003671693,11.0,113252.896799
2025-10-15 03:00:00+00:00,112857.6245,112989.749,111860.284,112080.375,0.036616651,13.0,112223.227555
2025-10-15 04:00:00+00:00,112095.3795,112538.5,111792.4,112420.6165,0.003686485,15.0,112198.16119
2025-10-15 05:00:00+00:00,112425.324,112741.87,112184.7,112469.45,0.023935477,11.0,112452.858816
2025-10-15 06:00:00+00:00,112588.0,112642.215,111948.098,112513.9,0.009573203,5.0,112481.730518
2025-10-15 07:00:00+00:00,112542.203,112768.865,112284.9515,112626.325,0.291543948,11.0,112659.336088
2025-10-15 08:00:00+00:00,112626.12,113595.13,112583.69,113014.5575,0.12059609,14.0,113303.648722
2025-10-15 09:00:00+00:00,113014.56,113264.82,112433.552,112613.555,0.007409511,6.0,112814.715767
2025-10-15 10:00:00+00:00,112554.496,112735.356,112254.6185,112369.075,0.689025978,5.0,112442.875767
2025-10-15 11:00:00+00:00,112369.25,112703.715,111793.834,111975.755,0.057014581,5.0,112300.21958
2025-10-15 12:00:00+00:00,111984.4,112189.4,111543.55,111788.44,0.031422733,8.0,111899.76059
2025-10-15 13:00:00+00:00,111788.64,112192.92,110805.9,111459.0095,0.685905602,25.0,111516.484807
2025-10-15 14:00:00+00:00,111474.566,112326.951,110879.6175,111133.596,0.24732544,19.0,111909.007837
2025-10-15 15:00:00+00:00,111167.105,111691.85,110455.072,110874.01,0.261875753,22.0,111075.55608
2025-10-15 16:00:00+00:00,110878.955,111615.333793103,110647.489,110804.525,0.262159071,32.0,111000.687953
2025-10-15 17:00:00+00:00,110822.8955,111346.25,110191.2,111258.376,0.188728487,27.0,110651.612662
2025-10-15 18:00:00+00:00,111249.7285,111567.7,110863.58,111503.475,0.032186238,12.0,111282.272809
2025-10-15 19:00:00+00:00,111415.49,111642.12,111068.5,111294.0785,0.18743342,55.0,111226.470828
2025-10-15 20:00:00+00:00,111341.5605,111690.54,110572.0045,111198.03,0.107153779,9.0,111503.175166
2025-10-15 21:00:00+00:00,111204.645,111494.06,110553.5255,110914.17,0.015204904,6.0,111181.043641
2025-10-15 22:00:00+00:00,110911.515,111500.68,110706.9875,110706.9875,0.014190256,9.0,111267.045975
2025-10-15 23:00:00+00:00,110734.921,111078.113,110617.6,110835.7,0.017653904,5.0,111004.236399
2025-10-16 00:00:00+00:00,110834.365,110926.8,110409.95,110492.5,0.017394357,6.0,110719.227224
2025-10-16 01:00:00+00:00,110498.155,111398.25,110477.2705,111348.2625,0.003544189,5.0,110951.663712
2025-10-16 02:00:00+00:00,111371.3395,111684.714,111050.206,111580.163,0.079612928,11.0,111482.05475
2025-10-16 03:00:00+00:00,111697.026,111933.7705,111314.485,111394.9,0.018227923,13.0,111711.02121
2025-10-16 04:00:00+00:00,111372.7285,111736.065,110878.095,111047.08,0.055019722,8.0,111640.194502
2025-10-16 05:00:00+00:00,111040.5655,111548.46,110792.16,111002.2,0.01220626,10.0,111443.316699
2025-10-16 06:00:00+00:00,111000.35,111786.89,110883.25,111689.6905,0.016566154,10.0,111402.76696
2025-10-16 07:00:00+00:00,111707.215,111883.7,110542.2,110621.445,0.021712999,12.0,110895.284044
2025-10-16 08:00:00+00:00,110627.5,110946.32,110424.7665,110879.97,0.085101768,14.0,110642.162585
2025-10-16 09:00:00+00:00,110872.253,111691.05,109671.605,111204.6655,0.044194738,19.0,110098.235722
2025-10-16 10:00:00+00:00,111201.22,111714.535,111049.1975,111517.96,0.023106482,13.0,111476.140666
2025-10-16 11:00:00+00:00,111487.7495,111670.665,111048.32,111454.905,0.012686779,15.0,111385.95497
2025-10-16 12:00:00+00:00,111460.015,112039.791,111323.0,111540.385,0.035315735,16.0,111727.524736
2025-10-16 13:00:00+00:00,111660.95,111690.2,110719.222,110893.082,0.096964749,20.0,111400.284399
2025-10-16 14:00:00+00:00,110883.115,111496.5005,109762.086,110576.745,0.31455974,29.0,110201.09838
2025-10-16 15:00:00+00:00,110605.86,111122.722955665,108472.96320197,108587.18170197,0.28955449,49.0,109686.762252
2025-10-16 16:00:00+00:00,108579.45670197,110630.1121182265,107594.4,109269.735,0.256797685,65.0,108314.946036
2025-10-16 17:00:00+00:00,109289.46,110236.0234482755,108264.9,108337.72,0.362610035,34.0,108659.538335
2025-10-16 18:00:00+00:00,108295.65,109146.2269048288,107719.557,108707.598,0.384541618,25.0,108258.013291
2025-10-16 19:00:00+00:00,108696.065,108810.2,107724.1935,108250.8545,0.584832443,65.0,107999.144881
2025-10-16 20:00:00+00:00,108263.0285,108569.7,107501.676600985,107901.401,0.095268572,17.0,107670.056444
2025-10-16 21:00:00+00:00,107888.9,108588.26,107620.075,108498.005,0.05108582,18.0,108229.942622
2025-10-16 22:00:00+00:00,108491.52,108544.02,107796.834,107814.286,0.026244355,11.0,108155.416333
2025-10-16 23:00:00+00:00,107832.8175,108581.6,107742.3015,108211.0,0.041805513,16.0,108072.002659
2025-10-17 00:00:00+00:00,108230.6325,108878.05,107942.9295,108819.3735,0.048570684,17.0,108300.4776
2025-10-17 01:00:00+00:00,108825.3545,109193.6,108522.395,108866.159,0.057847366,22.0,108920.906984
2025-10-17 02:00:00+00:00,108861.131,109105.8255,108412.4195,109001.1,0.022680633,12.0,108807.322473
2025-10-17 03:00:00+00:00,109016.378,109278.1,108921.9225,109197.119,0.009042069,12.0,109132.887624
2025-10-17 04:00:00+00:00,109188.29,109353.54,108788.4575,108817.179,0.060329696,15.0,109187.797095
2025-10-17 05:00:00+00:00,108818.19,109048.5,108272.74,108392.3165,0.046538178,22.0,108722.557696
2025-10-17 06:00:00+00:00,108411.94,108624.45268744,106798.02955665,106816.964778325,0.322767456,33.0,107152.234193
2025-10-17 07:00:00+00:00,106832.364778325,108565.3393869475,105480.3,105621.245,0.69354178,56.0,106239.389666
2025-10-17 08:00:00+00:00,105648.36,107666.3246086225,104507.7487684725,104882.557,1.994566749,64.0,105264.177393
2025-10-17 09:00:00+00:00,104862.68,105650.19,104527.0387684725,104543.055,0.360202299,44.0,105078.94598
2025-10-17 10:00:00+00:00,104519.9437684725,105371.4585781795,103529.5,104757.07,1.083908384,65.0,104260.620455
2025-10-17 11:00:00+00:00,104770.266,106566.9985,104661.748,105675.399,0.983608487,43.0,105508.212407
2025-10-17 12:00:00+00:00,105658.5,106126.7,105225.1715,105371.73,0.084137499,31.0,105710.013503
2025-10-17 13:00:00+00:00,105373.247,106196.293,104879.705,105878.269,0.265824342,39.0,105602.938188
2025-10-17 14:00:00+00:00,105838.2095,106088.197,104549.8,105175.155,0.259348295,21.0,105725.520603
2025-10-17 15:00:00+00:00,105193.445,106802.030456852,105100.3045,106767.265228426,1.171819826,26.0,105235.285705
2025-10-17 16:00:00+00:00,106747.615228426,107594.275,105984.8587327606,106375.8065,0.189452362,56.0,107048.62346
2025-10-17 17:00:00+00:00,106404.6095,106751.07,106072.0525,106438.27,0.07478177,29.0,106553.841179
2025-10-17 18:00:00+00:00,106473.817,107194.854,106473.817,106668.655,0.118611605,19.0,107012.080657
2025-10-17 19:00:00+00:00,106678.096,106924.9,106239.3435,106462.626,0.113399136,89.0,106551.004276
2025-10-17 20:00:00+00:00,106476.246,107293.9,106290.1,107043.9,0.01785621,8.0,106759.885403
2025-10-17 21:00:00+00:00,107061.76,107573.48,107025.582,107315.425,0.015936603,18.0,107289.831833
2025-10-17 22:00:00+00:00,107428.28,107530.3,106833.32,107073.25,0.014046984,8.0,107397.069337
2025-10-17 23:00:00+00:00,107156.32,107156.32,106417.2,106470.4275,0.006296919,10.0,106873.082952
2025-10-18 00:00:00+00:00,106462.95,106898.389,106330.0,106871.744,0.000207776,3.0,106601.016572
2025-10-18 01:00:00+00:00,106912.5845,107435.6,106849.87,107183.25,0.010035756,9.0,107091.636241
2025-10-18 02:00:00+00:00,107218.2,107415.463,106522.4,106645.4475,0.180276161,6.0,107065.186168
2025-10-18 03:00:00+00:00,106623.1215,107182.05,106615.27,107105.215,0.005262851,4.0,106870.947866
2025-10-18 04:00:00+00:00,107110.315,107223.48,106385.1,106530.0,0.008524444,7.0,106540.834558
2025-10-18 05:00:00+00:00,106515.9,106947.688,106508.689,106861.05,0.005219251,4.0,106923.953186
2025-10-18 06:00:00+00:00,106938.1,107064.575,106744.8545,106901.45,0.021928325,9.0,107032.68287
2025-10-18 07:00:00+00:00,106990.0,107543.5015,106655.5925,106699.26,0.010400871,9.0,107139.678911
2025-10-18 08:00:00+00:00,106721.407,107016.505,106630.38,106756.695,0.009682668,8.0,106941.765257
2025-10-18 09:00:00+00:00,106766.165,107073.8,106681.65,106939.85,0.011126444,5.0,107007.531378
2025-10-18 10:00:00+00:00,107055.5,107236.976,106829.724,106906.9025,0.091208992,10.0,107187.930774
2025-10-18 11:00:00+00:00,107028.415,107273.232,106808.51,107265.215,0.008166342,7.0,107093.684956
2025-10-18 12:00:00+00:00,107242.7395,107412.26,107012.395,107103.95,0.00608679,5.0,107199.079268
2025-10-18 13:00:00+00:00,107209.4,107234.0,106855.3815,106923.0205,0.069849188,12.0,107055.475487
2025-10-18 14:00:00+00:00,106933.305,107194.3,106773.68,107060.65,1.02228432,7.0,107157.115386
2025-10-18 15:00:00+00:00,107163.3,107229.4,106834.1955,106995.5255,0.068716887,9.0,106972.545132
2025-10-18 16:00:00+00:00,107115.441,107739.5655093691,106538.345,106687.43,0.042395956,27.0,106931.993208
2025-10-18 17:00:00+00:00,106710.573,107079.21,106594.087,106899.679,0.01543795,28.0,106870.105108
2025-10-18 18:00:00+00:00,107017.822,107055.4,106675.9,106897.625,0.038716349,42.0,106930.888909
2025-10-18 19:00:00+00:00,107008.6,107231.25,106696.662,107134.96,0.160692085,61.0,107033.428701
2025-10-18 20:00:00+00:00,107241.02,107431.51,107033.819,107096.951,0.001467868,7.0,107377.867184
2025-10-18 21:00:00+00:00,107075.6,107286.492,106884.69,107215.005,0.000191,2.0,107090.884817
2025-10-18 22:00:00+00:00,107226.885,107355.5565,107105.2775,107171.845,0.009176945,3.0,107276.306776
2025-10-18 23:00:00+00:00,107149.975,107255.5225,107050.65,107255.5225,0.000206,4.0,107211.926602
2025-10-19 00:00:00+00:00,107223.184,107327.6065,106798.74,106936.785,0.011827476,8.0,107020.632909
2025-10-19 01:00:00+00:00,106942.35,107059.11,106781.287,107020.626,0.00129787,3.0,107016.978569
2025-10-19 02:00:00+00:00,107151.3,107151.3,106849.95,106878.641,0.001686319,7.0,107051.346227
2025-10-19 03:00:00+00:00,106877.6995,107502.15,106831.47,107293.745,0.045353242,9.0,107246.174993
2025-10-19 04:00:00+00:00,107334.655,107443.1,107038.15,107077.371,0.000232,2.0,107436.125
2025-10-19 05:00:00+00:00,107185.852,107219.05,106832.8,106919.0305,0.008138016,6.0,107164.38985
2025-10-19 06:00:00+00:00,106900.3695,107078.48,106571.329,106805.89,0.012200821,9.0,106917.839635
2025-10-19 07:00:00+00:00,106801.364,107013.408,106717.86,106826.415,0.027372527,6.0,106815.404131
2025-10-19 08:00:00+00:00,106821.745,107767.0,106344.7,106458.103,0.00736832,9.0,106670.307851
2025-10-19 09:00:00+00:00,106457.9815,108464.615,106112.75,107430.2165,0.05833188,16.0,107489.008065
2025-10-19 10:00:00+00:00,107447.22,108006.401,107020.8395,107923.018,0.047971219,15.0,107806.582195
2025-10-19 11:00:00+00:00,107904.95,108361.57,107657.3055,107809.2455,0.025385614,13.0,108229.125382
2025-10-19 12:00:00+00:00,107927.9,107927.9,107462.3555,107631.2535,0.000686718,4.0,107779.054942
2025-10-19 13:00:00+00:00,107640.8875,108267.938,107397.28,108112.62,0.011586795,10.0,107785.103125
2025-10-19 14:00:00+00:00,108127.52,108579.663,107903.715,108466.11,0.023694231,16.0,108432.098794
2025-10-19 15:00:00+00:00,108440.0,108720.9,108356.05,108525.7865,0.027336082,7.0,108576.373856
2025-10-19 16:00:00+00:00,108539.5255,109013.67,107431.5,108687.955,0.098436836,23.0,108643.514966
2025-10-19 17:00:00+00:00,108671.855,109492.4135,108598.132,109160.15,0.032756235,6.0,109253.002904
2025-10-19 18:00:00+00:00,109188.75,109528.676,109063.74,109442.085,0.124604352,19.0,109327.180159
2025-10-19 19:00:00+00:00,109418.575,109500.41,108832.539,108941.97,0.064302749,77.0,109155.563077
2025-10-19 20:00:00+00:00,109050.88,109135.47,108817.9,108929.145,0.009386726,6.0,109060.21358
2025-10-19 21:00:00+00:00,108917.94,109039.39,108657.3655,108803.43,0.020558411,7.0,108820.011748
2025-10-19 22:00:00+00:00,108810.4985,109428.48,108786.166,109174.3525,0.010366113,6.0,109049.581345
2025-10-19 23:00:00+00:00,109179.663,109257.58,108469.2825,108656.7425,0.008217029,7.0,108882.13817
2025-10-20 00:00:00+00:00,108657.4925,108718.285,107394.88775,108099.9,0.05579855,10.0,107765.988564
2025-10-20 01:00:00+00:00,108106.37,108388.202,107928.88,108110.7025,0.069339528,13.0,108202.535552
2025-10-20 02:00:00+00:00,108108.843,109111.8,107879.13,108859.884875,0.018319859,7.0,108633.041802
2025-10-20 03:00:00+00:00,108862.283375,110382.38,108194.78,110192.9125,0.024122969,9.0,109836.395487
2025-10-20 04:00:00+00:00,110182.15,110581.655,109991.15,110467.655,0.078469807,21.0,110137.855275
2025-10-20 05:00:00+00:00,110379.7,111173.6345,110257.282,111073.412,0.06698473,20.0,110809.910986
2025-10-20 06:00:00+00:00,111078.705,111450.15,110990.187,111309.538,0.041328615,23.0,111356.479715
2025-10-20 07:00:00+00:00,111321.1675,111544.277,111081.23,111195.5,0.02511922,13.0,111349.508781
2025-10-20 08:00:00+00:00,111203.7,111628.645,110974.863,111121.585,0.011657855,11.0,111173.529094
2025-10-20 09:00:00+00:00,111121.49,111233.4095,110730.3435,111034.7735,0.023934857,11.0,111052.216833
2025-10-20 10:00:00+00:00,111028.896,111208.18,110668.2,110768.015,0.11870617,12.0,111067.041596
2025-10-20 11:00:00+00:00,110757.1135,111142.7,110584.43,111084.35,0.058656412,17.0,110865.232691
2025-10-20 12:00:00+00:00,111041.565,111242.945,110798.0835,110873.573,0.017939414,8.0,110951.528003
2025-10-20 13:00:00+00:00,110884.16,111249.6,110551.09175,111189.1195,0.142240956,19.0,110839.895874
2025-10-20 14:00:00+00:00,111202.58,111432.4805,110732.936,111218.65,0.08799309,24.0,111199.807531
2025-10-20 15:00:00+00:00,111222.425,111743.86,110617.1912011575,111169.115,0.074114662,17.0,111352.400554
2025-10-20 16:00:00+00:00,111181.9505,112885.84,108866.995073891,110728.9415,0.099147636,36.0,110676.004109
2025-10-20 17:00:00+00:00,110737.56,111127.11,109884.109,110340.375,0.321664621,14.0,110472.912253
2025-10-20 18:00:00+00:00,110326.214,111031.94,110248.2265,110963.86,0.216954628,9.0,110748.284667
2025-10-20 19:00:00+00:00,110964.691,111143.58,110569.24,110835.413,1.010038329,105.0,111065.236484
2025-10-20 20:00:00+00:00,110850.435,111384.59,110679.373,111151.435,0.085916151,18.0,111034.797842
2025-10-20 21:00:00+00:00,111152.4835,111328.5,110497.31,110618.8225,0.025713108,12.0,111165.244703
2025-10-20 22:00:00+00:00,110568.65,110959.431,110437.9275,110835.64,0.01428677,15.0,110782.048754
2025-10-20 23:00:00+00:00,110831.691,110873.2,110503.974,110562.505,0.002917663,3.0,110701.856713
2025-10-21 00:00:00+00:00,110663.21,110683.11,110205.0145,110468.5045,0.0029854,8.0,110518.334632
2025-10-21 01:00:00+00:00,110492.68,110625.55,109616.3685,109910.26,0.005575655,6.0,110421.216758
2025-10-21 02:00:00+00:00,109906.5,110049.0,109347.816,109560.885,0.014307297,6.0,109867.526877
2025-10-21 03:00:00+00:00,109547.315,109709.4,109094.644,109094.644,0.006431507,4.0,109657.369266
2025-10-21 04:00:00+00:00,109100.875,109547.0,107691.825,107831.225,0.117436486,15.0,108405.988554
2025-10-21 05:00:00+00:00,107849.56,108111.7,107578.6105,107634.25,0.024570654,9.0,108038.577768
2025-10-21 06:00:00+00:00,107608.56,108264.34,107592.0,107929.246,0.025242902,10.0,108059.677739
2025-10-21 07:00:00+00:00,107960.313,108301.136,107676.085,108096.1755,0.02264146,10.0,108065.533912
2025-10-21 08:00:00+00:00,108110.557,108133.712,107584.536,107771.65,0.082082438,9.0,107953.456666
2025-10-21 09:00:00+00:00,107734.33,108001.326,107621.0635,107810.51,0.022919585,11.0,107885.95375
2025-10-21 10:00:00+00:00,107809.125,108879.0,107633.8,108549.105,0.036956351,8.0,107997.555724
2025-10-21 11:00:00+00:00,108538.551,108794.11,108194.985,108587.379,0.008857532,7.0,108716.408751
2025-10-21 12:00:00+00:00,108622.4595,109561.1,108464.73,108851.627,0.024059437,11.0,109136.580235
2025-10-21 13:00:00+00:00,108868.075,109547.0,107949.528,108449.6495,0.020673081,13.0,108579.873449
2025-10-21 14:00:00+00:00,108482.5255,112351.195,108454.9665,112227.105,0.155336111,27.0,110115.499486
2025-10-21 15:00:00+00:00,112235.2875,113625.2,111333.42,113464.7015,0.177427166,40.0,113157.589239
2025-10-21 16:00:00+00:00,113471.284,114078.265,112523.35,112588.31,0.582609741,44.0,113604.377977
2025-10-21 17:00:00+00:00,112613.969,113070.9785,111840.4,112055.8565,0.142269453,26.0,112591.335939
2025-10-21 18:00:00+00:00,112070.1225,112373.13,111482.25,112071.58,0.093395923,20.0,112031.914607
2025-10-21 19:00:00+00:00,112044.925,112376.75,111608.25,111861.3385,0.046687373,59.0,112082.245071
2025-10-21 20:00:00+00:00,111884.7885,111899.6,110623.275460591,110855.6175,0.113150127,15.0,111742.064381
2025-10-21 21:00:00+00:00,110848.7755,111574.818515591,110184.24,110889.86,0.056091186,7.0,110588.933892
2025-10-21 22:00:00+00:00,110848.967,111344.882555,108566.175,109155.825,0.015297244,15.0,109554.291041
2025-10-21 23:00:00+00:00,109144.8655,110178.0,108109.15,108365.71,0.310220078,13.0,108518.545036
2025-10-22 00:00:00+00:00,108346.8,109666.4036223907,107893.3,108035.175,0.256337755,12.0,108104.390323
2025-10-22 01:00:00+00:00,108059.786,108561.283,108008.5,108448.6725,0.022962454,10.0,108436.897836
2025-10-22 02:00:00+00:00,108414.155,108779.89,108255.275,108255.275,0.038255328,10.0,108585.426796
2025-10-22 03:00:00+00:00,108254.1855,108364.44,107907.465,108267.7265,0.071865168,8.0,108191.264926
2025-10-22 04:00:00+00:00,108247.185,108775.722,108127.4,108698.42,0.018268417,13.0,108690.565968
2025-10-22 05:00:00+00:00,108693.46,108807.4,107892.1,108228.575,0.026152711,13.0,108338.001985
2025-10-22 06:00:00+00:00,108241.78,108987.2851107452,107991.8715,108055.375,0.019091891,8.0,108349.845247
2025-10-22 07:00:00+00:00,108055.39,108781.8663915332,107666.95,108398.955,0.070864375,12.0,108078.918705
2025-10-22 08:00:00+00:00,108367.428,108448.14,108062.1,108281.2295,0.22852565,14.0,108394.633186
2025-10-22 09:00:00+00:00,108308.1835,108448.3,107826.9575,108032.6285,0.011712853,5.0,108070.933063
2025-10-22 10:00:00+00:00,108011.978,108189.2425,107684.4285,107692.987,0.057697508,5.0,107893.110088
2025-10-22 11:00:00+00:00,107713.7675,108781.8663915332,106830.3045,107616.555,0.031894904,18.0,107358.48793
2025-10-22 12:00:00+00:00,107614.338,108465.75,107472.8835,108104.94,0.016041077,8.0,108168.735361
2025-10-22 13:00:00+00:00,108100.875,109054.6792785779,107673.5585,108822.9255,0.296796099,21.0,108280.821018
2025-10-22 14:00:00+00:00,108834.218,109019.682,107521.575,108961.4,0.037936972,13.0,108097.178271
2025-10-22 15:00:00+00:00,108984.815,109113.573778578,107758.846,108422.2495,0.007873216,9.0,108484.628182
2025-10-22 16:00:00+00:00,108455.335,108813.9495,107868.301,108240.65,0.019407185,15.0,108493.989681
2025-10-22 17:00:00+00:00,108228.18,108405.29,107587.1,107808.81,0.352967566,13.0,108145.537419
2025-10-22 18:00:00+00:00,107791.155,108240.395,107458.975,108057.501,0.039542682,11.0,108009.268943
2025-10-22 19:00:00+00:00,108032.625,109582.4896048097,107691.9,107871.94,0.18533625,101.0,107918.536679
2025-10-22 20:00:00+00:00,107873.38,109128.0,107447.075,107708.521,0.094636004,7.0,107761.113779
2025-10-22 21:00:00+00:00,107740.34,109128.0,106639.049,107225.71,0.004321242,8.0,107004.438186
2025-10-22 22:00:00+00:00,107210.385,107696.0085,106937.4425,107201.54,0.007255508,9.0,107323.735753
2025-10-22 23:00:00+00:00,107207.8105,107979.816,107177.3365,107605.5145,0.000769097,7.0,107735.945479
2025-10-23 00:00:00+00:00,107580.7,108001.51,107507.955,107857.61,0.015683065,6.0,107714.882817
2025-10-23 01:00:00+00:00,107856.782,108574.6,107742.74,108182.95,0.003870479,12.0,107860.569929
2025-10-23 02:00:00+00:00,108304.5,108498.8,108063.3,108442.945,0.000720473,4.0,108325.91685
2025-10-23 03:00:00+00:00,108438.107,108788.8,108344.39,108403.29,0.009535816,6.0,108536.331667
2025-10-23 04:00:00+00:00,108418.87,108982.2655,108373.51,108674.1975,0.000960162,3.0,108525.719169
2025-10-23 05:00:00+00:00,108651.3,109044.5885,108639.2885,108981.825,0.000138,1.0,108761.12
2025-10-23 06:00:00+00:00,108968.852,110345.24,108883.7,110316.425,0.027667124,12.0,109857.912691
2025-10-23 07:00:00+00:00,110325.9605,110444.337,109218.968,109308.4,0.388498687,19.0,109778.70134
2025-10-23 08:00:00+00:00,109291.41,109945.335,109269.5,109539.775,0.017076042,11.0,109732.031131
2025-10-23 09:00:00+00:00,109636.83,109661.4,109143.295,109453.3105,0.023999037,9.0,109472.749544
2025-10-23 10:00:00+00:00,109576.76,109755.4715,109269.5,109452.2055,0.02898984,6.0,109609.196549
2025-10-23 11:00:00+00:00,109497.517,109713.645,109130.3,109303.5915,0.020750454,11.0,109458.781982
2025-10-23 12:00:00+00:00,109409.483,109416.9,108698.45,109202.5,0.006725236,7.0,109205.10085
2025-10-23 13:00:00+00:00,109313.3,109763.63,108810.8385,109549.5855,0.235642539,13.0,109494.865298
2025-10-23 14:00:00+00:00,109539.0125,109872.226,108740.539,109619.89,0.011762468,10.0,109172.072788
2025-10-23 15:00:00+00:00,109627.712,110190.668,109437.2339901475,109949.378,0.126636105,19.0,109911.39118
2025-10-23 16:00:00+00:00,109955.927,110625.875,109437.2339901475,110309.005,0.044060787,28.0,109967.837637
2025-10-23 17:00:00+00:00,110312.998,111394.425,109437.2339901475,111283.871,0.057856898,14.0,110812.569632
2025-10-23 18:00:00+00:00,111298.907,111337.68,110288.72,110632.975,0.079606355,15.0,110696.606799
2025-10-23 19:00:00+00:00,110741.65,110741.65,110129.2,110224.4,0.113041327,91.0,110390.247788
2025-10-23 20:00:00+00:00,110232.41,110253.9,109393.8055,109567.2315,0.074826295,7.0,110126.975525
2025-10-23 21:00:00+00:00,109541.749,109853.994,109418.927,109582.205,0.007652362,5.0,109696.963963
2025-10-23 22:00:00+00:00,109597.24,110205.77,109514.081280788,109983.885,0.007002947,7.0,109926.773066
2025-10-23 23:00:00+00:00,110077.25,110231.116,109863.9265,110135.211,0.006276687,7.0,110053.148959
2025-10-24 00:00:00+00:00,110117.978,110747.7525,109960.92,110521.295,0.03431891,9.0,110375.388914
2025-10-24 01:00:00+00:00,110537.4245,110810.44,110118.8,110653.905,0.004057893,6.0,110631.964605
2025-10-24 02:00:00+00:00,110612.754,110849.288,110307.791,110619.479,0.012616241,10.0,110492.726165
2025-10-24 03:00:00+00:00,110602.4405,110673.421,110302.2795,110505.345,0.045899476,10.0,110590.599413
2025-10-24 04:00:00+00:00,110499.597,111512.915,110315.818,111205.6035,0.009136836,9.0,110666.113328
2025-10-24 05:00:00+00:00,111217.22,111390.5,110907.188,111263.9205,0.022649915,12.0,111148.104117
2025-10-24 06:00:00+00:00,111278.25,111607.4,111069.49,111523.265,0.025575285,15.0,111477.419654
2025-10-24 07:00:00+00:00,111625.467,111639.0,110810.86,111082.096,0.1094947,9.0,111122.898276
2025-10-24 08:00:00+00:00,111099.51,111342.3,110724.525,111123.3925,0.016464166,10.0,111167.173547
2025-10-24 09:00:00+00:00,111135.855,111639.0,111018.17,111368.185,0.026638592,10.0,111451.768836
2025-10-24 10:00:00+00:00,111345.8,111404.8,111062.74,111155.86,0.053914011,10.0,111258.838926
2025-10-24 11:00:00+00:00,111150.9,111322.211,110620.575,111077.225,0.114772833,15.0,111074.418721
2025-10-24 12:00:00+00:00,111108.526,112053.95,110819.5,111299.631,0.040654785,7.0,111617.133819
2025-10-24 13:00:00+00:00,111324.9025,111543.0,110394.2305,110987.562,0.075477475,22.0,110854.641017
2025-10-24 14:00:00+00:00,110973.25,111048.382555,109727.822,110239.6315,0.074367681,16.0,110320.083701
2025-10-24 15:00:00+00:00,110242.3325,111048.382555,109882.85,110046.1095,0.091101578,19.0,110004.199392
2025-10-24 16:00:00+00:00,110063.5975,110448.4,109791.524,110258.2795,0.262151627,28.0,110226.711601
2025-10-24 17:00:00+00:00,110300.625,110621.576,110183.6765,110241.8775,0.004810705,7.0,110493.405246
2025-10-24 18:00:00+00:00,110253.53,110726.5,110157.45,110623.67,0.278428381,10.0,110579.771929
2025-10-24 19:00:00+00:00,110655.5575,111010.675,110449.6,110639.7,0.316890373,43.0,110779.390462
2025-10-24 20:00:00+00:00,110609.512,111033.887,110495.741,110907.78,0.034612496,9.0,110770.524445
2025-10-24 21:00:00+00:00,110955.395,111228.053,110634.055,111095.5625,0.05162077,14.0,111014.928546
2025-10-24 22:00:00+00:00,111115.547,111214.2,110930.09,111038.28,0.003877306,5.0,111108.716298
2025-10-24 23:00:00+00:00,111025.5815,111153.9,110809.964,111021.4,0.005567507,7.0,111021.090269
2025-10-25 00:00:00+00:00,111064.68,111082.5515,110598.092,110799.629,0.007547048,8.0,110796.877988
2025-10-25 01:00:00+00:00,110805.397,111258.2,110770.5215,111077.066,0.006145632,6.0,111058.122109
2025-10-25 02:00:00+00:00,111129.733,111226.47,110909.0,111080.665,0.012942705,8.0,111028.291681
2025-10-25 03:00:00+00:00,111038.189,111225.415,110950.95,111050.2445,0.006609692,7.0,111118.505794
2025-10-25 04:00:00+00:00,111070.1135,111518.509,111044.7825,111228.165,0.013341728,12.0,111297.243992
2025-10-25 05:00:00+00:00,111246.405,111487.981,111096.989,111378.8,0.009997341,8.0,111229.086192
2025-10-25 06:00:00+00:00,111405.4375,111599.1,111257.5065,111388.451,0.028758206,19.0,111444.940319
2025-10-25 07:00:00+00:00,111380.144,111818.21,111048.382555,111499.345,0.020524262,13.0,111656.020762
2025-10-25 08:00:00+00:00,111515.664,111641.98,111515.664,111542.19,0.002904397,4.0,111641.98
2025-10-25 09:00:00+00:00,111442.4,111903.278,111442.4,111562.43,0.011279188,7.0,111849.507422
2025-10-25 10:00:00+00:00,111533.55,111768.623,111395.925,111553.415,0.017161792,10.0,111612.229409
2025-10-25 11:00:00+00:00,111575.612,111746.58,111386.539,111613.303,0.034378689,12.0,111697.937803
2025-10-25 12:00:00+00:00,111568.017,111953.608,111537.8,111908.7635,0.004343038,6.0,111778.017498
2025-10-25 13:00:00+00:00,111958.90775,111979.75175,111516.38,111703.607,0.189979197,12.0,111831.748935
2025-10-25 14:00:00+00:00,111748.8715,111881.01,111490.1,111669.069,0.016097778,8.0,111655.217581
2025-10-25 15:00:00+00:00,111627.415,111647.1,111331.245,111387.825,0.006204334,7.0,111600.22614
2025-10-25 16:00:00+00:00,111428.65,111574.364,111187.854,111394.355,0.012120185,19.0,111474.461923
2025-10-25 17:00:00+00:00,111382.6165,111524.85,111302.015,111375.433,0.022109336,5.0,111490.465882
2025-10-25 18:00:00+00:00,111394.77,111874.78,111320.137,111704.52,0.252696527,4.0,111350.851808
2025-10-25 19:00:00+00:00,111756.11,111802.936,111457.34,111635.745,0.031648201,54.0,111544.574484
2025-10-25 20:00:00+00:00,111646.78,111790.31,111372.1525,111450.83,0.12867487,6.0,111550.20607
2025-10-25 21:00:00+00:00,111472.625,111522.0,111279.4,111504.8,0.00308994,4.0,111426.140599
2025-10-25 22:00:00+00:00,111482.608,111734.6,111414.755,111620.9705,0.126280116,5.0,111498.49751
2025-10-25 23:00:00+00:00,111635.99,111713.6,111444.2,111656.925,0.000252717,5.0,111558.88251
2025-10-26 00:00:00+00:00,111758.45,111925.226,111463.874,111737.7655,0.011815025,8.0,111696.8886
2025-10-26 01:00:00+00:00,111647.563,111870.04,111539.205,111654.1225,0.000779414,5.0,111845.367628
2025-10-26 02:00:00+00:00,111636.0435,111788.552,111417.6675,111470.993,0.000908934,3.0,111784.97471
2025-10-26 03:00:00+00:00,111442.525,111578.4,111160.0,111296.72,0.014697821,8.0,111176.519917
2025-10-26 04:00:00+00:00,111290.56,111569.5,111260.5375,111442.8075,0.000443567,4.0,111414.021847
2025-10-26 05:00:00+00:00,111308.14,111790.75,111308.14,111621.9705,0.044625619,8.0,111713.426819
2025-10-26 06:00:00+00:00,111625.758,111775.424,111470.88,111641.385,0.006489894,9.0,111734.945036
2025-10-26 07:00:00+00:00,111667.05,111828.839,111542.53,111732.9595,0.264913881,8.0,111770.594202
2025-10-26 08:00:00+00:00,111759.687,111955.218,111728.1,111789.4195,0.011073225,5.0,111780.56381
2025-10-26 09:00:00+00:00,111805.7945,112822.091,111716.666,112551.2295,0.820842951,11.0,112637.136843
2025-10-26 10:00:00+00:00,112535.26,112640.37,112202.99,112467.95,0.004959915,9.0,112494.94128
2025-10-26 11:00:00+00:00,112485.5,113401.015228426,112394.203,113307.477614213,0.040792755,19.0,113112.674313
2025-10-26 12:00:00+00:00,113284.357614213,113852.24,113279.757614213,113560.7205,0.109395019,21.0,113678.269559
2025-10-26 13:00:00+00:00,113587.9185,114027.44,113268.075,113646.95,0.010104393,14.0,113780.501612
2025-10-26 14:00:00+00:00,113672.212,114009.426,113536.305,113576.841,0.002145154,7.0,113762.314472
2025-10-26 15:00:00+00:00,113562.2535,113774.5,113387.9,113675.41,0.038414294,11.0,113466.358846
2025-10-26 16:00:00+00:00,113689.075,113853.22,112849.86,113495.324,0.119857656,26.0,113770.545651
2025-10-26 17:00:00+00:00,113533.6715,113776.1,113375.61,113430.935,0.001699893,6.0,113649.94156
2025-10-26 18:00:00+00:00,113457.139,113796.77,113436.66,113581.8245,0.004928975,9.0,113733.555511
2025-10-26 19:00:00+00:00,113584.9965,113786.0,113444.485,113587.3,0.081491365,49.0,113690.088831
2025-10-26 20:00:00+00:00,113579.78,113664.26,113313.57,113325.73,0.009400832,4.0,113542.967176
2025-10-26 21:00:00+00:00,113327.4525,113587.545,112848.375,113498.355,0.015091504,5.0,113054.165367
2025-10-26 22:00:00+00:00,113487.6065,115242.84,112889.1048541771,114679.525,0.018575524,19.0,114680.367682
2025-10-26 23:00:00+00:00,114689.13,114979.735,114390.45,114585.439,0.003218363,3.0,114825.097871
2025-10-27 00:00:00+00:00,114689.009,115215.96,114352.178,114771.087,0.0264458,22.0,114724.848766
2025-10-27 01:00:00+00:00,114773.0,115280.72,114693.5,115218.711,0.070062792,15.0,114976.736181
2025-10-27 02:00:00+00:00,115244.01,115397.734,114815.9455,114907.7445,0.014929129,10.0,115169.555132
2025-10-27 03:00:00+00:00,114883.9025,115274.3315,114822.85,114990.842,0.001482138,6.0,114892.258832
2025-10-27 04:00:00+00:00,115007.5325,115359.773,114948.855,115257.4,0.020465459,6.0,115126.295507
2025-10-27 05:00:00+00:00,115183.7,115776.782,115160.7,115569.084,0.389961641,20.0,115373.833503
2025-10-27 06:00:00+00:00,115678.998,116131.381465,115311.63,115990.52386625,0.172419571,18.0,115486.617911
2025-10-27 07:00:00+00:00,115983.07036625,116361.967,115496.92,115561.74,0.539427344,19.0,116045.869433
2025-10-27 08:00:00+00:00,115558.51,115711.414,114876.4,115021.71,0.013992088,9.0,115483.671075
2025-10-27 09:00:00+00:00,115033.4705,115445.6,114751.635,115275.72,0.028601708,16.0,115072.352595
2025-10-27 10:00:00+00:00,115255.4995,115583.26,115106.876,115448.233,0.00260599,7.0,115485.436021
2025-10-27 11:00:00+00:00,115464.127,115555.9365,115115.663,115333.845,0.016367632,7.0,115384.556036
2025-10-27 12:00:00+00:00,115344.389,115449.42,114935.7,115050.695,0.034818757,8.0,115044.36702
2025-10-27 13:00:00+00:00,115047.105,115473.309,114567.645,115233.2,0.068331294,25.0,115133.003455
2025-10-27 14:00:00+00:00,115275.95,115358.9065,114499.465,114784.968,0.058653832,13.0,114863.518088
2025-10-27 15:00:00+00:00,114791.395,115233.883,114751.705,114950.09,0.471468651,13.0,114853.155858
2025-10-27 16:00:00+00:00,114975.79,115733.42,114844.9515,115504.221,0.360486407,27.0,115217.927634
2025-10-27 17:00:00+00:00,115508.978,115726.9515,115261.0,115709.322,0.031802525,9.0,115547.730493
2025-10-27 18:00:00+00:00,115706.55,115888.0,115264.75,115337.305,0.007139993,5.0,115587.393741
2025-10-27 19:00:00+00:00,115340.615,115420.77,114691.821,114953.94,0.133611071,99.0,114951.557238
2025-10-27 20:00:00+00:00,114924.745,114943.731,114413.077,114461.108,0.141782392,13.0,114621.514711
2025-10-27 21:00:00+00:00,114418.54,114639.862,114031.7,114315.443,0.002102018,9.0,114393.715804
2025-10-27 22:00:00+00:00,114300.07,114609.35,114051.0995,114097.5685,0.043302381,11.0,114513.411133
2025-10-27 23:00:00+00:00,114124.115,114269.93,113748.44,114097.01,0.000880123,9.0,114181.76879
2025-10-28 00:00:00+00:00,114095.6,114383.04,113796.2425,113944.45,0.00489826,4.0,114095.500624
2025-10-28 01:00:00+00:00,113959.334,114624.1,113959.334,114419.6355,0.207340613,6.0,114372.640462
2025-10-28 02:00:00+00:00,114454.97,114481.3165,113611.5014278615,113948.43,0.00416,2.0,113799.365385
2025-10-28 03:00:00+00:00,113948.75,114221.89,113662.085,113908.345,0.007673027,7.0,113908.130289
2025-10-28 04:00:00+00:00,113904.305,114094.514,113753.6,113959.875,0.01460698,7.0,113940.929244
2025-10-28 05:00:00+00:00,113965.415,114044.43,113558.0669278615,113636.9764278615,0.136587799,7.0,114031.988151
2025-10-28 06:00:00+00:00,113621.3314278615,114232.4,113619.3214278614,114112.22,0.038535677,9.0,114004.239854
2025-10-28 07:00:00+00:00,114120.6,114447.547,114074.14,114206.26,0.00070234,3.0,114412.123157
2025-10-28 08:00:00+00:00,114175.354,114566.4,114071.771,114409.265,0.01233812,5.0,114327.452462
2025-10-28 09:00:00+00:00,114417.425,114620.366,114178.551,114540.285,0.116401202,6.0,114582.111286
2025-10-28 10:00:00+00:00,114535.995,114662.72,114424.55,114612.766,0.06424079,2.0,114637.559227
2025-10-28 11:00:00+00:00,114583.9175,114713.97,114281.3,114352.158,0.046202286,8.0,114624.252234
2025-10-28 12:00:00+00:00,114337.0025,114527.345,114079.58,114457.915,0.003026513,4.0,114250.640867
2025-10-28 13:00:00+00:00,114449.465,115569.253,114449.465,115540.8365,0.107443808,17.0,115225.292273
2025-10-28 14:00:00+00:00,115562.445,116027.762,114327.81875,115088.6,0.049496784,22.0,115485.12561
2025-10-28 15:00:00+00:00,115096.487,115442.1495,114501.525,114655.085,0.004534133,14.0,115274.680537
2025-10-28 16:00:00+00:00,114634.075,115518.3,114523.395,115364.5,0.247396876,23.0,114957.013724
2025-10-28 17:00:00+00:00,115330.8445,115664.369,115227.5845,115286.2975,0.177272212,15.0,115383.375665
2025-10-28 18:00:00+00:00,115295.653,115390.3,114629.78,115019.567,0.006916589,7.0,115283.441067
2025-10-28 19:00:00+00:00,115060.3695,115140.8,113492.028,113683.1,0.34568961,123.0,114080.199878
2025-10-28 20:00:00+00:00,113689.5295,114519.5,112347.135,112787.935,0.441858913,12.0,112849.532791
2025-10-28 21:00:00+00:00,112821.915,113984.5,112302.0,113026.663,0.0026015,9.0,112988.118995
2025-10-28 22:00:00+00:00,112993.058,113321.48,112850.11,113243.25,0.001364543,4.0,113290.448112
2025-10-28 23:00:00+00:00,113255.315,113255.315,112788.631,112920.565,0.000994217,4.0,113105.43349
2025-10-29 00:00:00+00:00,112910.8725,112927.483,112437.193,112437.193,0.013395363,6.0,112630.571221
2025-10-29 01:00:00+00:00,112474.175,113004.91,112030.96,112518.62,0.006113789,16.0,112244.250409
2025-10-29 02:00:00+00:00,112531.6655,112826.1985,112421.8565,112658.233,0.110885592,8.0,112752.359069
2025-10-29 03:00:00+00:00,112688.556,112711.7,112337.844,112545.645,0.022164395,8.0,112646.919724
2025-10-29 04:00:00+00:00,112555.115,112979.77,112503.1,112806.762,0.001308009,6.0,112788.924574
2025-10-29 05:00:00+00:00,112916.56,113391.17,112806.762,113084.433,0.014916675,10.0,113203.315242
2025-10-29 06:00:00+00:00,113039.03,113449.962,112972.185,113302.7855,0.000254031,6.0,113328.270874
2025-10-29 07:00:00+00:00,113307.235,113604.905,113232.967,113604.75,0.01150008,7.0,113459.419347
2025-10-29 08:00:00+00:00,113591.3905,113683.4,112969.659,113086.137,0.010089099,5.0,113569.449691
2025-10-29 09:00:00+00:00,113096.3,113133.75,112797.87,113018.541,0.005121947,8.0,112912.395931
2025-10-29 10:00:00+00:00,112996.4,113236.362,112734.6665,112891.266,0.000880751,7.0,112957.619542
2025-10-29 11:00:00+00:00,112929.46,113389.4,112742.31,113166.646,0.000859579,6.0,113256.937042
2025-10-29 12:00:00+00:00,113189.527,113396.0,113060.464,113183.495,0.015715478,4.0,113258.924111
2025-10-29 13:00:00+00:00,113163.05,113741.84,112714.9275,112881.075,0.596810725,15.0,112984.636441
2025-10-29 14:00:00+00:00,112913.197,112921.156,112250.7,112476.935,0.079827654,11.0,112497.423313
2025-10-29 15:00:00+00:00,112488.7535,112590.155,111374.992,111501.4725,0.052075334,22.0,112050.689768
2025-10-29 16:00:00+00:00,111541.95,111566.165,110927.865,111096.835,0.061953571,34.0,111226.434934
2025-10-29 17:00:00+00:00,111092.04,112035.4,110994.297,111851.705,0.032796388,12.0,111742.474917
2025-10-29 18:00:00+00:00,111895.0295,112767.3193109958,109201.936,110816.785,0.110104527,31.0,111006.624956
2025-10-29 19:00:00+00:00,110808.763,111481.45,110142.0985,110667.118,0.226931269,99.0,110854.815273
2025-10-29 20:00:00+00:00,110654.2,111559.455,110413.6395,111442.32,0.023648294,9.0,111112.688859
2025-10-29 21:00:00+00:00,111444.3345,111888.43,111391.226,111642.355,0.000394225,3.0,111736.44024
2025-10-29 22:00:00+00:00,111623.9,111759.95,110956.6335,111008.65,0.100369905,4.0,111563.401727
2025-10-29 23:00:00+00:00,111052.3825,111154.3,109735.477,110057.383,0.083313537,8.0,110150.617645
2025-10-30 00:00:00+00:00,110158.5,110614.35,109713.0,110563.505,0.004798887,13.0,110349.825741
2025-10-30 01:00:00+00:00,110558.2,110746.56,110263.085,110436.575,0.061348808,3.0,110695.630976
2025-10-30 02:00:00+00:00,110448.8,111068.7,110349.4255,110982.053,0.010773016,14.0,110784.178094
2025-10-30 03:00:00+00:00,110999.887,111069.95,110560.6185,110744.54,0.008193795,14.0,110890.188691
2025-10-30 04:00:00+00:00,110763.38,111353.3193109958,108016.3,108566.898,0.049467202,31.0,109298.992468
2025-10-30 05:00:00+00:00,108579.63,110568.5,108412.2665,110285.037,0.083533142,32.0,109830.031893
2025-10-30 06:00:00+00:00,110284.6495,111378.1408338874,109975.91,110753.455,0.096702688,18.0,110904.820343
2025-10-30 07:00:00+00:00,110763.75,111627.853,110650.75,111353.6385,0.235321579,24.0,111500.928839
2025-10-30 08:00:00+00:00,111368.0775,111868.2508338874,110579.9,110708.699,0.009186802,36.0,110947.449297
2025-10-30 09:00:00+00:00,110724.06,110848.0,110048.38,110165.1325,0.009292584,31.0,110453.404665
2025-10-30 10:00:00+00:00,110148.45,110310.3,109752.0,110099.45,0.044452533,30.0,110151.379868
2025-10-30 11:00:00+00:00,110127.835,110220.72,109661.64,109744.95,0.021109803,30.0,110037.141495
2025-10-30 12:00:00+00:00,109718.135,110312.7508338874,108182.051,108409.916,0.215048149,40.0,109423.572073
2025-10-30 13:00:00+00:00,108362.915,110312.7508338874,107473.020147783,107615.647,0.117624148,64.0,108086.799544
2025-10-30 14:00:00+00:00,107614.5855,110046.7409816704,107588.735,108270.49,0.256908197,50.0,108014.78632
2025-10-30 15:00:00+00:00,108267.96,108407.18,107389.162561576,107706.6,0.171889248,56.0,107821.392251
2025-10-30 16:00:00+00:00,107802.9,110007.3321146754,107544.991,108137.303,0.203795079,59.0,108121.85663
2025-10-30 17:00:00+00:00,108127.18,109762.7508338874,106896.551724137,107493.75,0.191561789,65.0,107083.923525
2025-10-30 18:00:00+00:00,107464.0,107639.0,106774.705,106830.175,0.302525847,50.0,107298.206805
2025-10-30 19:00:00+00:00,106822.51,109426.898719526,106313.85,106558.3,0.444474708,158.0,106829.63499
2025-10-30 20:00:00+00:00,106490.805,109112.398719526,106307.7285,107489.5905,0.079309513,23.0,107315.612018
2025-10-30 21:00:00+00:00,107520.112,107998.983,107355.774,107915.5185,0.006493113,21.0,107653.256876
2025-10-30 22:00:00+00:00,107916.118,108015.3,107453.645,107904.05,0.014806908,11.0,107643.934924
2025-10-30 23:00:00+00:00,107929.6635,109112.398719526,107584.985,108316.8615,0.003992812,17.0,107914.452719
2025-10-31 00:00:00+00:00,108340.041,109912.398719526,108259.798,109296.985,0.051732086,18.0,108491.742015
2025-10-31 01:00:00+00:00,109320.13,110132.52,109153.527,109631.9745,0.039901277,13.0,110096.19577
2025-10-31 02:00:00+00:00,109620.72,109731.3,108534.89,108827.45,0.00949552,6.0,108914.546016
2025-10-31 03:00:00+00:00,108826.685,109375.9,108595.185,109220.329,0.038813819,8.0,109050.502773
2025-10-31 04:00:00+00:00,109338.358,110254.91,109117.185,110068.7255,0.009316199,13.0,109684.284419
2025-10-31 05:00:00+00:00,110065.665,110091.437,109674.5915,109883.428,0.001505134,5.0,109984.960748
2025-10-31 06:00:00+00:00,109888.1125,109967.51,109478.625,109644.14,0.001958639,9.0,109803.75247
2025-10-31 07:00:00+00:00,109628.9455,109792.488,109242.0535,109385.2275,0.009316224,5.0,109735.936136
2025-10-31 08:00:00+00:00,109412.397,110184.78,109158.085,110063.185,0.069929635,123.0,109629.393948
2025-10-31 09:00:00+00:00,110164.8,110469.23,109783.6185,109821.03,0.030937606,46.0,110266.978644
2025-10-31 10:00:00+00:00,109832.1,110168.867,109663.1,109816.0,0.044947147,85.0,109840.135334
2025-10-31 11:00:00+00:00,109784.6025,110507.0,109428.465,110390.792,0.014519446,29.0,109648.015697
2025-10-31 12:00:00+00:00,110393.88,110703.7,109554.0,109636.33,0.029488594,20.0,109887.537419
2025-10-31 13:00:00+00:00,109616.6305,110218.3285,109315.3,110090.6745,0.113494117,16.0,109727.263291
2025-10-31 14:00:00+00:00,110132.61,110959.3,109529.15,110675.0665,0.10971561,16.0,109859.066897
2025-10-31 15:00:00+00:00,110698.186,111205.05,109912.398719526,110146.5645,0.098014171,11.0,110373.661943
2025-10-31 16:00:00+00:00,110154.5015,110311.1,108614.6385,108761.885,0.199236818,33.0,109872.50276
2025-10-31 17:00:00+00:00,108777.682,109419.36,108565.55,109239.381,0.040338148,19.0,109154.35696
2025-10-31 18:00:00+00:00,109217.0415,109912.398719526,108880.786,109364.717,0.010303184,11.0,109313.731273
2025-10-31 19:00:00+00:00,109385.52,110268.99,109059.66,109789.5595,0.310746918,96.0,109887.272905
2025-10-31 20:00:00+00:00,109729.628,109857.909,109292.14,109438.1,0.136895761,31.0,109586.953094
2025-10-31 21:00:00+00:00,109421.585,109715.71,109174.755,109523.5005,0.0173383,19.0,109423.010103
2025-10-31 22:00:00+00:00,109500.7565,109780.1,109424.9,109534.0505,0.003653823,23.0,109619.909341
2025-10-31 23:00:00+00:00,109525.977,109740.98,109385.9,109560.1965,0.004933407,29.0,109590.031765
2025-11-01 00:00:00+00:00,109585.169,109783.403,109307.458,109671.234,0.016293794,19.0,109637.95747
2025-11-01 01:00:00+00:00,109647.1,110004.4995,109599.746,109689.01,0.004835834,22.0,109810.341584
2025-11-01 02:00:00+00:00,109663.8715,109832.9,109386.4,109718.5655,0.00201,18.0,109596.473458
2025-11-01 03:00:00+00:00,109725.05,110351.3,109721.645,110197.7925,0.020195323,20.0,110106.09894
2025-11-01 04:00:00+00:00,110313.285,110554.89,110052.45,110237.425,0.015364469,27.0,110187.27945
2025-11-01 05:00:00+00:00,110210.41,110427.8,109915.883,110094.3045,0.062390288,28.0,110386.073396
2025-11-01 06:00:00+00:00,110100.733,110225.196,109832.5,109936.935,0.003789173,21.0,110128.95443
2025-11-01 07:00:00+00:00,109955.3,110266.489,109869.264,110020.3635,0.005066794,31.0,110074.617613
2025-11-01 08:00:00+00:00,110017.378,110230.52,110016.095,110182.135,0.010352612,1.0,110072.9
2025-11-01 09:00:00+00:00,110201.9935,110266.63,109892.766,109954.42,0.006488034,5.0,110209.951271
2025-11-01 10:00:00+00:00,109948.495,110128.0615,109711.351,110102.875,0.002208795,12.0,109945.218168
2025-11-01 11:00:00+00:00,110118.625,110214.0,109884.43,110055.345,0.060739227,7.0,110024.841049
2025-11-01 12:00:00+00:00,110077.0105,110225.8,109915.171,109981.05,0.00179564,6.0,110146.561659
2025-11-01 13:00:00+00:00,109939.6,110067.657,109635.714,109883.75,0.00462725,4.0,110021.399067
2025-11-01 14:00:00+00:00,109893.158,110075.1,109667.549,109894.795,0.010012346,7.0,110000.453067
2025-11-01 15:00:00+00:00,109859.396,110318.903,109849.2175,110259.76,0.026673013,8.0,110192.177611
2025-11-01 16:00:00+00:00,110265.635,110698.633719526,110129.0355,110401.15,0.0208136,39.0,110360.495593
2025-11-01 17:00:00+00:00,110417.515,110461.85,110130.8,110173.605,0.011494825,7.0,110191.898413
2025-11-01 18:00:00+00:00,110265.7,110434.9,110136.4,110301.916,0.00484311,17.0,110324.307303
2025-11-01 19:00:00+00:00,110295.093,110402.8,110064.095,110243.755,0.133684631,85.0,110275.743066
2025-11-01 20:00:00+00:00,110260.918,110543.03,110233.037,110360.5385,0.008725433,11.0,110349.570904
2025-11-01 21:00:00+00:00,110390.0405,110408.8075,109751.7,109822.4195,0.002982074,17.0,109960.541906
2025-11-01 22:00:00+00:00,109823.149,110177.53,109752.3,110055.201,0.031134423,93.0,109992.867017
2025-11-01 23:00:00+00:00,110037.35,110166.13,109899.023,110073.55,0.002805744,4.0,109906.886292
2025-11-02 00:00:00+00:00,110182.7,110206.2,109845.8,109911.45,0.003339736,19.0,110082.146011
2025-11-02 01:00:00+00:00,109920.35,110148.84,109777.596,109910.6225,0.006694132,26.0,110094.302549
2025-11-02 02:00:00+00:00,109919.026,110251.6285,109836.415,110001.886,5.9093e-05,4.0,110092.903723
2025-11-02 03:00:00+00:00,110005.69,110063.642,109913.101,110034.473,6.5e-05,2.0,110057.441923
2025-11-02 04:00:00+00:00,110151.446,110744.6735,109981.895,110650.3,0.001230833,2.0,110139.179325
2025-11-02 05:00:00+00:00,110647.65,110811.28,110238.3225,110469.648,0.002917443,5.0,110568.13295
2025-11-02 06:00:00+00:00,110451.565,110702.914,110244.325,110614.1675,0.001143823,6.0,110664.947235
2025-11-02 07:00:00+00:00,110664.695,111021.26,110387.0,110872.9,0.008727745,2.0,110776.974304
2025-11-02 08:00:00+00:00,110860.44,110983.7235,110667.2825,110803.8735,0.034537665,6.0,110849.528519
2025-11-02 09:00:00+00:00,110832.382,111040.59,110471.765,110680.365,0.016049444,6.0,110852.63726
2025-11-02 10:00:00+00:00,110688.535,110836.426,110292.282,110459.123,0.032293671,29.0,110485.822896
2025-11-02 11:00:00+00:00,110453.0,111194.545,110429.783,111182.5605,0.000839386,4.0,110904.870028
2025-11-02 12:00:00+00:00,111164.57,111214.675,110642.985,110718.945,0.026923848,5.0,111155.660179
2025-11-02 13:00:00+00:00,110707.682,110738.212,110086.4,110535.1,0.036169655,6.0,110539.262103
2025-11-02 14:00:00+00:00,110535.057,110723.819,110182.61,110396.678,0.038666196,4.0,110693.805045
2025-11-02 15:00:00+00:00,110380.9745,110608.34,110087.427,110118.69,0.033118384,5.0,110469.780617
2025-11-02 16:00:00+00:00,110083.3,110316.3396062256,109734.34,110119.145,0.116469163,22.0,110061.634962
2025-11-02 17:00:00+00:00,110139.705,110302.7115,110006.635,110215.552,0.003341491,2.0,110131.889736
2025-11-02 18:00:00+00:00,110215.87,110378.997,110088.8,110329.37,0.013103543,8.0,110337.331066
2025-11-02 19:00:00+00:00,110350.923,110356.782,109916.3,110213.723439423,0.00232453,5.0,110151.499542
2025-11-02 20:00:00+00:00,110228.103439423,110323.9,109883.235,110102.0,0.100196909,60.0,110057.02535
2025-11-02 21:00:00+00:00,110114.595,110241.923,109948.608,110005.5615,0.000545593,2.0,110241.590848
2025-11-02 22:00:00+00:00,109987.3295,110106.546,109464.15,109893.85,0.009371158,6.0,109620.441954
2025-11-02 23:00:00+00:00,109930.306,110782.94,109920.4,110545.09,0.000199932,11.0,110318.516225
2025-11-03 00:00:00+00:00,110558.551,110765.529,109745.565,109745.565,0.001373873,11.0,110589.824069
2025-11-03 01:00:00+00:00,109764.95,109922.918,109363.805,109664.15,0.110749256,13.0,109636.128854
2025-11-03 02:00:00+00:00,109678.625,109776.695,108660.781,109047.655,0.004112785,8.0,108962.403363
2025-11-03 03:00:00+00:00,109031.49,110316.3396062256,107902.2815,107908.0,0.24772043,22.0,108341.494208
2025-11-03 04:00:00+00:00,107932.23,108047.385,107473.190280788,107877.9675,0.1410212,18.0,107647.203495
2025-11-03 05:00:00+00:00,107875.499,109806.980000314,107397.39,107592.345,3.390243788,18.0,107480.845298
2025-11-03 06:00:00+00:00,107595.55,109359.8098610547,107046.4,107456.405,0.095754848,25.0,107384.428105
2025-11-03 07:00:00+00:00,107484.52,107888.0,107239.873,107482.395,0.007694979,10.0,107779.484943
2025-11-03 08:00:00+00:00,107467.235,108351.765,107038.183,107558.425,0.048623757,12.0,107250.480907
2025-11-03 09:00:00+00:00,107574.101,107921.73,107079.45,107205.605,0.835783688,12.0,107863.08575
2025-11-03 10:00:00+00:00,107194.739,108351.765,106746.8465,106962.763,0.048017932,13.0,107391.875784
2025-11-03 11:00:00+00:00,106967.5335,109134.1940975077,106945.504,107795.735,0.074804104,16.0,107767.22868
2025-11-03 12:00:00+00:00,107789.17,108307.934,107696.9585,107743.23,0.200264429,18.0,108160.833699
2025-11-03 13:00:00+00:00,107753.69,108055.267,107554.7,107908.05,0.017126221,14.0,107849.179775
2025-11-03 14:00:00+00:00,107896.3735,108330.2905,107348.6,108053.2,0.089171995,26.0,107921.9212
2025-11-03 15:00:00+00:00,108012.31,111582.4705104512,105512.802,105710.4505,0.513146041,66.0,106191.917435
2025-11-03 16:00:00+00:00,105724.9985,108569.1694669657,105349.160522167,106653.8645,0.376407864,47.0,106210.045111
2025-11-03 17:00:00+00:00,106661.658,109598.7461110547,106494.955,107442.805,0.060969376,26.0,107163.605514
2025-11-03 18:00:00+00:00,107470.6925,107625.9,106788.8665,106923.93,0.10546089,19.0,107266.840835
2025-11-03 19:00:00+00:00,106961.55,107386.54,106428.705,107055.975,0.34932682,12.0,106639.292584
2025-11-03 20:00:00+00:00,107066.21,107162.345,106206.379,106646.285,1.182204404,162.0,106559.277853
2025-11-03 21:00:00+00:00,106636.169,107382.4328544802,106058.4755,106884.0645,0.973599302,4.0,106456.228481
2025-11-03 22:00:00+00:00,106842.1235,107382.4328544802,105828.35,106453.33,0.053015289,4.0,106302.169501
2025-11-03 23:00:00+00:00,106482.4725,106742.0095,105999.9465,106541.825,0.029055475,7.0,106203.572834
2025-11-04 00:00:00+00:00,106563.319,106815.6298425415,105752.3,106449.19,0.20908625,3.0,105761.465409
2025-11-04 01:00:00+00:00,106455.145,107268.285,106220.45,107039.3225,1.801315453,8.0,106390.659475
2025-11-04 02:00:00+00:00,107001.658,107228.1395,106435.3,106457.37,4.5288e-05,3.0,106883.793521
2025-11-04 03:00:00+00:00,106494.6,107311.71,106202.064,107128.478,0.057846971,12.0,106935.344502
2025-11-04 04:00:00+00:00,107145.1,107291.6275,106685.281,106715.147,0.0079549,10.0,106995.948105
2025-11-04 05:00:00+00:00,106711.2395,106890.6298425415,104143.997,104180.11,0.187606442,36.0,104934.192055
2025-11-04 06:00:00+00:00,104183.57,105344.914786962,104138.4165,104731.575,0.137384366,21.0,104763.480954
2025-11-04 07:00:00+00:00,104725.82,105344.914786962,104259.976,104439.264,0.015372942,15.0,104603.697126
2025-11-04 08:00:00+00:00,104451.615,104594.104,103698.73,104015.9,0.093881396,22.0,104121.684542
2025-11-04 09:00:00+00:00,104022.5335,104419.4193693575,103562.6940394085,103810.445,0.163706202,19.0,104011.343447
2025-11-04 10:00:00+00:00,103813.35,104262.701607861,103521.694,103764.094,0.042534534,14.0,103840.139666
2025-11-04 11:00:00+00:00,103769.75,104678.008,103710.075,104541.6935,0.061403485,14.0,104489.832442
2025-11-04 12:00:00+00:00,104541.8565,104645.9,103792.9925,103915.451,0.114555225,14.0,104554.224087
2025-11-04 13:00:00+00:00,103898.595,104262.701607861,103535.4005418715,103901.16,0.169106658,15.0,103891.79696
2025-11-04 14:00:00+00:00,103857.8615,104667.781,102955.66502463,104457.62,0.428805736,58.0,103876.102693
2025-11-04 15:00:00+00:00,104473.4615,104807.375,103129.46,103162.28,0.329330254,37.0,104296.479961
2025-11-04 16:00:00+00:00,103160.385,104015.9035783045,102100.783,102186.0795,0.266643173,60.0,102735.306221
2025-11-04 17:00:00+00:00,102192.349,103288.0710659895,100739.745,101045.3365,1.607683616,87.0,101626.463082
2025-11-04 18:00:00+00:00,101041.1685,101448.0025,100023.2,101308.6825,1.104462964,66.0,100740.198774
2025-11-04 19:00:00+00:00,101298.91,101664.4,100357.3732512315,100461.665,0.152919978,34.0,100915.517099
2025-11-04 20:00:00+00:00,100462.1535,101087.386,99559.532192118,100686.102,1.163324128,150.0,100355.805565
2025-11-04 21:00:00+00:00,100701.7355,101037.9753288443,98825.4,100249.445,0.650457174,45.0,99375.561875
2025-11-04 22:00:00+00:00,100281.325,101890.92,100020.665,101268.0085,0.08592022,35.0,101316.847255
2025-11-04 23:00:00+00:00,101278.28,101734.91,100791.6699101248,101454.119,3.222016766,22.0,101356.295174
2025-11-05 00:00:00+00:00,101465.8,101727.71,100309.5195,100543.285,0.046772291,12.0,101568.556744
2025-11-05 01:00:00+00:00,100558.645,101006.158,98935.1555,100735.491,0.108599855,27.0,99501.125335
2025-11-05 02:00:00+00:00,100744.93,101925.527,100232.723914163,101689.325,0.140778773,23.0,101264.5002
2025-11-05 03:00:00+00:00,101672.2645,102538.0710659895,101456.45,102104.253,0.208281082,17.0,102223.442139
2025-11-05 04:00:00+00:00,102124.423,102243.85,101526.4265,101986.85,1.49951322,24.0,101919.036222
2025-11-05 05:00:00+00:00,102003.55,102538.0710659895,101586.27,101810.215,0.067427582,23.0,102133.983631
2025-11-05 06:00:00+00:00,101804.615,102538.0710659895,101498.538,102116.24,0.028948192,15.0,101872.9564
2025-11-05 07:00:00+00:00,102117.519,102270.19,101590.36,101982.227,0.119592318,18.0,102030.017772
2025-11-05 08:00:00+00:00,101969.9805,102784.3764847085,101169.27,101692.085,0.128922032,18.0,101764.978939
2025-11-05 09:00:00+00:00,101677.327,102205.51,101585.6605,101984.9925,0.132592616,15.0,102026.883278
2025-11-05 10:00:00+00:00,101979.45,102784.3764847085,101270.007,101375.845,0.070630579,14.0,101849.805185
2025-11-05 11:00:00+00:00,101389.98,102112.4725,101354.535,102086.414,0.01608174,10.0,101665.575608
2025-11-05 12:00:00+00:00,102055.3895,102784.3764847085,101902.67,102666.045,0.401506047,11.0,102637.82164
2025-11-05 13:00:00+00:00,102647.4,103260.57,102261.8915,102958.075,1.926950662,11.0,102556.575527
2025-11-05 14:00:00+00:00,102946.0305,103494.5,102073.63,103197.2,0.224832327,27.0,103026.606417
2025-11-05 15:00:00+00:00,103163.2245,103811.6,102792.26,103724.19,0.468461425,17.0,103150.989069
2025-11-05 16:00:00+00:00,103718.637,104033.51,103074.338,103908.5975,0.050181774,19.0,103801.464706
2025-11-05 17:00:00+00:00,103883.435,104094.21,103353.408,103912.8385,0.264567703,24.0,103671.422376
2025-11-05 18:00:00+00:00,103874.648,104431.885,103734.18,104338.2505,0.042863849,16.0,104041.940976
2025-11-05 19:00:00+00:00,104351.903,104546.687,103976.45,104012.581,0.040502124,10.0,104358.401641
2025-11-05 20:00:00+00:00,104004.85,104633.991,103645.275,103830.885,0.327472631,98.0,103848.151823
2025-11-05 21:00:00+00:00,103811.9265,103888.3,103529.4655,103671.335,0.002288462,7.0,103700.977526
2025-11-05 22:00:00+00:00,103678.8065,103812.0,103262.67,103692.3775,0.005239562,4.0,103665.71115
2025-11-05 23:00:00+00:00,103728.139,104104.65,103637.787,103883.799,0.002330101,2.0,104030.639682
2025-11-06 00:00:00+00:00,103872.9,103906.8025,103318.1,103674.439,0.00032,2.0,103527.5025
2025-11-06 01:00:00+00:00,103667.5695,103667.5695,102721.046,103347.078,0.007420257,7.0,103405.349451
2025-11-06 02:00:00+00:00,103364.028,103569.593,102829.6235,103337.74,0.030801689,6.0,103048.9246
2025-11-06 03:00:00+00:00,103322.45,103952.452,103314.132,103638.226,0.065428785,7.0,103802.841095
2025-11-06 04:00:00+00:00,103647.356,104197.808,103509.96,104031.832,0.005134582,30.0,103992.47401
2025-11-06 05:00:00+00:00,104037.622,104045.599,103077.6345,103151.653,0.035839599,13.0,103449.407232
2025-11-06 06:00:00+00:00,103133.75,103613.4,103002.045,103321.1,0.188818985,17.0,103539.709077
2025-11-06 07:00:00+00:00,103311.4,103555.8,102901.6395,103175.0465,0.098534331,14.0,103404.496784
2025-11-06 08:00:00+00:00,103173.45,103450.0,102936.5,103189.2295,0.014716207,19.0,103184.417453
2025-11-06 09:00:00+00:00,103198.15,103307.76,102802.342,102802.342,0.10077822,12.0,103012.495613
2025-11-06 10:00:00+00:00,102815.3665,103350.0938333856,102619.05,103120.21,0.024814457,17.0,102827.02796
2025-11-06 11:00:00+00:00,103077.4045,103334.45,102708.585,103218.257,0.021184256,26.0,103278.404759
2025-11-06 12:00:00+00:00,103188.682,103311.6485,102336.1,102549.86,0.011347429,15.0,102561.446234
2025-11-06 13:00:00+00:00,102525.015,103650.008,102515.85,103300.225,0.032380674,41.0,103381.889025
2025-11-06 14:00:00+00:00,103273.755,103477.706907965,102074.1327586205,102124.4877586205,0.116270739,34.0,102708.335292
2025-11-06 15:00:00+00:00,102120.2827586205,102983.67,101575.8162561575,101956.814,0.101734837,30.0,102280.205341
2025-11-06 16:00:00+00:00,101990.434,102341.51,100196.6,100829.62,0.219461417,58.0,101051.843865
2025-11-06 17:00:00+00:00,100813.5895,101889.65,100716.116,101755.6665,0.043041407,24.0,101193.238494
2025-11-06 18:00:00+00:00,101737.677,102283.156587645,100868.95,101689.991,0.113554619,22.0,101474.388817
2025-11-06 19:00:00+00:00,101655.675,101978.414,101060.59,101360.389,0.03770755,14.0,101517.056543
2025-11-06 20:00:00+00:00,101351.195,101601.5375,100616.123,100872.27,0.143864382,65.0,101313.673861
2025-11-06 21:00:00+00:00,100850.88,101250.99,100482.3,101082.1725,0.008407386,12.0,100881.47125
2025-11-06 22:00:00+00:00,101072.868,101460.921,100949.285,101361.995,0.004009134,7.0,101282.379186
2025-11-06 23:00:00+00:00,101363.337,101728.706587645,101126.365,101319.77,0.003666973,10.0,101308.738862
2025-11-07 00:00:00+00:00,101325.05,101597.375,100688.502,101429.095,0.010070343,7.0,101104.469773
2025-11-07 01:00:00+00:00,101451.135,101843.005,100857.247,101496.764,0.005147699,16.0,101340.408953
2025-11-07 02:00:00+00:00,101493.35,101884.4745,101191.05,101850.8,0.046416492,11.0,101422.088324
2025-11-07 03:00:00+00:00,101861.7645,102323.465,101814.85,101872.674,0.011380233,11.0,102148.40314
2025-11-07 04:00:00+00:00,101882.955,102058.385,101511.76,101964.6295,0.024933301,12.0,101785.497399
2025-11-07 05:00:00+00:00,101974.17,102506.84,101953.65,102379.869,0.001726321,12.0,102347.434487
2025-11-07 06:00:00+00:00,102396.12,102467.7545,101768.9125,101790.8655,0.016997741,8.0,102331.681137
2025-11-07 07:00:00+00:00,101783.5805,102034.6,101586.15,101952.8895,0.074112943,10.0,101825.283217
2025-11-07 08:00:00+00:00,101984.705,102049.71,101407.39,101470.084,0.011331484,14.0,101637.042532
2025-11-07 09:00:00+00:00,101440.35,101463.987,100737.752,100964.865,0.070832994,15.0,101012.014866
2025-11-07 10:00:00+00:00,100944.835,101211.736,100607.75,100742.85,0.122397941,13.0,101030.229351
2025-11-07 11:00:00+00:00,100730.71,100758.5025,99743.683,100352.6205,5.289408657,40.0,100031.150139
2025-11-07 12:00:00+00:00,100351.9,101228.4843998265,99184.03,99569.1,0.054297939,37.0,99637.999063
2025-11-07 13:00:00+00:00,99545.6715,101024.05090229,99362.3835,100283.57,0.06537132,21.0,100185.24622
2025-11-07 14:00:00+00:00,100271.3955,101024.05090229,99440.5715,100715.9,0.113793508,36.0,100275.284039
2025-11-07 15:00:00+00:00,100746.165,101267.4,99270.425,100739.25,0.037126282,53.0,100687.420199
2025-11-07 16:00:00+00:00,100745.1515,101573.7,100378.458,101110.8945,0.023364368,34.0,101015.661975
2025-11-07 17:00:00+00:00,101104.8005,102722.5,100861.0,102337.6025,0.064797244,37.0,101577.161185
2025-11-07 18:00:00+00:00,102346.354,102889.72,102190.915,102532.255,0.153132263,55.0,102497.515632
2025-11-07 19:00:00+00:00,102549.205,103271.642055475,102042.104275958,103271.642055475,0.051076666,67.0,102892.513742
2025-11-07 20:00:00+00:00,103249.203555475,104136.029032617,102949.04843,103760.7135,0.028017834,106.0,103626.269111
2025-11-07 21:00:00+00:00,103723.9475,103871.875,103299.238,103843.8165,0.005004618,12.0,103410.105823
2025-11-07 22:00:00+00:00,103860.1695,104143.251,103533.89,103591.7465,0.003518443,17.0,103802.977857
2025-11-07 23:00:00+00:00,103599.0865,103757.3,103272.102,103291.339,0.002259482,10.0,103542.400648
2025-11-08 00:00:00+00:00,103310.7885,103364.473,102480.425,102621.677,0.020974756,15.0,103154.719388
2025-11-08 01:00:00+00:00,102618.836,103185.08,102589.215,102916.5285,0.04068301,10.0,102936.990173
2025-11-08 02:00:00+00:00,102937.305,103378.7,102697.876,102804.243,0.000481092,9.0,103280.643522
2025-11-08 03:00:00+00:00,102790.7365,103355.57272032,102526.02,102526.02,0.005651542,23.0,103049.696766
2025-11-08 04:00:00+00:00,102558.14,102858.207,102277.221,102501.425,0.026525957,16.0,102580.458232
2025-11-08 05:00:00+00:00,102489.475,102688.143,102170.397197598,102259.565,0.023202614,16.0,102524.522339
2025-11-08 06:00:00+00:00,102263.3855,103179.741440055,102040.752,102182.258,0.050766482,13.0,102263.530555
2025-11-08 07:00:00+00:00,102180.2385,102383.1945,101832.16,102347.2165,0.017944389,18.0,102252.814161
2025-11-08 08:00:00+00:00,102310.9785,102683.2,102047.197,102394.877,0.004896674,9.0,102493.222629
2025-11-08 09:00:00+00:00,102399.0335,102599.861,102112.48,102360.4,0.017602364,10.0,102460.736873
2025-11-08 10:00:00+00:00,102335.635,102638.95,102238.75,102450.875,0.002689282,9.0,102401.411292
2025-11-08 11:00:00+00:00,102417.6575,102632.878,101715.39765625,101823.2395,0.001467066,4.0,102613.54626
2025-11-08 12:00:00+00:00,101823.74,102092.8395,101682.275,102012.5,0.001166475,5.0,101975.808811
2025-11-08 13:00:00+00:00,102028.886,102271.07,101694.1435,101748.38,0.005129179,8.0,102258.536608
2025-11-08 14:00:00+00:00,101789.226,102065.2225,101414.696,101834.3455,0.012039131,15.0,101785.958863
2025-11-08 15:00:00+00:00,101804.9065,101933.28,101386.945,101692.545,0.005683588,6.0,101497.871089
2025-11-08 16:00:00+00:00,101674.276,102030.87,101483.399,101839.747,0.021716887,28.0,101904.220894
2025-11-08 17:00:00+00:00,101817.8435,102884.174937592,101557.66,101989.75,0.043895026,10.0,101726.52619
2025-11-08 18:00:00+00:00,101956.471,102235.0,101800.9435,102104.252,0.008634016,9.0,102149.708873
2025-11-08 19:00:00+00:00,102118.536,102210.796,101497.158,101969.798,0.00233956,10.0,101845.529213
2025-11-08 20:00:00+00:00,101881.73,102233.65,101878.089,102041.3,0.011545371,55.0,102032.37694
2025-11-08 21:00:00+00:00,102053.14,102429.176,101966.68,102247.943,0.001013795,5.0,102195.34526
2025-11-08 22:00:00+00:00,102266.442,102413.915,102150.2,102374.2675,0.001200345,8.0,102325.864608
2025-11-08 23:00:00+00:00,102370.4315,102486.507,102240.01,102301.2,0.000474395,10.0,102441.766695
2025-11-09 00:00:00+00:00,102276.115,102386.095,101599.15,101793.5705,0.001391,9.0,102344.464311
2025-11-09 01:00:00+00:00,101766.8025,102160.438,101666.101,102041.336,0.000553854,5.0,101923.639211
2025-11-09 02:00:00+00:00,102016.485,102095.49,101573.004,101624.321,0.001589082,6.0,101931.12019
2025-11-09 03:00:00+00:00,101618.96,101875.881,101396.845,101637.516,0.018930341,16.0,101678.412038
2025-11-09 04:00:00+00:00,101626.08,102189.6,101614.745,101715.2065,0.008397093,17.0,101844.100623
2025-11-09 05:00:00+00:00,101632.128,102016.155,101632.128,101934.65,0.002104438,12.0,101709.019543
2025-11-09 06:00:00+00:00,101910.76,101986.91,101676.231,101730.55,0.006268476,9.0,101927.405488
2025-11-09 07:00:00+00:00,101707.2265,101994.90525664,101663.637,101921.10262832,0.005860797,14.0,101900.794563
2025-11-09 08:00:00+00:00,101917.14462832,102022.94162472,101798.505,101940.95581236,0.009363971,13.0,101955.87358
2025-11-09 09:00:00+00:00,101938.48681236,102046.250867185,101608.223,101658.189,0.00249032,8.0,101999.747776
2025-11-09 10:00:00+00:00,101636.5285,101925.9575,101484.524,101874.384,0.000902586,6.0,101753.509712
2025-11-09 11:00:00+00:00,101864.006,102208.308804715,101305.25313969,102182.858804715,0.004547116,10.0,102109.200309
2025-11-09 12:00:00+00:00,102166.477304715,102473.76,101305.25313969,102075.501,0.025925562,16.0,102194.353618
2025-11-09 13:00:00+00:00,102090.843,102952.26,102066.1915,102809.4055,0.067061497,20.0,102813.264317
2025-11-09 14:00:00+00:00,102810.55,104102.561121597,101685.0876846152,103005.95,0.029718175,55.0,103429.941487
2025-11-09 15:00:00+00:00,103032.545,104073.26648248,102939.9245,103767.8845,0.009695128,25.0,103601.469082
2025-11-09 16:00:00+00:00,103723.6,103958.17,103302.74,103833.17,0.002996529,14.0,103627.696389
2025-11-09 17:00:00+00:00,103928.54,103954.871,103317.0,103598.4,0.000758241,5.0,103835.450379
2025-11-09 18:00:00+00:00,103621.812,104582.58,103455.804,104512.595,0.040400074,20.0,104222.739816
2025-11-09 19:00:00+00:00,104478.75,104876.27,104113.7405,104753.923455785,0.154687822,26.0,104533.727941
2025-11-09 20:00:00+00:00,104763.373455785,105099.644,104337.6,104607.08,0.019025126,84.0,104628.00321
2025-11-09 21:00:00+00:00,104600.805,104790.998455785,104277.5,104505.681,0.001419632,6.0,104712.130017
2025-11-09 22:00:00+00:00,104501.575,104770.223455785,104078.8,104708.2,0.00037468,7.0,104471.51462
2025-11-09 23:00:00+00:00,104703.39,105450.05,104415.27,104693.41,0.055184672,26.0,104539.70252
2025-11-10 00:00:00+00:00,104683.7975,106587.7,104249.435,106278.2405,0.120075995,77.0,105550.669456
2025-11-10 01:00:00+00:00,106289.7285,106608.1,105676.635,105701.45,0.027547527,33.0,106082.308134
2025-11-10 02:00:00+00:00,105722.655,106101.193,105559.03,105979.845,1.20112766,15.0,105920.980591
2025-11-10 03:00:00+00:00,105978.585,106267.26406372,105817.79,106036.75,0.030508867,14.0,106043.794428
2025-11-10 04:00:00+00:00,106035.5855,106295.11,105743.7,106131.625,0.002001641,16.0,106095.466817
2025-11-10 05:00:00+00:00,106136.3295,106453.2013135,105974.7425,106073.513,0.013735513,24.0,106227.370121
2025-11-10 06:00:00+00:00,106067.8065,106320.404,105924.2,106188.675,0.060615354,6.0,106138.821578
2025-11-10 07:00:00+00:00,106216.305,106453.2013135,106135.93,106408.88565675,0.004105185,9.0,106373.29511
2025-11-10 08:00:00+00:00,106398.54515675,106451.99,105869.505,105928.3,0.010597105,6.0,106060.511067
2025-11-10 09:00:00+00:00,105952.6065,106571.89877102,105816.7045,106438.59938551,0.023441411,17.0,106346.984714
2025-11-10 10:00:00+00:00,106439.69,106529.83,105925.53,105982.08,0.501374636,16.0,106005.725519
2025-11-10 11:00:00+00:00,105983.491,106384.78,105927.2,106173.677,1.029490289,13.0,106052.977747
2025-11-10 12:00:00+00:00,106158.775,106273.14,105837.75,105942.0355,0.000916452,8.0,106070.064135
2025-11-10 13:00:00+00:00,105909.423,106571.89877102,105895.682,106484.47938551,0.064998321,13.0,106329.248074
2025-11-10 14:00:00+00:00,106497.34938551,106560.3,104646.954,104881.9575,0.091560649,27.0,105638.946797
2025-11-10 15:00:00+00:00,104855.7885,105649.9,104640.451,105081.9625,1.204368529,31.0,104906.119771
2025-11-10 16:00:00+00:00,105070.302,105437.9,104751.94,105161.91265,0.203539023,32.0,105216.687109
2025-11-10 17:00:00+00:00,105166.26265,105957.8,105137.38765,105929.28,0.054079237,42.0,105540.748322
2025-11-10 18:00:00+00:00,105930.1345,106114.73,105453.7665,105485.15,0.017025351,18.0,105982.679224
2025-11-10 19:00:00+00:00,105455.0775,106068.19,105415.58,105800.27,0.080990133,24.0,105727.839264
2025-11-10 20:00:00+00:00,105795.64,106283.271,105721.9,105986.0935,0.146432191,92.0,105921.278879
2025-11-10 21:00:00+00:00,105991.264,106017.398,105246.8305,105608.343,0.001812556,15.0,105422.200248
2025-11-10 22:00:00+00:00,105596.85,106121.1,105336.15,106049.795,0.004838124,6.0,105755.382829
2025-11-10 23:00:00+00:00,106039.156,106262.05,105844.35,105989.357,0.001851264,4.0,106101.325034
2025-11-11 00:00:00+00:00,105998.337,106132.5545,105487.545,106132.5545,0.000727544,3.0,105621.967738
2025-11-11 01:00:00+00:00,106091.2965,107487.98,106025.5202,106086.6005,0.004769045,15.0,106915.352301
2025-11-11 02:00:00+00:00,106076.495,107103.788,105565.527,106632.751,0.028820907,13.0,106440.1693
2025-11-11 03:00:00+00:00,106635.1115,107075.561,106325.677,106436.417,0.048181348,9.0,106832.191035
2025-11-11 04:00:00+00:00,106433.7845,106584.255,105672.1285,105738.061,0.004083951,13.0,106319.051368
2025-11-11 05:00:00+00:00,105733.9415,105845.0,105128.885,105216.0,0.001138588,10.0,105490.899673
2025-11-11 06:00:00+00:00,105207.5745,105364.06,104847.615,105244.7485,0.021116568,11.0,104927.825373
2025-11-11 07:00:00+00:00,105229.038,105308.46,104651.22,104754.91,0.010690859,8.0,105153.284979
2025-11-11 08:00:00+00:00,104776.7,105825.61,104657.1,105163.49,0.19614092,10.0,104910.426355
2025-11-11 09:00:00+00:00,105127.0565,105524.0,104832.4,104957.4315,0.110073401,12.0,105330.509524
2025-11-11 10:00:00+00:00,104957.63,105260.9,104894.625,105165.4285,0.00059,10.0,105198.732651
2025-11-11 11:00:00+00:00,105177.102,105575.547,105116.12,105323.75,0.136986062,12.0,105536.408721
2025-11-11 12:00:00+00:00,105320.721,105544.48,104382.8535,104549.5575,0.010719989,10.0,104679.988907
2025-11-11 13:00:00+00:00,104530.0845,104758.5,104215.3,104399.72,0.011563701,19.0,104515.823624
2025-11-11 14:00:00+00:00,104383.31,104672.575,103753.225,104552.785,0.414651897,23.0,104277.811437
2025-11-11 15:00:00+00:00,104553.37,104563.79,103153.12,103425.6645,0.36277199,16.0,103480.492456
2025-11-11 16:00:00+00:00,103437.965,103834.0916748765,103170.675,103380.6615,0.031939627,24.0,103597.671017
2025-11-11 17:00:00+00:00,103405.7875,103694.35,102811.05,103313.905,0.42869719,18.0,103116.431246
2025-11-11 18:00:00+00:00,103297.755,103584.7,103052.6795,103382.11,0.013521338,9.0,103360.367733
2025-11-11 19:00:00+00:00,103374.0655,103495.002,102858.9395,103123.142,0.022335697,9.0,103179.998156
2025-11-11 20:00:00+00:00,103104.435,103278.7,102634.3665,102791.374,0.024137431,54.0,102832.637417
2025-11-11 21:00:00+00:00,102762.673,103063.365,102384.9495,102594.75,0.136469626,11.0,102646.366935
2025-11-11 22:00:00+00:00,102590.001,103115.625,102392.558,102962.125,0.004294075,14.0,102812.092817
2025-11-11 23:00:00+00:00,102961.3565,103261.96,102752.442,103031.1335,0.00229267,16.0,102945.857365
2025-11-12 00:00:00+00:00,103021.448,103834.0916748765,102774.44,102848.072,0.445703867,10.0,103178.124545
2025-11-12 01:00:00+00:00,102852.499,103352.19,102633.76,103237.6275,0.00245659,12.0,103092.474264
2025-11-12 02:00:00+00:00,103196.325,103401.15,102882.2,103117.746,0.001451816,11.0,103068.608145
2025-11-12 03:00:00+00:00,103109.12,103483.0,103041.493,103279.59,0.001910516,13.0,103280.159242
2025-11-12 04:00:00+00:00,103287.3055,103443.485,102952.49,103248.9965,0.00164777,19.0,103158.491943
2025-11-12 05:00:00+00:00,103251.0575,103452.142,103185.55,103381.613,0.002028301,12.0,103356.974859
2025-11-12 06:00:00+00:00,103360.92,103729.156,103234.838,103350.5865,0.024515398,10.0,103250.28784
2025-11-12 07:00:00+00:00,103347.293,103556.95,103049.445,103097.122,0.004067725,9.0,103342.244821
2025-11-12 08:00:00+00:00,103125.91,104240.9,103104.4245,104137.355,0.001483286,5.0,103578.674352
2025-11-12 09:00:00+00:00,104153.4175,105071.026,104135.995,104509.6,0.000610669,12.0,104789.667508
2025-11-12 10:00:00+00:00,104501.675,105048.658,104494.7805,104901.95,0.341810149,17.0,104801.435281
2025-11-12 11:00:00+00:00,104871.39,105203.865,104731.555,105000.6535,0.000923608,4.0,105129.202045
2025-11-12 12:00:00+00:00,105034.6,105322.35,104797.995,104983.3,0.079347238,12.0,105041.401906
2025-11-12 13:00:00+00:00,105015.53,105250.0,104621.34,105053.6635,0.007299689,16.0,105014.404677
2025-11-12 14:00:00+00:00,105011.67,105036.9895,103594.772,103969.9535,0.01188555,22.0,104744.630776
2025-11-12 15:00:00+00:00,103996.855,104302.35,101970.443349753,102142.815,0.015062012,19.0,103377.635838
2025-11-12 16:00:00+00:00,102183.4435,103292.2197536945,101304.17,101434.076,0.169738932,37.0,101996.849731
2025-11-12 17:00:00+00:00,101428.2105,102195.8,101382.14,101748.65,0.041728532,16.0,101726.609055
2025-11-12 18:00:00+00:00,101764.42,102027.91,101401.15,101538.705,0.023371472,7.0,101850.597786
2025-11-12 19:00:00+00:00,101540.1765,101574.7455,100794.6825862065,101281.997,0.102686264,14.0,101258.79732
2025-11-12 20:00:00+00:00,101271.5785,101836.862,101116.2575,101530.55,0.071125934,51.0,101572.360625
2025-11-12 21:00:00+00:00,101521.755,101986.61,101476.97,101819.1335,0.044976012,42.0,101746.308201
2025-11-12 22:00:00+00:00,101834.045,102053.8275862065,101402.48,101971.2455,0.452191346,40.0,101854.878759
2025-11-12 23:00:00+00:00,101946.765,102032.39,101433.448,101628.102,0.013007126,20.0,101868.23317
2025-11-13 00:00:00+00:00,101645.771,102062.336,101402.13,101871.285,0.468558326,31.0,101683.616025
2025-11-13 01:00:00+00:00,101824.6155,102608.076,101767.428,101972.35,0.028716301,51.0,102183.741944
2025-11-13 02:00:00+00:00,102006.72,102389.625,101922.54,102034.2105,0.003772892,43.0,102156.631864
2025-11-13 03:00:00+00:00,102064.5,102589.62,100894.5975,102122.5,1.349992348,53.0,102148.40881
2025-11-13 04:00:00+00:00,102122.585,103193.6975862065,101640.025,102115.1835,0.025967446,46.0,102042.728221
2025-11-13 05:00:00+00:00,102085.555,103389.388,101767.5935,103117.85,0.028457713,42.0,102366.915666
2025-11-13 06:00:00+00:00,103125.585,103679.028,102049.8575862065,103563.385,0.037553663,46.0,103403.111857
2025-11-13 07:00:00+00:00,103616.075,104072.612,103301.195,103451.89,0.864530806,33.0,103486.218083
2025-11-13 08:00:00+00:00,103479.434,103803.995,103264.3165,103639.278,0.011784642,28.0,103672.168429
2025-11-13 09:00:00+00:00,103669.542,103733.185,102525.7,102813.75,0.008858251,9.0,102778.948561
2025-11-13 10:00:00+00:00,102814.33,103275.623,102753.193,102966.75,0.027651199,7.0,103119.125256
2025-11-13 11:00:00+00:00,102971.07,103199.53,102689.323,102921.57,0.001273152,7.0,103068.605522
2025-11-13 12:00:00+00:00,102919.617,103264.829,102708.0265,103142.445,0.0423715,11.0,103043.958956
2025-11-13 13:00:00+00:00,103130.3785,103587.7862561575,102115.89,102294.172,0.007998748,32.0,102665.874265
2025-11-13 14:00:00+00:00,102298.6,103587.7862561575,101477.832512315,102836.175,0.034032495,13.0,102498.439463
2025-11-13 15:00:00+00:00,102860.585,103937.510625,101154.19,101373.5745,0.013458187,54.0,101585.130993
2025-11-13 16:00:00+00:00,101336.75,103348.87,100492.610837438,100590.965418719,0.23139731,82.0,101129.268995
2025-11-13 17:00:00+00:00,100604.1555,100775.2715,99576.7445812805,99634.94,0.303293943,95.0,100188.524239
2025-11-13 18:00:00+00:00,99603.1545812805,100314.9926625615,98101.328325123,98548.73,1.69766498,154.0,98698.834043
2025-11-13 19:00:00+00:00,98566.8,99822.381825123,98295.4,98619.642,0.883679935,44.0,98836.452729
2025-11-13 20:00:00+00:00,98631.0415,99807.6035,98006.6,98084.9935,0.173252228,102.0,98275.105734
2025-11-13 21:00:00+00:00,98094.8,98894.41,98009.3655,98767.375,0.219148098,15.0,98556.114525
2025-11-13 22:00:00+00:00,98747.407,99915.83,98636.0625,99804.0615,0.007044451,16.0,99458.674508
2025-11-13 23:00:00+00:00,99808.293,101791.8781725885,99487.1,99596.376,0.025296636,21.0,99708.132856
2025-11-14 00:00:00+00:00,99632.4665,101791.8781725885,98680.75,98936.205,0.015440723,12.0,99063.762297
2025-11-14 01:00:00+00:00,98954.135,101791.8781725885,98642.48,99232.205,0.009446398,27.0,99349.930852
2025-11-14 02:00:00+00:00,99211.122,101791.8781725885,99198.95,99589.435,0.072034495,22.0,99736.462705
2025-11-14 03:00:00+00:00,99578.67,101806.6564977115,98751.402,99082.9855,0.042577462,19.0,99145.528472
2025-11-14 04:00:00+00:00,99095.77,101806.6564977115,96772.732610837,97797.5075,0.975137745,48.0,97449.968941
2025-11-14 05:00:00+00:00,97802.5,101142.3707834255,96994.1555,97497.1145,0.536798502,39.0,97570.756907
2025-11-14 06:00:00+00:00,97495.253,99350.492610837,95915.535,97505.2045,0.350132173,27.0,96748.352623
2025-11-14 07:00:00+00:00,97524.1185,97766.57,96801.8,97090.537,0.153829138,44.0,97245.325533
2025-11-14 08:00:00+00:00,97079.973,97452.443,96722.315,97326.3655,0.168995012,30.0,97069.707495
2025-11-14 09:00:00+00:00,97312.083,97571.5,96625.3395,96812.06,0.237704801,34.0,97335.725373
2025-11-14 10:00:00+00:00,96782.5,99350.0,96608.54,96716.465,0.076289039,14.0,96932.723391
2025-11-14 11:00:00+00:00,96682.1055,96906.75,95760.045,96145.345,0.179116649,38.0,96278.945345
2025-11-14 12:00:00+00:00,96133.4555,98245.0,94529.9775862065,95278.215,0.680367023,55.0,95636.80503
2025-11-14 13:00:00+00:00,95288.273,95634.4,94490.0,95160.2905,0.32847956,36.0,94870.679959
2025-11-14 14:00:00+00:00,95131.2015,98500.0,94845.8565,96464.329,0.346501176,52.0,95735.977537
2025-11-14 15:00:00+00:00,96474.18,98290.6403940885,95766.175,96726.6,1.307087399,58.0,96078.985713
2025-11-14 16:00:00+00:00,96732.63,98751.083743842,96114.403,96944.095,11.103635827,56.0,96392.143826
2025-11-14 17:00:00+00:00,96977.5205,98931.0344827585,95570.687743842,95794.3355,1.664140054,21.0,97024.274172
2025-11-14 18:00:00+00:00,95782.1085,98789.6009852215,94928.7935,95022.56,6.716126782,30.0,95849.071352
2025-11-14 19:00:00+00:00,95028.006,98290.6403940885,94714.3,95701.355,0.137919831,23.0,95491.344525
2025-11-14 20:00:00+00:00,95702.308,98245.0,94125.5125,94322.412,0.989316856,95.0,94942.132546
2025-11-14 21:00:00+00:00,94313.7015,95074.8845,94167.144975369,94959.778,0.082464558,15.0,94719.773273
2025-11-14 22:00:00+00:00,94970.1285,95512.8,94599.1355,95111.736,0.410127614,15.0,95310.67629
2025-11-14 23:00:00+00:00,95095.45,98044.334975369,93954.4425,94500.87,0.506129417,11.0,94031.201162
2025-11-15 00:00:00+00:00,94515.835,95379.01,94477.5075,95082.5855,0.003108302,17.0,95077.414638
2025-11-15 01:00:00+00:00,95059.922,97896.5517241375,94605.96,95594.06,0.013211775,16.0,95215.369083
2025-11-15 02:00:00+00:00,95574.295,96419.6845,95288.164,96396.9155,0.011871847,26.0,95745.853876
2025-11-15 03:00:00+00:00,96376.1565,96768.635,96051.1205,96339.272,0.013233881,31.0,96369.823203
2025-11-15 04:00:00+00:00,96348.52,96466.0095,95860.5,96040.864,0.058192224,16.0,96237.525887
2025-11-15 05:00:00+00:00,96048.8685,96383.2345,95830.185,96310.85,0.152657358,24.0,95991.987385
2025-11-15 06:00:00+00:00,96291.15,96581.92,95883.0,96054.0945,0.077290243,17.0,96241.667525
2025-11-15 07:00:00+00:00,96038.875,96375.357,95905.3325,96292.1675,0.016663073,8.0,96148.911366
2025-11-15 08:00:00+00:00,96277.2,97896.5517241375,95574.9795,95827.2115,0.129860443,12.0,95945.868076
2025-11-15 09:00:00+00:00,95851.465,96106.5,95590.1135,95727.96,0.016761599,11.0,95872.204288
2025-11-15 10:00:00+00:00,95758.4715,96028.673,95521.15,95893.41,0.083474127,8.0,95752.272075
2025-11-15 11:00:00+00:00,95910.833,95996.47,95563.71,95628.211,0.018001772,9.0,95872.033172
2025-11-15 12:00:00+00:00,95606.609,95843.048,95514.109,95754.264,0.045447427,10.0,95733.857358
2025-11-15 13:00:00+00:00,95736.355,96332.93,95602.06,96296.85,0.011150591,11.0,95974.484158
2025-11-15 14:00:00+00:00,96326.4,96451.038,95965.3935,96182.5265,0.13335374,19.0,96254.058239
2025-11-15 15:00:00+00:00,96181.244,96439.744,96058.365,96197.5,0.120591988,21.0,96338.253734
2025-11-15 16:00:00+00:00,96206.3905,98231.4213197965,95661.9655,96099.068,0.02114635,19.0,96006.288275
2025-11-15 17:00:00+00:00,96099.4275,96348.955,95776.6,96157.9085,0.122672897,7.0,96115.204665
2025-11-15 18:00:00+00:00,96198.05,96293.186,95888.8,96021.06832,0.053158544,9.0,96209.987807
2025-11-15 19:00:00+00:00,96025.44832,96156.53,95839.6,95962.68,0.112315041,14.0,95996.222321
2025-11-15 20:00:00+00:00,95940.1665,95974.4035,95063.73,95236.605,0.332141302,60.0,95231.975153
2025-11-15 21:00:00+00:00,95197.185,95625.131,95051.606,95218.037,0.005726066,7.0,95548.084487
2025-11-15 22:00:00+00:00,95299.5,95625.455,95161.347,95550.675,0.008962814,15.0,95391.978191
2025-11-15 23:00:00+00:00,95551.47,95700.9,95423.332,95530.08,0.000579278,6.0,95608.293068
2025-11-16 00:00:00+00:00,95626.1,95664.82,95135.8395,95315.79,0.004557616,11.0,95424.045039
2025-11-16 01:00:00+00:00,95298.781,98170.935960591,94724.861,95215.461,0.054373573,25.0,94999.954126
2025-11-16 02:00:00+00:00,95217.28,95936.13,95029.05,95908.636,0.01894496,11.0,95679.042797
2025-11-16 03:00:00+00:00,95942.829,95942.829,95534.92,95749.1215,0.075254726,13.0,95815.273885
2025-11-16 04:00:00+00:00,95772.68,95937.372,95548.73,95773.5425,0.016521615,20.0,95800.254369
2025-11-16 05:00:00+00:00,95772.6125,96126.745,95675.425,95843.1535,0.024828636,15.0,95933.036683
2025-11-16 06:00:00+00:00,95809.005,96059.9,95632.5,95759.205,0.013812209,14.0,95897.886048
2025-11-16 07:00:00+00:00,95769.376,96034.64,95635.256,96009.739,0.01269336,17.0,95851.324806
2025-11-16 08:00:00+00:00,96032.26,96148.3835,95725.867,96050.104,0.014629636,18.0,96016.51749
2025-11-16 09:00:00+00:00,96076.976,96564.18,94581.280788177,96552.95,0.241953027,13.0,96106.368938
2025-11-16 10:00:00+00:00,96567.4865,96641.3,96219.86,96384.4325,0.169311416,26.0,96590.054451
2025-11-16 11:00:00+00:00,96370.075,96447.7,95436.4,95583.152,0.005560978,15.0,95708.618533
2025-11-16 12:00:00+00:00,95560.6265,95849.495,95366.525,95703.4,0.03781267,11.0,95674.958442
2025-11-16 13:00:00+00:00,95695.1755,95944.4007940885,95048.21,95386.85,0.127744949,13.0,95335.342242
2025-11-16 14:00:00+00:00,95372.25,95629.71,95250.32,95487.942,0.043291286,12.0,95397.646705
2025-11-16 15:00:00+00:00,95486.88,95944.4007940885,94365.335960591,94495.086,0.015257821,11.0,95078.405954
2025-11-16 16:00:00+00:00,94528.0735,95824.696360591,93981.615,94150.56,0.425342509,26.0,94206.753896
2025-11-16 17:00:00+00:00,94162.05,95678.2604,93802.6367241375,94298.9755,0.101349639,22.0,94314.463078
2025-11-16 18:00:00+00:00,94306.21,95553.7604,93793.103448275,93979.683,0.0611721,20.0,94826.422338
2025-11-16 19:00:00+00:00,93996.255,95580.292259,93910.600859,93992.259,0.016966099,11.0,94257.205145
2025-11-16 20:00:00+00:00,93974.4285,95580.292259,93893.167,94052.559,0.099692879,66.0,94167.974384
2025-11-16 21:00:00+00:00,94064.667,95431.592912315,93307.9,93462.775,0.468236792,36.0,93644.513031
2025-11-16 22:00:00+00:00,93436.045,94439.4765,93018.163054187,94104.36,0.009767701,11.0,93730.281592
2025-11-16 23:00:00+00:00,94128.2875,95156.223454187,93004.926108374,94176.7615,0.652078756,19.0,94032.136396
2025-11-17 00:00:00+00:00,94274.87,95334.2105,93690.066,95259.55,0.643809206,8.0,94295.916518
2025-11-17 01:00:00+00:00,95250.143,95452.061,94048.160253187,94700.66,0.000623107,11.0,95208.384558
2025-11-17 02:00:00+00:00,94724.77,95363.2975,94048.160253187,94910.2725,0.000366478,8.0,95056.02703
2025-11-17 03:00:00+00:00,94886.061,95512.7,94842.1,95424.28,0.027544902,21.0,95399.135152
2025-11-17 04:00:00+00:00,95455.14,95586.986,94814.3075,95035.555,0.063494281,17.0,95101.780423
2025-11-17 05:00:00+00:00,95016.4195,95202.25,94828.5895,95054.5,0.00861897,13.0,95139.718655
2025-11-17 06:00:00+00:00,95087.3595,95288.035,94786.4,95222.6385,0.062686175,16.0,94975.565044
2025-11-17 07:00:00+00:00,95227.109,95825.325,95136.65,95604.719,0.017807478,9.0,95538.497831
2025-11-17 08:00:00+00:00,95601.925,96453.1604,95445.2275,95567.275,0.061393914,21.0,95788.671182
2025-11-17 09:00:00+00:00,95562.904,95845.1,95239.6915,95585.5625,0.20163401,18.0,95750.823165
2025-11-17 10:00:00+00:00,95592.0035,95860.36,95436.73,95564.196,0.073921651,15.0,95735.794535
2025-11-17 11:00:00+00:00,95588.645,95870.898,95317.745,95507.2015,0.005793671,7.0,95766.002656
2025-11-17 12:00:00+00:00,95495.9975,95536.2,95187.8595,95235.4085,0.316347666,9.0,95226.111485
2025-11-17 13:00:00+00:00,95265.34,95451.78995665,93487.075,93900.505,0.741809686,25.0,95114.074117
2025-11-17 14:00:00+00:00,93857.9035,95951.229,93669.725,94679.885,0.09100055,43.0,94915.876847
2025-11-17 15:00:00+00:00,94695.125,95806.82,93706.875,93848.865,0.16848407,21.0,94229.84353
2025-11-17 16:00:00+00:00,93887.593,94343.02,93019.563054187,94243.3,0.053997941,40.0,93728.696668
2025-11-17 17:00:00+00:00,94209.323,94307.0925,92568.2665,92694.691,0.650559506,34.0,92806.355074
2025-11-17 18:00:00+00:00,92682.7,93683.0983004925,92324.2505,92463.385,0.218735269,23.0,92602.38087
2025-11-17 19:00:00+00:00,92446.925,93315.710049261,91474.2515,91541.4085,0.327976154,37.0,91919.851809
2025-11-17 20:00:00+00:00,91543.924,92201.15,91240.938546798,91874.3,0.49197503,102.0,91905.454342
2025-11-17 21:00:00+00:00,91860.3135,92140.4,91369.54,91830.901,0.60797152,21.0,92044.517767
2025-11-17 22:00:00+00:00,91840.21,92311.3365,91652.17,92127.436,0.708349271,10.0,92149.04386
2025-11-17 23:00:00+00:00,92141.91,92199.458,91665.13,92107.35,0.069116353,17.0,91952.574883
2025-11-18 00:00:00+00:00,92115.24,92341.81,91106.165,92038.545,0.847778214,31.0,91388.327748
2025-11-18 01:00:00+00:00,92067.6,92125.9,91486.365,91642.758,0.207102772,26.0,91972.256275
2025-11-18 02:00:00+00:00,91622.23,91773.29637931,90655.5970443345,90736.6325,0.737898104,27.0,91065.879986
2025-11-18 03:00:00+00:00,90763.894,91393.130925,89668.7917068965,90735.45,0.230122432,53.0,90190.235217
2025-11-18 04:00:00+00:00,90740.555,90766.6,89192.89,89976.3405,2.137183929,36.0,89477.529082
2025-11-18 05:00:00+00:00,89956.453,90384.415,89615.85,90121.542,0.667469872,23.0,90100.770277
2025-11-18 06:00:00+00:00,90128.09,90164.6,89266.7,89539.35,0.146477556,35.0,89554.397737
2025-11-18 07:00:00+00:00,89553.055,90469.48,89244.644,90400.1,0.173788604,34.0,89956.733256
2025-11-18 08:00:00+00:00,90419.17,93917.5756727142,90380.227,91105.294,2.209262466,39.0,90873.826173
2025-11-18 09:00:00+00:00,91123.985,91391.55,90779.048,91285.2255,0.115262159,19.0,91208.710447
2025-11-18 10:00:00+00:00,91304.355,91552.7,91134.946,91477.095,0.069593471,13.0,91423.064142
2025-11-18 11:00:00+00:00,91471.0555,91607.38,91135.86,91432.2255,0.037197441,25.0,91526.415026
2025-11-18 12:00:00+00:00,91397.965,91778.6185,90997.6665,91423.9,0.1070554,28.0,91352.972408
2025-11-18 13:00:00+00:00,91432.97,91622.42,90806.9755,91362.335,0.815243023,29.0,90940.89162
2025-11-18 14:00:00+00:00,91383.7955,93954.253010837,91064.7702727142,91260.186,0.950514244,27.0,91593.141214
2025-11-18 15:00:00+00:00,91266.223,94091.4404,90916.342,92833.13,0.556692262,32.0,92402.568821
2025-11-18 16:00:00+00:00,92846.235,94091.4404,92143.995,93443.1185,0.875266722,36.0,93282.00597
2025-11-18 17:00:00+00:00,93459.095,93611.809,92749.2,93225.25,0.085431533,28.0,93398.737034
2025-11-18 18:00:00+00:00,93226.4,93717.75,93089.275,93349.965,0.028488953,9.0,93404.156849
2025-11-18 19:00:00+00:00,93329.89,93567.1,92935.51,93134.3755,0.087352674,19.0,93315.873812
2025-11-18 20:00:00+00:00,93145.2645,93362.21,92591.1,92745.38,0.318929472,87.0,92772.228461
2025-11-18 21:00:00+00:00,92753.863,93064.4,92394.494,92446.74,0.088691683,11.0,92757.639237
2025-11-18 22:00:00+00:00,92455.905,93384.89,92328.12,93119.4775,0.055748706,10.0,92871.319647
2025-11-18 23:00:00+00:00,93144.19,93144.19,92463.737881773,92944.656,0.001147,8.0,92932.245859
2025-11-19 00:00:00+00:00,92930.525,92959.67,91924.0305,92388.655,0.833246551,39.0,92244.438979
2025-11-19 01:00:00+00:00,92381.645,92615.755,91882.325,92380.4015,0.00502085,24.0,92363.652361
2025-11-19 02:00:00+00:00,92399.25,92814.3665,92217.83,92519.815,0.014207768,14.0,92659.836755
2025-11-19 03:00:00+00:00,92515.6055,92577.9305,91625.615763546,91835.163,0.01311111,14.0,91908.59479
2025-11-19 04:00:00+00:00,91814.5495,92161.497881773,91175.5353448275,91183.4783448275,0.03630653,17.0,91585.150619
2025-11-19 05:00:00+00:00,91173.9003448275,91213.377,89932.2,90406.25,2.191357091,46.0,90047.082657
2025-11-19 06:00:00+00:00,90372.09,91115.06,90145.621,90835.107,6.358774202,44.0,90781.959708
2025-11-19 07:00:00+00:00,90832.5,92028.681,90805.64,91820.73,1.992458747,27.0,90877.54875
2025-11-19 08:00:00+00:00,91808.067,91952.3,91260.4,91447.455,0.063753747,31.0,91732.559866
2025-11-19 09:00:00+00:00,91395.585,93798.8104,91004.788,91466.026,0.099778778,10.0,91298.395062
2025-11-19 10:00:00+00:00,91462.724,91661.2855,91170.985,91250.9075,0.787798301,16.0,91279.546809
2025-11-19 11:00:00+00:00,91258.275,91718.34,91199.36,91330.982,0.026011295,18.0,91539.819713
2025-11-19 12:00:00+00:00,91343.366,91909.15,91150.8975,91714.84,0.00563567,10.0,91334.169381
2025-11-19 13:00:00+00:00,91716.8205,91855.05,91183.98,91340.48,1.025965771,24.0,91731.517696
2025-11-19 14:00:00+00:00,91354.1305,94073.1754,90980.599,91660.3895,0.185944697,32.0,91382.174596
2025-11-19 15:00:00+00:00,91675.8425,92345.455,89740.36,89889.45,0.410586856,37.0,91571.225709
2025-11-19 16:00:00+00:00,89877.957,90783.668866995,89363.9085,89813.1265,0.803311934,42.0,90115.1525
2025-11-19 17:00:00+00:00,89820.125,90489.4164532015,88824.2224532015,89417.4125,0.420233254,40.0,89365.231632
2025-11-19 18:00:00+00:00,89415.062,89710.4,88720.677869458,89134.1665,0.330404055,42.0,89252.299503
2025-11-19 19:00:00+00:00,89145.151,89461.719285714,88590.509285714,88786.0985,1.851991189,45.0,88896.998374
2025-11-19 20:00:00+00:00,88795.745,89593.358,88574.9,89456.665,0.662327215,76.0,88609.550536
2025-11-19 21:00:00+00:00,89441.695,91000.187614213,89355.435,90526.2335,0.885822341,14.0,89813.101156
2025-11-19 22:00:00+00:00,90493.384,90602.085,90005.218,90406.1995,0.055373024,13.0,90391.455107
2025-11-19 23:00:00+00:00,90411.95,91692.047614213,90381.1015,91471.2875,0.124333797,18.0,90994.738111
2025-11-20 00:00:00+00:00,91491.9565,92274.759,91068.2,91806.57,0.053168218,18.0,91345.056222
2025-11-20 01:00:00+00:00,91793.57,92687.6,91728.55,92521.9165,2.043934777,29.0,92495.797881
2025-11-20 02:00:00+00:00,92512.22,92762.686,92232.065,92503.556,0.067944417,18.0,92433.666671
2025-11-20 03:00:00+00:00,92534.32,92757.8,92261.48,92388.642,0.516919099,76.0,92333.613757
2025-11-20 04:00:00+00:00,92378.31,92928.8,92024.82,92883.11,0.01772186,27.0,92377.313508
2025-11-20 05:00:00+00:00,92905.935,93095.395,92453.3,92570.855,0.023085188,43.0,92686.320918
2025-11-20 06:00:00+00:00,92550.345,92812.989,91567.32,91916.7615,20.245168885,50.0,91858.297155
2025-11-20 07:00:00+00:00,91930.028,92404.4,91710.4,92240.1915,0.386022318,23.0,91998.368282
2025-11-20 08:00:00+00:00,92253.7395,92766.107614213,91932.59,92052.3855,0.018613054,77.0,92247.498413
2025-11-20 09:00:00+00:00,92043.77,92469.8504867063,91348.8885,91827.605,0.059489388,10.0,91572.497021
2025-11-20 10:00:00+00:00,91838.005,91972.885,91514.357,91713.527,0.002059634,6.0,91807.413781
2025-11-20 11:00:00+00:00,91724.242,91957.8,91394.5505,91843.75,0.003771338,10.0,91593.437291
2025-11-20 12:00:00+00:00,91832.37,91996.725,91538.5,91762.1065,0.040295658,17.0,91721.562188
2025-11-20 13:00:00+00:00,91743.567,92425.8,91200.507614213,91453.5,0.59196581,22.0,91716.271668
2025-11-20 14:00:00+00:00,91458.7285,93153.7604,90382.165,91019.65,0.079157276,22.0,91216.572328
2025-11-20 15:00:00+00:00,90994.81,93153.7604,89728.24,89772.31,0.073805038,25.0,90440.521322
2025-11-20 16:00:00+00:00,89743.155,93153.7604,87452.93682266,87775.25,1.896786957,80.0,88708.004715
2025-11-20 17:00:00+00:00,87794.865,92249.8195133,86302.048275862,87136.593,1.034029776,78.0,86956.555649
2025-11-20 18:00:00+00:00,87143.048,91757.208675862,86254.465275862,86385.0425,0.140187425,40.0,86992.851884
2025-11-20 19:00:00+00:00,86352.526,87049.928,85981.945,86802.155,2.514412678,45.0,86719.5265
2025-11-20 20:00:00+00:00,86800.637,91510.9032571425,86200.185,86349.715,0.709659252,98.0,86491.769421
2025-11-20 21:00:00+00:00,86342.048,91510.9032571425,86288.335,87158.25,0.08248882,21.0,86850.65244
2025-11-20 22:00:00+00:00,87166.585,91510.9032571425,87065.3,87986.365,0.029444059,23.0,87843.341835
2025-11-20 23:00:00+00:00,87934.794,92003.514094581,86450.028,86531.3125,0.16516579,16.0,86927.845676
2025-11-21 00:00:00+00:00,86534.373,87402.735,86477.845,87171.865,0.425311019,10.0,87140.810277
2025-11-21 01:00:00+00:00,87195.3055,87397.44,86738.895,86953.7,0.106542388,22.0,87232.370632
2025-11-21 02:00:00+00:00,86955.268,89606.418944262,85248.305,85361.03,0.173515374,23.0,85793.691975
2025-11-21 03:00:00+00:00,85355.653,89261.591358055,85340.2005,85701.1045,2.463623621,22.0,85516.325742
2025-11-21 04:00:00+00:00,85715.485,86037.7255,85296.06,85940.6435,0.040402059,15.0,85870.471178
2025-11-21 05:00:00+00:00,85938.3925,89689.5287243859,85709.804,86108.2075,0.762577621,35.0,85865.503866
2025-11-21 06:00:00+00:00,86084.12,86163.02,85432.6785,85467.952,0.071259284,27.0,85844.885186
2025-11-21 07:00:00+00:00,85483.658,89175.3844615035,81000.0,83931.123,1.249897093,95.0,83802.753163
2025-11-21 08:00:00+00:00,83930.27,88079.8179590405,83472.529,83545.31,0.472594996,62.0,84229.073877
2025-11-21 09:00:00+00:00,83532.746,83887.458,82034.4285,82108.3405,0.390264186,67.0,82829.52234
2025-11-21 10:00:00+00:00,82114.233,82808.6,81562.481,82575.855,0.655634351,64.0,82252.625685
2025-11-21 11:00:00+00:00,82580.875,83291.287,82090.0685,82201.1085,0.392282784,42.0,82490.516144
2025-11-21 12:00:00+00:00,82204.598,83579.3,80527.97,83159.2,1.586799852,53.0,81646.33671
2025-11-21 13:00:00+00:00,83185.741,87784.2514565775,82276.3043523897,84027.35,0.427211965,46.0,83721.907072
2025-11-21 14:00:00+00:00,84013.685,88727.144332963,82949.024926108,84755.3785,0.39809946,45.0,84095.978618
2025-11-21 15:00:00+00:00,84750.2,88727.144332963,82655.36,82852.061,0.350896723,42.0,83913.685165
2025-11-21 16:00:00+00:00,82841.001,84856.425,82286.163926108,84817.15,0.238073428,45.0,83605.190411
2025-11-21 17:00:00+00:00,84832.0015,88326.1233777595,84516.0,84811.765,0.284549599,34.0,85024.808988
2025-11-21 18:00:00+00:00,84825.2455,88720.707673963,83278.7392635465,84507.595,0.414912949,27.0,84214.469682
2025-11-21 19:00:00+00:00,84499.476,84981.0,84022.789,84142.85,0.135204912,13.0,84431.161356
2025-11-21 20:00:00+00:00,84148.421,88326.1233777595,83394.81,84511.7925,0.483142077,80.0,84053.584343
2025-11-21 21:00:00+00:00,84482.3,85373.437,84294.107,85133.51,0.350681982,21.0,85094.8448
2025-11-21 22:00:00+00:00,85141.88,85400.9,84208.75,84217.924,0.082196852,18.0,85008.209286
2025-11-21 23:00:00+00:00,84222.05,85314.47,84044.625,85102.8455,0.054230073,15.0,84660.193103
2025-11-22 00:00:00+00:00,85084.1855,85566.975,84512.025,84697.15,0.020758947,11.0,84943.538357
2025-11-22 01:00:00+00:00,84679.165,85198.0,84532.865,85105.375,0.042425633,12.0,84843.471967
2025-11-22 02:00:00+00:00,85113.195,85162.085,84180.084,84472.139,0.045588684,20.0,84607.515971
2025-11-22 03:00:00+00:00,84472.98,84568.8125,84141.44,84391.79,0.017026986,18.0,84367.583127
2025-11-22 04:00:00+00:00,84409.564,84546.83,83772.8085,84176.7575,0.07211033,15.0,84163.42363
2025-11-22 05:00:00+00:00,84187.4195,84334.7,83754.587,84211.5165,0.084728074,22.0,84034.560098
2025-11-22 06:00:00+00:00,84202.88,84747.755,84024.278,84589.278,0.077132352,12.0,84515.432505
2025-11-22 07:00:00+00:00,84570.02,84638.632,84344.1115,84525.9,0.176098284,16.0,84633.424584
2025-11-22 08:00:00+00:00,84545.357,84570.02,83675.6157635465,83966.879,0.145354849,25.0,84168.822843
2025-11-22 09:00:00+00:00,83979.425,88326.1233777595,83794.8435,83867.074,0.098413398,21.0,84034.277001
2025-11-22 10:00:00+00:00,83887.0165,84193.8,83443.25,83658.75,0.276764032,15.0,83937.396285
2025-11-22 11:00:00+00:00,83665.37,84293.9,83576.655,84041.45,0.487777771,18.0,84065.8735
2025-11-22 12:00:00+00:00,84042.97,84182.6,83578.739,83836.85,0.074310264,20.0,83771.494154
2025-11-22 13:00:00+00:00,83826.948,84181.43,83609.83,83915.377,0.15625421,23.0,83991.232543
2025-11-22 14:00:00+00:00,83888.573,84720.55,83888.573,84441.3675,0.006321083,10.0,84553.796657
2025-11-22 15:00:00+00:00,84444.0305,84528.1855,83965.2655,84241.2115,0.029885108,14.0,84169.50716
2025-11-22 16:00:00+00:00,84241.5335,88326.1233777595,84108.83,84659.165,0.12440823,27.0,84477.825545
2025-11-22 17:00:00+00:00,84642.2735,84704.2,84361.22,84507.78,0.680511135,25.0,84592.633504
2025-11-22 18:00:00+00:00,84493.785,84707.87,84397.4,84623.837,0.017129318,11.0,84653.033341
2025-11-22 19:00:00+00:00,84626.1425,84763.8715,84449.548,84544.096,0.022300117,9.0,84639.819471
2025-11-22 20:00:00+00:00,84572.79,84813.9,84195.68,84446.5825,0.917849615,35.0,84228.091019
2025-11-22 21:00:00+00:00,84426.55,84477.05,84152.4,84376.0415,0.063612541,11.0,84348.869303
2025-11-22 22:00:00+00:00,84353.9725,88326.1233777595,84224.95,85036.055,0.028526765,13.0,84491.018691
2025-11-22 23:00:00+00:00,85030.304,85145.7665,84574.99,84686.9,0.009845982,8.0,85088.093933
2025-11-23 00:00:00+00:00,84698.415,85295.73,84621.731,84913.0405,0.035682419,19.0,85038.403657
2025-11-23 01:00:00+00:00,84932.114,86082.941,84907.7875,85838.555,1.706889314,15.0,85842.71681
2025-11-23 02:00:00+00:00,85849.1705,86324.191,85641.3,85962.9965,0.102315225,12.0,85918.797495
2025-11-23 03:00:00+00:00,85948.6935,86277.1565,85771.2,86277.1565,0.04515155,16.0,86104.282262
2025-11-23 04:00:00+00:00,86295.229,89034.0051511585,86105.738,86511.124,0.039857053,10.0,86348.767806
2025-11-23 05:00:00+00:00,86527.368,86585.129,85951.79,86308.2525,0.019105329,21.0,86241.644702
2025-11-23 06:00:00+00:00,86337.984,86472.15,85819.0545,85824.69,0.033816094,11.0,86109.043941
2025-11-23 07:00:00+00:00,85840.15,89065.039633917,85370.665,85730.5,0.040811178,17.0,85763.855582
2025-11-23 08:00:00+00:00,85726.8785,86158.1,85724.885,86102.9015,0.165029457,26.0,86032.770462
2025-11-23 09:00:00+00:00,86088.395,86436.414,86032.89,86371.888,0.201494047,22.0,86291.170395
2025-11-23 10:00:00+00:00,86364.097,86435.28,86012.353,86022.8,0.079466143,20.0,86285.2787
2025-11-23 11:00:00+00:00,86010.33,86386.2775,85795.5528571425,86284.717,0.040338265,14.0,86034.746499
2025-11-23 12:00:00+00:00,86284.915,86895.98,86226.302,86485.577,0.142226078,21.0,86496.049236
2025-11-23 13:00:00+00:00,86496.624,86901.793,86281.1245,86882.305,0.024231356,9.0,86524.425273
2025-11-23 14:00:00+00:00,86894.231,90165.3625169692,86431.785,86500.276,0.099413193,24.0,86789.41043
2025-11-23 15:00:00+00:00,86525.61,87209.01,86401.3,87052.1,0.049601649,16.0,86950.231437
2025-11-23 16:00:00+00:00,87048.885,90143.9110712517,86635.646,86645.88,0.397275988,33.0,87147.273175
2025-11-23 17:00:00+00:00,86663.7675,86933.875,86469.305,86734.505,0.062684878,7.0,86799.261133
2025-11-23 18:00:00+00:00,86722.057,87238.08,86695.426,86977.315,4.607590757,18.0,87138.748999
2025-11-23 19:00:00+00:00,86987.1,87745.84,86857.6,87286.1245,0.030155904,18.0,87457.581847
2025-11-23 20:00:00+00:00,87301.25,87767.06,87226.55,87461.825,0.053437228,64.0,87549.780522
2025-11-23 21:00:00+00:00,87474.1755,88029.7844741169,87223.963,88007.7944741169,0.026454001,10.0,87458.633347
2025-11-23 22:00:00+00:00,88023.4844741169,88127.942,87524.2825,88002.718,0.070723445,16.0,87868.250368
2025-11-23 23:00:00+00:00,88013.7215,88104.302,86694.1,86824.1,0.182544837,22.0,87184.139464
2025-11-24 00:00:00+00:00,86925.1,87197.441,85914.7,86772.7146875,13.732181766,37.0,86284.36471
2025-11-24 01:00:00+00:00,86759.3746875,87057.835,86368.39,87036.768,0.007362526,10.0,86750.924233
2025-11-24 02:00:00+00:00,87036.25,89459.128303868,86983.2285,87507.965,0.036618229,20.0,87547.353461
2025-11-24 03:00:00+00:00,87493.7385,87772.8885,87163.5785965504,87429.65,0.012961367,10.0,87638.112733
2025-11-24 04:00:00+00:00,87428.405,87577.21,86400.58,86690.5,0.050204931,9.0,86940.248257
2025-11-24 05:00:00+00:00,86684.785,89459.128303868,86624.95,87432.589,0.264321748,19.0,87532.988301
2025-11-24 06:00:00+00:00,87440.693,89459.128303868,86758.686,86869.4915,0.031733374,13.0,87127.039508
2025-11-24 07:00:00+00:00,86868.2605,87350.497,86648.5965,87026.78,0.016564438,16.0,86960.229081
2025-11-24 08:00:00+00:00,86997.545,87020.63,86640.744,86923.247,0.045298262,13.0,86861.805348
2025-11-24 09:00:00+00:00,86922.4075,86951.418,85774.695,85897.9545,0.007992355,11.0,86448.544649
2025-11-24 10:00:00+00:00,85913.545,86158.365,85589.389,85998.65,3.545097231,13.0,85717.27229
2025-11-24 11:00:00+00:00,86002.293,86387.875,85783.095,86224.45,0.034126782,8.0,86126.455128
2025-11-24 12:00:00+00:00,86210.9025,86294.955,85833.3,85949.387,0.022455452,15.0,86094.885512
2025-11-24 13:00:00+00:00,85963.675,86541.642,85888.95,86104.742,0.068976773,18.0,86111.585534
2025-11-24 14:00:00+00:00,86107.61,89459.128303868,85212.665,86101.665,1.307814337,40.0,86141.415197
2025-11-24 15:00:00+00:00,86091.96,89134.0051511585,85857.632,86565.165,0.415826419,39.0,86287.196911
2025-11-24 16:00:00+00:00,86569.14,90050.261308794,86568.15,87134.64,0.164762549,35.0,87112.36916
2025-11-24 17:00:00+00:00,87129.42,90050.261308794,86846.6,88356.005,0.1643669,23.0,87090.346172
2025-11-24 18:00:00+00:00,88359.815,89065.039633917,88165.0155,88685.549,0.339493731,38.0,88520.235153
2025-11-24 19:00:00+00:00,88704.06,89557.6504713555,88098.125,88320.76,0.265975834,25.0,88787.442893
2025-11-24 20:00:00+00:00,88316.7,89289.8,88316.7,89069.625,0.16485418,94.0,89001.337082
2025-11-24 21:00:00+00:00,89063.4,89234.3,88677.3997081412,88759.850369458,2.221545651,26.0,88997.00505
2025-11-24 22:00:00+00:00,88747.045369458,89091.171,88568.454,88620.2375,0.11540883,20.0,88681.255267
2025-11-24 23:00:00+00:00,88611.326,88714.489,88220.831,88290.289,0.010652128,7.0,88303.269083
2025-11-25 00:00:00+00:00,88269.71,88320.78,87833.21,88084.17,0.073526743,24.0,88227.610709
2025-11-25 01:00:00+00:00,88069.0,90444.349978745,87688.3105,87721.4945,0.002143996,14.0,88061.906638
2025-11-25 02:00:00+00:00,87706.6015,87961.369,87497.766364532,87865.9,0.017600723,26.0,87677.736738
2025-11-25 03:00:00+00:00,87884.615,88008.92,87547.74,87799.1655,0.084466438,25.0,87752.80645
2025-11-25 04:00:00+00:00,87804.3325,90436.393984532,87754.3945,88306.7545,0.068284549,29.0,88268.058485
2025-11-25 05:00:00+00:00,88304.54,88329.5135,87903.59,88079.91,0.001578151,6.0,88267.561132
2025-11-25 06:00:00+00:00,88095.54,88190.0,87762.57,87976.995,0.281214605,21.0,88108.430922
2025-11-25 07:00:00+00:00,87983.4,88117.59,87301.9,87371.6475,0.115399066,20.0,87833.023144
2025-11-25 08:00:00+00:00,87396.58,87649.8,86975.3515,87002.495,0.040755454,27.0,87446.178991
2025-11-25 09:00:00+00:00,87005.1205,87310.396,86727.8250246305,87211.1475,0.087023063,20.0,86990.524016
2025-11-25 10:00:00+00:00,87236.389,87424.0795,86918.878,87411.6175,0.072406951,18.0,87275.434652
2025-11-25 11:00:00+00:00,87401.7105,87560.657,87283.4395,87343.124,0.061076378,12.0,87466.73431
2025-11-25 12:00:00+00:00,87353.4905,87769.33,87353.4905,87506.0335,0.027826386,18.0,87523.976936
2025-11-25 13:00:00+00:00,87499.75,87731.1,86838.49,87060.422,0.27171463,28.0,87533.922592
2025-11-25 14:00:00+00:00,87052.325,90050.261308794,86084.597608374,86722.53,0.15863534,33.0,86957.589451
2025-11-25 15:00:00+00:00,86709.12,87325.88,86159.8,86951.9,0.272421172,31.0,86583.709728
2025-11-25 16:00:00+00:00,86935.847,87311.37,86678.7,87077.285,0.042936067,17.0,87047.467124
2025-11-25 17:00:00+00:00,87057.7145,88114.195,86987.4,87592.7795,0.017027713,11.0,87814.264254
2025-11-25 18:00:00+00:00,87585.51,87819.0,87187.757,87208.035,0.177231318,14.0,87507.702537
2025-11-25 19:00:00+00:00,87211.3825,87293.617,86136.9705,86829.205,0.148649109,12.0,86459.61305
2025-11-25 20:00:00+00:00,86844.495,87498.28,86682.7635,87356.6265,0.096699562,69.0,87271.91976
2025-11-25 21:00:00+00:00,87352.565,87430.497,86950.1075,87021.6205,0.004685914,3.0,87166.90079
2025-11-25 22:00:00+00:00,87011.85,87698.3325,86551.954,87628.715,0.0633688,16.0,86951.789862
2025-11-25 23:00:00+00:00,87595.6685,87869.8605,87250.0,87337.275,0.029759369,13.0,87480.879799
2025-11-26 00:00:00+00:00,87332.146,87780.147,87279.28,87536.86,0.077849307,14.0,87556.00312
2025-11-26 01:00:00+00:00,87532.65,88202.258,87295.1,87883.325,0.100316123,16.0,87442.725254
2025-11-26 02:00:00+00:00,87911.5795,88068.88,87624.8505,87668.607,1.526288957,21.0,88030.508902
2025-11-26 03:00:00+00:00,87711.415,87913.3,87029.865,87088.83,0.031645799,9.0,87326.143028
2025-11-26 04:00:00+00:00,87096.85,87337.45,86837.32,87216.1185,0.006134512,9.0,87236.425258
2025-11-26 05:00:00+00:00,87189.613,87731.6721798113,87189.613,87474.2045,0.041092262,18.0,87591.888583
2025-11-26 06:00:00+00:00,87476.972,87857.0105,87392.44,87760.82,0.054663989,14.0,87547.739684
2025-11-26 07:00:00+00:00,87774.665,87939.75,87609.7,87932.2,0.154980219,15.0,87823.125048
2025-11-26 08:00:00+00:00,87918.9135,87921.205,87357.74,87390.55,0.122066859,13.0,87566.304345
2025-11-26 09:00:00+00:00,87380.162,87449.0,86646.764,86795.205,0.080221427,12.0,87131.657054
2025-11-26 10:00:00+00:00,86791.307,87040.2965,86639.636,86937.4285,0.040829973,9.0,86821.143126
2025-11-26 11:00:00+00:00,86909.5395,87086.56,86715.657,87067.85,0.037189989,11.0,86959.569494
2025-11-26 12:00:00+00:00,87064.376,87353.448275862,86282.298275862,86626.235,0.124827781,13.0,86498.730001
2025-11-26 13:00:00+00:00,86630.075,87551.4552,86532.6,87098.849,0.118464754,7.0,86825.365277
2025-11-26 14:00:00+00:00,87093.25,87698.79,86786.7035,86874.1065,0.293762515,16.0,87038.862991
2025-11-26 15:00:00+00:00,86858.3,87364.0,86671.5262,86945.05,0.034524273,17.0,87095.433641
2025-11-26 16:00:00+00:00,86945.1495,87949.95,86922.915,87796.155,0.075708072,25.0,87623.206881
2025-11-26 17:00:00+00:00,87814.55,90018.3,87681.8035,89827.356,0.075863812,31.0,89090.582888
2025-11-26 18:00:00+00:00,89827.795,90355.329949238,89458.039974619,90137.955,0.144878113,31.0,90068.045789
2025-11-26 19:00:00+00:00,90124.55,90205.0,89695.6,89953.29,0.074750053,20.0,90001.839252
2025-11-26 20:00:00+00:00,89943.555,90140.18,89488.634,89877.5185,0.051914154,68.0,89961.514662
2025-11-26 21:00:00+00:00,89886.335,90487.45,89775.35,90184.195,0.138486286,17.0,90326.932612
2025-11-26 22:00:00+00:00,90191.109,90637.79,90053.5,90388.705,0.13823466,20.0,90078.567434
2025-11-26 23:00:00+00:00,90372.25,90642.88,90275.187,90492.175,0.047793749,18.0,90499.495776
2025-11-27 00:00:00+00:00,90481.637,91380.310569878,90062.5,90471.02,0.020612573,9.0,90392.082432
2025-11-27 01:00:00+00:00,90481.3835,91257.0,90179.802955665,91122.7825,0.306316232,21.0,90682.517977
2025-11-27 02:00:00+00:00,91116.87,91966.5,90872.6465,91387.02,0.014808931,24.0,91087.859199
2025-11-27 03:00:00+00:00,91383.2755,91671.124,91028.7105,91100.442,0.060083149,27.0,91477.708818
2025-11-27 04:00:00+00:00,91093.3795,91424.3,90976.749,91290.338,0.064876179,26.0,91295.764238
2025-11-27 05:00:00+00:00,91271.1015,91613.5,90856.1,90982.3,0.422552956,35.0,91350.125542
2025-11-27 06:00:00+00:00,90989.29,91525.965,90952.1,91241.0,0.091438026,24.0,91448.731705
2025-11-27 07:00:00+00:00,91242.0865,91579.49,91120.455,91422.926,0.155496186,31.0,91452.585697
2025-11-27 08:00:00+00:00,91411.695,91609.84,91201.4,91480.431,0.062051457,32.0,91448.457017
2025-11-27 09:00:00+00:00,91480.47,91950.6395,91436.5,91543.8825,0.034114669,27.0,91620.6411
2025-11-27 10:00:00+00:00,91556.0905,91827.1,91294.992,91592.396,0.026214813,27.0,91676.095963
2025-11-27 11:00:00+00:00,91606.175,91714.19,91292.7,91382.83,0.063583556,39.0,91554.690503
2025-11-27 12:00:00+00:00,91363.93,91549.1,90947.44,90982.65,0.020947408,33.0,91359.528702
2025-11-27 13:00:00+00:00,90968.8835,91144.75,90397.629,90833.44,0.022920352,40.0,90841.184439
2025-11-27 14:00:00+00:00,90844.2165,91046.76,90565.75,90774.02,0.403086237,46.0,90782.114279
2025-11-27 15:00:00+00:00,90767.285,91069.3,90619.832,90937.385,0.098081166,31.0,90946.972438
2025-11-27 16:00:00+00:00,90964.59,91568.43,90830.6005,91476.56,0.049035605,40.0,91322.030623
2025-11-27 17:00:00+00:00,91457.983,91676.6,91285.66,91450.9335,0.067890146,32.0,91490.721711
2025-11-27 18:00:00+00:00,91469.2855,91892.276,91333.1725,91766.43,0.009392882,20.0,91688.22635
2025-11-27 19:00:00+00:00,91787.375,91791.15,91473.94,91522.26,0.074107991,22.0,91710.293785
2025-11-27 20:00:00+00:00,91442.9,91661.343,91333.1725,91452.3,0.288384961,146.0,91377.511044
2025-11-27 21:00:00+00:00,91421.58625,91681.31,91198.379,91421.0095,0.094174501,29.0,91367.359513
2025-11-27 22:00:00+00:00,91432.4325,91698.42,91104.565,91327.62,0.00147862,20.0,91572.225329
2025-11-27 23:00:00+00:00,91319.805,91626.2,91203.5945,91349.401,0.0372618,27.0,91474.719345
2025-11-28 00:00:00+00:00,91317.927,91415.55,91047.1,91175.25,0.007672899,31.0,91277.665324
2025-11-28 01:00:00+00:00,91265.1,91265.1,90750.0,90798.9105,0.047408684,27.0,91051.079
2025-11-28 02:00:00+00:00,90772.994,91363.231727138,90621.2,91090.935,0.003994113,21.0,90902.466449
2025-11-28 03:00:00+00:00,91064.795,91378.0,90884.78,91225.6,0.650651954,15.0,91051.048233
2025-11-28 04:00:00+00:00,91217.548,91559.835,91105.036,91400.913,0.610646545,20.0,91526.491741
2025-11-28 05:00:00+00:00,91420.05,91812.211,91243.23,91615.575,0.050010937,34.0,91724.849025
2025-11-28 06:00:00+00:00,91578.705,91666.8,91152.921,91300.48,0.105153815,28.0,91457.102163
2025-11-28 07:00:00+00:00,91309.603,91617.985,90781.2,90908.85,0.087271264,24.0,91239.370623
2025-11-28 08:00:00+00:00,90904.15,91714.14,90872.1,91698.735,0.106662591,16.0,91107.582671
2025-11-28 09:00:00+00:00,91691.955,91839.206,91378.0,91602.67,0.053032555,39.0,91538.049374
2025-11-28 10:00:00+00:00,91590.7665,91970.65,91399.3,91834.905,0.019182617,32.0,91824.475308
2025-11-28 11:00:00+00:00,91829.4855,92004.674,91034.2,91447.3005,0.026683065,27.0,91429.081721
2025-11-28 12:00:00+00:00,91434.302,91703.1,91397.485,91517.7,0.092163753,29.0,91605.66527
2025-11-28 13:00:00+00:00,91519.701,92625.2105,91367.5885,92372.48,0.061708025,33.0,91694.278781
2025-11-28 14:00:00+00:00,92364.6985,93011.3426395935,91731.544,92252.5,0.198105777,52.0,92433.437113
2025-11-28 15:00:00+00:00,92254.8195,92868.0,91981.11,92370.17,0.03042692,34.0,92615.283193
2025-11-28 16:00:00+00:00,92371.84,92688.029806706,90885.582,90951.0385,0.014498617,28.0,91626.099939
2025-11-28 17:00:00+00:00,90975.58,91223.005,90226.6361256155,90666.447,0.482938347,142.0,90743.060377
2025-11-28 18:00:00+00:00,92185.566752519,92185.566752519,90432.65,90853.362,0.143170219,15.0,90625.580204
2025-11-28 19:00:00+00:00,90849.428,91237.0,90831.8545,91153.739,0.06664567,13.0,91016.424369
2025-11-28 20:00:00+00:00,91152.4505,91322.098,90817.6,91225.5145,0.002479851,35.0,91092.57404
2025-11-28 21:00:00+00:00,91250.53,91347.17,90891.1375,90891.1375,0.005517021,30.0,91283.287778
2025-11-28 22:00:00+00:00,90911.297,91190.95,90725.805,91137.597,0.00093906,23.0,91052.752714
2025-11-28 23:00:00+00:00,91150.1855,91243.005,90887.578,90887.995,0.0012416,16.0,90989.938409
2025-11-29 00:00:00+00:00,90909.62,91084.13,90788.3465,90915.341,0.061533408,13.0,91008.406064
2025-11-29 01:00:00+00:00,90896.7755,91206.8,90805.7,90883.8275,0.022623072,20.0,91181.392543
2025-11-29 02:00:00+00:00,90916.432,91030.6,90550.7,90825.017,0.002304822,22.0,90710.515107
2025-11-29 03:00:00+00:00,90813.3795,90964.82,90666.875,90676.3535,0.02030384,30.0,90876.30867
2025-11-29 04:00:00+00:00,90699.541,90971.5,90563.037,90936.755,0.010551526,19.0,90822.916099
2025-11-29 05:00:00+00:00,90930.4585,91037.55,90739.3698,90804.6869,0.028264559,25.0,90991.355304
2025-11-29 06:00:00+00:00,90801.8849,92185.566752519,90329.308,90590.233,0.012382476,26.0,90787.146753
2025-11-29 07:00:00+00:00,90594.45,90778.32,90340.163,90598.8415,0.025461481,21.0,90603.083485
2025-11-29 08:00:00+00:00,90580.7515,90858.6,90491.625,90662.155,0.031563964,32.0,90771.84474
2025-11-29 09:00:00+00:00,90647.233,90771.43,90465.7,90593.465,0.002406098,23.0,90621.55438
2025-11-29 10:00:00+00:00,90568.434,90766.5,90411.125,90569.078,0.047856715,30.0,90708.499019
2025-11-29 11:00:00+00:00,90596.146,90796.61,90477.945,90703.5395,0.115315163,15.0,90659.65677
2025-11-29 12:00:00+00:00,90692.3715,90890.855,90523.98,90662.335,0.007238325,19.0,90738.592809
2025-11-29 13:00:00+00:00,90641.5,90948.08,90619.2,90830.374,0.032990718,21.0,90862.678142
2025-11-29 14:00:00+00:00,90815.409,90875.28,90572.74,90641.935,0.007809556,21.0,90605.202488
2025-11-29 15:00:00+00:00,90648.087,91159.4445,90623.17,91099.8725,0.015407131,21.0,90679.737761
2025-11-29 16:00:00+00:00,91117.15,92185.566752519,90890.828,91056.142,0.015524075,27.0,91138.47426
2025-11-29 17:00:00+00:00,91033.8185,91132.414,90458.236,90460.335,0.002213387,12.0,90852.738553
2025-11-29 18:00:00+00:00,90461.0625,92185.566752519,90191.6,90746.4585,0.066552183,13.0,90462.070934
2025-11-29 19:00:00+00:00,90712.53,90892.0,90591.553,90682.0,0.010534336,6.0,90757.933607
2025-11-29 20:00:00+00:00,90675.5,91082.59,90418.9345,90991.787,0.043902107,58.0,90789.470734
2025-11-29 21:00:00+00:00,91006.108,91142.805,90848.14,91047.9345,0.0070755,13.0,91055.55052
2025-11-29 22:00:00+00:00,91032.2715,91035.386,90696.27,90804.9235,0.001984137,13.0,90796.135522
2025-11-29 23:00:00+00:00,90788.46,90976.751,90679.3,90854.245,0.002181,13.0,90717.808532
2025-11-30 00:00:00+00:00,90860.64,91038.39,90696.8,90900.615,0.039923194,22.0,90743.149057
2025-11-30 01:00:00+00:00,90951.93,91108.1,90900.615,90979.475,0.005724949,18.0,91021.092715
2025-11-30 02:00:00+00:00,90961.93,91102.03,90774.0,90813.715,0.003692,19.0,90852.141035
2025-11-30 03:00:00+00:00,90816.75,91027.071,90484.265,90931.455,0.003797473,11.0,90773.249395
2025-11-30 04:00:00+00:00,90944.4,91085.9,90761.762,90880.175,0.036029311,20.0,91008.192953
2025-11-30 05:00:00+00:00,90811.68,90945.3,90670.69,90803.04,0.024119143,23.0,90861.333796
2025-11-30 06:00:00+00:00,90873.08,91036.19,90693.81,90924.9905,0.01157082,17.0,90988.175424
2025-11-30 07:00:00+00:00,90891.7,91088.957,90855.831,90984.345,0.010201971,19.0,90982.29348
2025-11-30 08:00:00+00:00,90972.325,91490.03,90940.97,91209.8725,0.009335347,21.0,91186.145741
2025-11-30 09:00:00+00:00,91201.37,91642.2,91137.4145,91437.6,0.004990766,20.0,91415.419455
2025-11-30 10:00:00+00:00,91406.944,91483.095,91174.6,91227.6875,0.027036546,9.0,91425.984869
2025-11-30 11:00:00+00:00,91251.08,91484.562,91045.97,91079.0335,0.034532616,17.0,91178.90819
2025-11-30 12:00:00+00:00,91066.835,91583.7,91050.041,91500.49,0.004084558,16.0,91288.947555
2025-11-30 13:00:00+00:00,91490.283,92071.1,91122.7720356155,91771.6229044669,0.101862049,15.0,91569.596353
2025-11-30 14:00:00+00:00,91796.575,91845.64,91262.8385,91521.975,0.08144348,22.0,91676.070993
2025-11-30 15:00:00+00:00,91490.666,91687.18,91322.315,91438.847,0.005656214,12.0,91566.801036
2025-11-30 16:00:00+00:00,91467.585,91958.18,91168.7283064035,91843.295,0.010688004,36.0,91732.909888
2025-11-30 17:00:00+00:00,91837.9105,91837.9105,91273.6,91497.7635,0.008410417,17.0,91580.375302
2025-11-30 18:00:00+00:00,91500.065,91544.56,91177.875,91484.3525,0.035469326,12.0,91443.865983
2025-11-30 19:00:00+00:00,91469.79,91554.631,91293.2915,91480.4,0.000243,6.0,91440.609556
2025-11-30 20:00:00+00:00,91464.124,91652.215,91158.6,91330.4315,0.005295091,37.0,91423.730213
2025-11-30 21:00:00+00:00,91338.85,91430.74,90910.5345,91167.7335,0.007625169,15.0,91286.976737
2025-11-30 22:00:00+00:00,91165.2925,91408.149,91055.86,91230.868,0.005008915,10.0,91305.108267
2025-11-30 23:00:00+00:00,91227.9975,91283.076,90340.7475,90363.02,0.001908571,10.0,90787.596795
2025-12-01 00:00:00+00:00,90365.775,91939.2613338,86935.69,87024.715,0.305470004,47.0,89342.466361
2025-12-01 01:00:00+00:00,86991.421,87761.855,86949.071,87173.2,0.035347418,32.0,87495.50447
2025-12-01 02:00:00+00:00,87172.905,90215.1234027655,86471.5,86724.635,6.978064245,44.0,86571.43912
2025-12-01 03:00:00+00:00,86724.396,86854.32,86206.896551724,86376.685,0.060193717,57.0,86520.556446
2025-12-01 04:00:00+00:00,86363.1815,86382.73,85717.41,85841.5985,0.244374111,42.0,86177.345144
2025-12-01 05:00:00+00:00,85843.545,86090.4,85576.184,85995.5925,0.141669361,57.0,85772.613019
2025-12-01 06:00:00+00:00,85984.605,86395.02,85967.6865,86248.134,0.109559574,32.0,86237.451881
2025-12-01 07:00:00+00:00,86254.5,86647.8,86047.835,86572.34,0.034160654,28.0,86566.581438
2025-12-01 08:00:00+00:00,86541.934,86909.4,86390.83,86889.9405,0.040641153,22.0,86658.55555
2025-12-01 09:00:00+00:00,86874.411,86947.8,86510.8065,86693.8965,0.029522572,16.0,86809.7317
2025-12-01 10:00:00+00:00,86717.932,86888.03,86526.506,86641.88,0.097431815,33.0,86689.775094
2025-12-01 11:00:00+00:00,86641.885,86791.8,86057.02,86143.515,0.135881748,29.0,86402.572119
2025-12-01 12:00:00+00:00,86135.315,86238.88,84734.08,85421.61,0.767542797,47.0,85533.278658
2025-12-01 13:00:00+00:00,85402.835,86182.51,85326.529,85982.0795,0.125300859,37.0,85992.236457
2025-12-01 14:00:00+00:00,85988.235,90114.2701269035,85857.611,86070.6505,0.190375744,41.0,86428.44056
2025-12-01 15:00:00+00:00,86054.795,86208.43,83870.65,84671.56,1.27604635,68.0,84423.10852
2025-12-01 16:00:00+00:00,84663.47,85458.1906586117,84031.17,84543.64,0.087647393,53.0,84581.318115
2025-12-01 17:00:00+00:00,84553.083,85274.3,84445.544,84977.78,0.041452031,24.0,84988.712516
2025-12-01 18:00:00+00:00,84984.48,85577.445,84737.7005,85220.23,1.198283924,26.0,85254.900348
2025-12-01 19:00:00+00:00,85222.31,85376.087,84590.5235,85063.815,0.115648214,30.0,85115.617755
2025-12-01 20:00:00+00:00,85050.34,85895.78,85047.518,85508.175,0.224026659,103.0,85389.299464
2025-12-01 21:00:00+00:00,85503.215,86556.67,85499.5365,86448.1785,0.05625453,28.0,86107.863347
2025-12-01 22:00:00+00:00,86442.473,86886.24,86293.97,86586.38,0.006419821,23.0,86590.145476
2025-12-01 23:00:00+00:00,86602.285,86843.142,86199.36,86289.15,0.006213277,14.0,86473.420685
2025-12-02 00:00:00+00:00,86270.82,86673.335,86167.6,86505.55,0.030681466,22.0,86351.228564
2025-12-02 01:00:00+00:00,86522.315,87340.685,86363.12,86452.1908109501,0.080677797,31.0,86700.859759
2025-12-02 02:00:00+00:00,86449.5908109501,86916.7,86266.015,86548.285,0.038280465,25.0,86713.313547
2025-12-02 03:00:00+00:00,86546.095,87100.115,86209.805,86961.235,0.069210248,29.0,86863.708768
2025-12-02 04:00:00+00:00,86982.7845,87315.2,86905.45,87008.895,0.020823472,23.0,87128.673586
2025-12-02 05:00:00+00:00,87042.9,87150.1,86822.488,87016.56,0.023829328,28.0,86866.274986
2025-12-02 06:00:00+00:00,87027.7555,87246.26,86821.24,87123.7995,0.065883108,50.0,87044.61338
2025-12-02 07:00:00+00:00,87134.555,87213.1,86846.23,87012.8,0.157990522,27.0,87103.841588
2025-12-02 08:00:00+00:00,87022.375,87122.75,86364.79,86466.8925,0.013617943,13.0,86817.228388
2025-12-02 09:00:00+00:00,86465.35,87015.432,86446.6145,86763.41,0.711256961,17.0,86852.080735
2025-12-02 10:00:00+00:00,86763.31,88812.135,86756.51,87287.42,0.056402123,37.0,87085.191157
2025-12-02 11:00:00+00:00,87250.119,87601.3395,86975.3,87387.375,0.053479038,30.0,87420.611212
2025-12-02 12:00:00+00:00,87387.3775,87588.45,87187.358,87292.05,0.047525151,35.0,87460.381631
2025-12-02 13:00:00+00:00,87269.888,87884.45,87054.32,87734.995,0.059226413,33.0,87420.888548
2025-12-02 14:00:00+00:00,87749.19,89365.97,87626.62,89280.05,0.113571516,55.0,88743.782172
2025-12-02 15:00:00+00:00,89276.1,91223.202,89147.9882237864,90852.8305,0.152189819,70.0,90513.33307
2025-12-02 16:00:00+00:00,90878.5985,91298.4,90211.2,90779.6465,0.101306686,72.0,90989.169015
2025-12-02 17:00:00+00:00,90762.0795,92034.6925,90515.4258379994,91446.6822427581,0.029032525,28.0,91239.831634
2025-12-02 18:00:00+00:00,91437.6227427581,92544.132114213,91370.7,91976.602,0.032474804,34.0,91857.948376
2025-12-02 19:00:00+00:00,91956.691,92405.06,91877.1245,91925.8535,0.029273165,29.0,92078.208473
2025-12-02 20:00:00+00:00,91918.059,91961.835,89602.3682237864,91065.658,0.131006932,90.0,91294.321549
2025-12-02 21:00:00+00:00,91074.5075,91701.68,90983.3,91604.725,0.149603535,19.0,91190.116215
2025-12-02 22:00:00+00:00,91607.7485,92044.595,91527.0885,92021.968,0.004416505,18.0,91767.180993
2025-12-02 23:00:00+00:00,92016.65,92090.403,91287.5,91298.385,0.001763354,10.0,91815.763551
2025-12-03 00:00:00+00:00,91310.902,91797.4,91013.88,91673.455,0.00594214,13.0,91470.546216
2025-12-03 01:00:00+00:00,91682.8515,92496.0495,91486.714,92277.6,0.008830103,19.0,92054.321299
2025-12-03 02:00:00+00:00,92287.087,93091.86,90515.4258379994,92838.08,0.01204391,17.0,92578.116571
2025-12-03 03:00:00+00:00,92820.0105,93110.9715,92589.0865,92666.7175,0.516018339,29.0,92682.630269
2025-12-03 04:00:00+00:00,92679.4315,93390.434114213,91528.0938211095,93340.541614213,0.023752841,16.0,93024.545095
2025-12-03 05:00:00+00:00,93352.357614213,93720.8,93130.9565,93661.254,0.107260646,29.0,93384.233357
2025-12-03 06:00:00+00:00,93646.823,94041.116,92035.7080343075,93461.5,0.099211539,28.0,93816.689693
2025-12-03 07:00:00+00:00,93453.0265,93538.9,92877.175,93009.5345,0.81106085,26.0,93003.115956
2025-12-03 08:00:00+00:00,93057.4695,93222.154,92628.14,92734.1025,0.012626682,26.0,92894.304753
2025-12-03 09:00:00+00:00,92799.8405,93253.8885,92717.1,93186.84,0.007243934,12.0,93023.101661
2025-12-03 10:00:00+00:00,93200.992,93443.969,92821.241,92947.0,0.035070551,24.0,93091.349736
2025-12-03 11:00:00+00:00,92970.7525,93167.667,92688.275,93002.55,0.036909262,25.0,93101.662039
2025-12-03 12:00:00+00:00,93029.7205,93150.455,92676.5,92965.02,0.009082804,19.0,93000.552292
2025-12-03 13:00:00+00:00,92957.358,93326.269,92886.816,93174.5235,0.02671543,24.0,93196.79167
2025-12-03 14:00:00+00:00,93146.47,93716.995,89655.172413793,92373.915,0.060764172,42.0,92466.965176
2025-12-03 15:00:00+00:00,92373.64,93067.89,91874.13,92393.646,0.299598646,36.0,92359.745804
2025-12-03 16:00:00+00:00,92407.821,92861.5,91787.85,92266.2185,0.279187123,31.0,92659.507255
2025-12-03 17:00:00+00:00,92260.4435,93291.078858661,92199.99,92971.35,0.022198872,15.0,92812.027798
2025-12-03 18:00:00+00:00,92996.5435,93550.61,92400.5325,92658.6325,0.104556665,27.0,93143.781396
2025-12-03 19:00:00+00:00,92650.789,93145.63,92035.7080343075,93040.935,0.005959516,15.0,92803.083559
2025-12-03 20:00:00+00:00,93050.1915,93481.3466068965,92844.4475,92997.4985,3.134924319,75.0,93110.344148
2025-12-03 21:00:00+00:00,92976.6005,93803.805,92859.94,93709.8,0.00254312,8.0,93378.672037
2025-12-03 22:00:00+00:00,93711.105,94180.6635,93050.9364607035,93780.3895,0.220117315,21.0,93719.061988
2025-12-03 23:00:00+00:00,93822.2915,94135.8075,93050.9364607035,93470.08,0.111507038,12.0,93675.753866
2025-12-04 00:00:00+00:00,93453.2095,93520.53,92678.4315,93078.007,0.005064251,18.0,93225.804097
2025-12-04 01:00:00+00:00,93067.4625,93791.246,90647.6896806465,93200.555,0.013018025,28.0,93265.152838
2025-12-04 02:00:00+00:00,93214.25,94107.949,93127.135,93972.2835,0.018520699,24.0,93926.401566
2025-12-04 03:00:00+00:00,93979.0235,94106.9585,93386.36,93551.1795,0.017790076,30.0,93647.777468
2025-12-04 04:00:00+00:00,93532.16,93576.32,93178.66,93349.9255,0.174825395,17.0,93491.076349
2025-12-04 05:00:00+00:00,93371.0585,93426.0,92711.55,92998.876,0.166012174,15.0,93199.318433
2025-12-04 06:00:00+00:00,93006.968,93457.02,92766.93,93170.72,0.010129875,23.0,93268.339027
2025-12-04 07:00:00+00:00,93150.785,93466.076,92896.405,93421.289,0.015499431,21.0,93277.445802
2025-12-04 08:00:00+00:00,93422.021,93580.425,93044.775,93275.645,0.017567333,11.0,93176.71314
2025-12-04 09:00:00+00:00,93286.872,93617.7,93219.98,93473.185,0.027804644,27.0,93424.040375
2025-12-04 10:00:00+00:00,93476.2,93617.7,93170.7,93269.5,0.046195565,21.0,93398.151228
2025-12-04 11:00:00+00:00,93278.1375,93434.5,92725.9,92954.335,0.012797196,19.0,93300.219381
2025-12-04 12:00:00+00:00,92940.25,93221.043,92777.05,93002.116,0.002256,12.0,93094.532236
2025-12-04 13:00:00+00:00,93028.0875,93170.181,92422.5,92529.7915,0.0474935,22.0,92604.262961
2025-12-04 14:00:00+00:00,92526.5,92858.722,91795.347,91905.214,0.040231303,28.0,92448.63748
2025-12-04 15:00:00+00:00,91907.205,93305.9,91131.7838375,93005.4955,0.023443962,35.0,92588.744778
2025-12-04 16:00:00+00:00,93015.55,93200.239,92274.73,92461.455,0.070705185,40.0,92881.601692
2025-12-04 17:00:00+00:00,92457.0435,92625.0,91781.2405,92466.9,0.102996763,27.0,92169.769576
2025-12-04 18:00:00+00:00,92440.5665,92596.936,91917.65,92163.05,0.057884229,24.0,92288.623274
2025-12-04 19:00:00+00:00,92161.495,92265.033,90909.8415,92003.7785,0.016590079,21.0,91544.720258
2025-12-04 20:00:00+00:00,91988.96,92638.2,91714.35,92551.4,0.068684439,59.0,92436.805743
2025-12-04 21:00:00+00:00,92510.34,92748.22,92096.35,92154.063,0.005561222,16.0,92425.690063
2025-12-04 22:00:00+00:00,92180.4475,92605.9,92155.2,92382.1085,0.007329178,11.0,92342.061319
2025-12-04 23:00:00+00:00,92332.706,92559.0,92001.4,92080.4,0.014712786,16.0,92315.865602
2025-12-05 00:00:00+00:00,92100.15,92525.3,92080.81,92323.11,0.064309286,21.0,92280.407304
2025-12-05 01:00:00+00:00,92321.061,92712.7,91636.4362068965,92398.75,0.035993988,25.0,92488.165966
2025-12-05 02:00:00+00:00,92367.2045,92810.7,92203.2,92548.345,0.021193903,14.0,92239.433098
2025-12-05 03:00:00+00:00,92539.44,92701.6425,91636.4362068965,92184.605,0.002808512,19.0,92500.783716
2025-12-05 04:00:00+00:00,92147.4115,92499.874,91826.0965,92032.3105,0.001447521,18.0,92222.196105
2025-12-05 05:00:00+00:00,92050.7345,92310.951,91837.3,91950.877,0.021021166,15.0,92204.156239
2025-12-05 06:00:00+00:00,91948.315,92403.81,91919.805,92306.585,0.0147627,20.0,92223.133726
2025-12-05 07:00:00+00:00,92283.6,92563.199,92212.6,92284.235,0.009120326,18.0,92478.796094
2025-12-05 08:00:00+00:00,92279.3,92345.139,91863.135909,92110.181,0.063355715,20.0,92173.624716
2025-12-05 09:00:00+00:00,92132.525,92242.1,90959.5,91142.176,0.010098185,21.0,91755.251843
2025-12-05 10:00:00+00:00,91144.555,91561.854,91023.93,91318.32,0.108356249,16.0,91044.258495
2025-12-05 11:00:00+00:00,91325.35,91656.8,91148.7805,91368.0195,0.025874588,17.0,91444.585478
2025-12-05 12:00:00+00:00,91378.402,91476.7,91094.955,91268.852,0.053991222,14.0,91325.672206
2025-12-05 13:00:00+00:00,91268.1685,91388.395,90266.405,90506.0485,0.018021985,23.0,90722.226108
2025-12-05 14:00:00+00:00,90489.378,91636.4362068965,89911.9985,90311.2715,0.087114511,33.0,90388.582171
2025-12-05 15:00:00+00:00,90318.74,92110.38125,90277.103,90475.91,0.078292347,16.0,91216.805564
2025-12-05 16:00:00+00:00,90457.9605,91308.85,88183.6699507385,88815.91,0.135160676,67.0,89163.623348
2025-12-05 17:00:00+00:00,88808.7185,89530.59,88623.994,89351.8685,1.934757164,32.0,88722.032379
2025-12-05 18:00:00+00:00,89354.534,90897.5199507385,88930.896,88981.525,0.305122608,21.0,89162.890574
2025-12-05 19:00:00+00:00,88977.235,90897.5199507385,88838.145,89681.38,0.250710724,15.0,89449.44548
2025-12-05 20:00:00+00:00,89638.77,89788.07,89169.2,89292.6346629238,0.049906925,69.0,89408.000896
2025-12-05 21:00:00+00:00,89289.7496629238,89544.506,89061.896,89203.583,0.017347242,16.0,89375.129837
2025-12-05 22:00:00+00:00,89225.27,89444.1,88932.0565,89276.62,0.029065668,17.0,89314.503051
2025-12-05 23:00:00+00:00,89292.9785,89430.937,88965.7065,89338.34,0.038569398,14.0,89207.106162
2025-12-06 00:00:00+00:00,89356.0245,89518.375,89058.8,89435.8825,0.034212445,20.0,89206.696852
2025-12-06 01:00:00+00:00,89439.995,89544.16,89201.45,89348.1465,0.002895835,13.0,89411.201293
2025-12-06 02:00:00+00:00,89359.656,89434.4685,89156.31,89421.713,0.004861204,19.0,89354.662456
2025-12-06 03:00:00+00:00,89429.237,89854.711,89399.245,89687.8895,0.039056182,26.0,89621.698714
2025-12-06 04:00:00+00:00,89697.8,89785.623,89538.51,89660.1595,0.032882198,18.0,89719.247294
2025-12-06 05:00:00+00:00,89683.248,89842.0,89468.6,89625.875,0.018545724,18.0,89697.25955
2025-12-06 06:00:00+00:00,89638.182,89813.47,89484.9,89716.033,0.046059776,12.0,89750.302739
2025-12-06 07:00:00+00:00,89692.209,89794.57,89461.075,89601.05,0.005568438,12.0,89740.190806
2025-12-06 08:00:00+00:00,89606.46,89709.09,89237.95,89301.225,0.062070284,10.0,89497.625897
2025-12-06 09:00:00+00:00,89277.939,89766.281,89276.53,89611.165,0.021795616,14.0,89615.910879
2025-12-06 10:00:00+00:00,89583.133,89719.185,89435.07,89520.822,0.007859829,9.0,89630.119495
2025-12-06 11:00:00+00:00,89513.315,89818.7,89501.35,89656.003,0.157569693,13.0,89594.030409
2025-12-06 12:00:00+00:00,89659.825,89753.978,89514.019,89599.83,0.030595122,27.0,89640.102087
2025-12-06 13:00:00+00:00,89597.0,89880.217,89541.48,89693.368,0.025077145,20.0,89728.366966
2025-12-06 14:00:00+00:00,89686.12,91010.8204433495,89646.05,90005.008,1.888613513,25.0,90183.974509
2025-12-06 15:00:00+00:00,90033.375,91010.8204433495,89500.645,89766.625,0.012091768,14.0,90092.900682
2025-12-06 16:00:00+00:00,89770.182,91010.8204433495,89642.957,89746.884,0.017218843,28.0,89901.398801
2025-12-06 17:00:00+00:00,89733.312,89876.9755,89623.0,89739.6805,0.004119836,8.0,89778.166134
2025-12-06 18:00:00+00:00,89751.236,89926.27,89545.52,89671.17,0.000348,2.0,89802.367586
2025-12-06 19:00:00+00:00,89685.84,91010.8204433495,89287.5525,89431.31,0.000349359,7.0,89663.550929
2025-12-06 20:00:00+00:00,89423.2065,89673.17,89330.5105,89553.812,0.078057064,35.0,89615.496361
2025-12-06 21:00:00+00:00,89571.7195,89659.175,89381.5735416748,89433.7895,0.005066655,8.0,89522.078774
2025-12-06 22:00:00+00:00,89467.55,89606.343,89225.197,89290.4315,0.001698409,10.0,89441.200524
2025-12-06 23:00:00+00:00,89297.5085,89429.25,89000.0,89261.4355,0.028492247,13.0,89068.621939
2025-12-07 00:00:00+00:00,89368.089,89627.0,89191.0,89429.6975,0.002281388,12.0,89420.805276
2025-12-07 01:00:00+00:00,89418.34,89627.0095,89308.195,89321.315,0.058266165,19.0,89405.923228
2025-12-07 02:00:00+00:00,89321.5185,89711.825,89291.69,89658.9625,0.013152,15.0,89628.734274
2025-12-07 03:00:00+00:00,89743.025,89802.0,89512.22,89734.78,0.001947,14.0,89665.39047
2025-12-07 04:00:00+00:00,89740.3,89779.22,89462.5,89555.089,0.00127494,13.0,89711.648018
2025-12-07 05:00:00+00:00,89455.078,89656.92,89379.7,89514.265,0.018702294,21.0,89562.677822
2025-12-07 06:00:00+00:00,89534.65,89781.243,89471.1,89721.55,0.004031801,16.0,89678.454852
2025-12-07 07:00:00+00:00,89709.15,89741.35,89209.5815,89379.65,0.081923058,16.0,89460.753195
2025-12-07 08:00:00+00:00,89381.85,89588.47,89193.565,89326.458,0.011703082,14.0,89381.43128
2025-12-07 09:00:00+00:00,89306.3945,89465.6,89000.0,89114.923,0.016100852,16.0,89339.174374
2025-12-07 10:00:00+00:00,89108.6,89454.6,89107.68,89262.6575,0.026594392,11.0,89328.997422
2025-12-07 11:00:00+00:00,89251.634,89387.346,89152.075,89152.075,0.02490183,15.0,89247.854841
2025-12-07 12:00:00+00:00,89168.15,89705.996,89118.91,89493.55,0.013672251,18.0,89596.335536
2025-12-07 13:00:00+00:00,89487.829,89597.9,88717.403,89062.155,0.017673162,13.0,89005.76286
2025-12-07 14:00:00+00:00,89063.5015,89193.7,87734.305,88226.43,1.2069144,25.0,87772.083809
2025-12-07 15:00:00+00:00,88263.609,89722.5125,88112.621,89564.385,0.030855282,13.0,88309.141755
2025-12-07 16:00:00+00:00,89557.5445,89928.3,88715.9182237863,89909.332,0.12935199,22.0,89540.200237
2025-12-07 17:00:00+00:00,89892.2,91303.465,89620.525,90977.363,1.090618578,28.0,90890.058681
2025-12-07 18:00:00+00:00,90959.477,91783.5315,90959.477,91404.395,0.164754394,19.0,91345.237023
2025-12-07 19:00:00+00:00,91392.532,91655.4,91226.9255,91436.023,0.072501152,12.0,91501.946281
2025-12-07 20:00:00+00:00,91446.0785,91610.5,91273.142,91449.54,0.048967511,56.0,91454.170398
2025-12-07 21:00:00+00:00,91476.146,91476.146,89876.695,90261.01,0.008034048,23.0,90904.092423
2025-12-07 22:00:00+00:00,90260.595,90264.74,89024.727,89611.15,0.011942008,25.0,89632.044348
2025-12-07 23:00:00+00:00,89606.2,90504.99,89527.4115,90397.4175,0.001420302,12.0,90214.308656
2025-12-08 00:00:00+00:00,90413.6725,90620.6095,89866.6515,90359.255,0.013679274,13.0,90281.100766
2025-12-08 01:00:00+00:00,90379.0475,91787.4,90324.435,90936.392,0.009140786,24.0,91171.435597
2025-12-08 02:00:00+00:00,90910.235,91476.34,90810.425,91372.555,0.005866706,22.0,91096.719469
2025-12-08 03:00:00+00:00,91380.709,91444.164,90925.4,91062.625,0.016546503,25.0,91157.828368
2025-12-08 04:00:00+00:00,91095.18,91538.711,91018.1,91292.387,0.017023274,19.0,91230.094633
2025-12-08 05:00:00+00:00,91308.746,91490.227,91031.974,91330.684,0.017508452,18.0,91419.44889
2025-12-08 06:00:00+00:00,91351.874,91684.34,91235.95,91463.043,0.003377391,18.0,91496.213523
2025-12-08 07:00:00+00:00,91500.404,91916.002,91356.778,91595.6,0.010570492,19.0,91638.172195
2025-12-08 08:00:00+00:00,91559.558,91966.762,91492.4175,91836.825,0.180176472,12.0,91572.948325
2025-12-08 09:00:00+00:00,91830.424,92306.181,91801.1,91931.1565,0.10439999,14.0,91895.742545
2025-12-08 10:00:00+00:00,91912.6755,92298.13,91803.6,92146.8,0.031128312,13.0,92122.056675
2025-12-08 11:00:00+00:00,92149.925,92263.573,91830.811,91979.43,0.015929805,13.0,92126.275917
2025-12-08 12:00:00+00:00,91987.445,92011.2165,91681.85,91790.545,0.040379665,16.0,91852.431995
2025-12-08 13:00:00+00:00,91782.0,92242.21,91334.766,91441.794,0.175463367,12.0,91517.833356
2025-12-08 14:00:00+00:00,91472.7005,91760.789,89544.4145320195,90839.295,0.025494551,21.0,91348.144651
2025-12-08 15:00:00+00:00,90835.649,91558.1005726285,89614.552,89968.4845,0.0204284,19.0,90228.836858
2025-12-08 16:00:00+00:00,89966.88,91558.1005726285,89673.2555,89968.5,0.127683023,30.0,89830.858553
2025-12-08 17:00:00+00:00,89974.772,90370.95,89692.422,90267.295,0.035367014,21.0,90060.087797
2025-12-08 18:00:00+00:00,90263.3275,91558.1005726285,89723.4325,89929.01,0.008121067,14.0,90400.690222
2025-12-08 19:00:00+00:00,89914.158,90387.877,89814.152,90125.0,0.031186793,18.0,90145.903836
2025-12-08 20:00:00+00:00,90140.6035,90950.31,90055.955,90814.353,0.377331514,91.0,90516.944497
2025-12-08 21:00:00+00:00,90804.8165,91425.0,90669.12,91320.9,0.002798909,19.0,91010.966432
2025-12-08 22:00:00+00:00,91330.66,91392.8,90731.061,90866.145,0.005890972,12.0,91263.503211
2025-12-08 23:00:00+00:00,90868.135,91049.766,90497.195,90638.6,0.003201077,19.0,90758.322769
2025-12-09 00:00:00+00:00,90628.67,90888.485,90345.546,90386.305,0.022897326,17.0,90701.646675
2025-12-09 01:00:00+00:00,90397.645,90607.039,89964.6,90055.25,0.002005125,20.0,90358.514151
2025-12-09 02:00:00+00:00,90070.23,90396.2505,89978.0,90090.249,0.003233012,31.0,90175.951842
2025-12-09 03:00:00+00:00,90070.1535,92022.382098309,89803.85,90418.4675,0.004283997,9.0,90308.73166
2025-12-09 04:00:00+00:00,90414.625,90558.3,89724.55,89956.016,0.149121238,26.0,90367.142769
2025-12-09 05:00:00+00:00,89928.893,90240.925,89548.042,89911.163,0.034796106,12.0,89859.242012
2025-12-09 06:00:00+00:00,89914.05,90268.0755,89750.73,90166.6985,0.012682619,21.0,90117.043171
2025-12-09 07:00:00+00:00,90180.4575,90578.3455,90061.75,90502.254,0.01446214,19.0,90242.735357
2025-12-09 08:00:00+00:00,90496.8965,90634.37,90355.045,90520.25,0.008479188,13.0,90519.457704
2025-12-09 09:00:00+00:00,90516.543,90516.787,90124.358,90124.358,0.001277877,13.0,90368.071649
2025-12-09 10:00:00+00:00,90145.29,90365.78,89928.7835,90290.4155,0.016518315,14.0,90235.716182
2025-12-09 11:00:00+00:00,90316.37,90423.9615,90127.174,90387.0665,0.004102362,12.0,90287.897037
2025-12-09 12:00:00+00:00,90398.845,90713.345,90305.235,90570.556,0.004301998,16.0,90609.882943
2025-12-09 13:00:00+00:00,90580.8705,90880.065,90177.945,90444.9,0.015209597,17.0,90348.868439
2025-12-09 14:00:00+00:00,90437.575,92099.9724938105,90002.705,90341.71,0.029181951,23.0,90411.418511
2025-12-09 15:00:00+00:00,90357.28,92909.7065,90270.22,92728.15,0.090082093,34.0,92398.393749
2025-12-09 16:00:00+00:00,92719.865,94520.44,90426.6112625665,94231.45,0.172686272,79.0,93166.564042
2025-12-09 17:00:00+00:00,94185.015,94646.745,90757.7864735265,93940.408,0.501832816,36.0,93902.30049
2025-12-09 18:00:00+00:00,93940.7195,94236.865,93663.561,93963.8555,2.206117615,30.0,93895.064061
2025-12-09 19:00:00+00:00,93930.9,94245.275,93653.2435,93837.8835,0.016283089,16.0,94027.778459
2025-12-09 20:00:00+00:00,93829.196,93878.78,92765.8785,93130.05,0.099671306,99.0,93180.03511
2025-12-09 21:00:00+00:00,93162.09,93273.2195,92256.9095,92661.883,0.007438573,21.0,92827.699119
2025-12-09 22:00:00+00:00,92647.18,93066.1755,92490.725,92903.4355,0.002462447,16.0,92688.971714
2025-12-09 23:00:00+00:00,92888.055,93031.4535,92546.1,92681.575,0.00321541,13.0,92774.195631
2025-12-10 00:00:00+00:00,92690.785,92799.0545,92087.043,92124.575,0.009093455,18.0,92385.632498
2025-12-10 01:00:00+00:00,92169.227,92436.9,91973.095,92362.987,0.006086065,22.0,92200.805361
2025-12-10 02:00:00+00:00,92322.812,92614.25,92026.3,92523.56,0.00687916,17.0,92470.513637
2025-12-10 03:00:00+00:00,92544.4335,92583.9,92339.8075,92417.281,0.004899213,15.0,92429.29297
2025-12-10 04:00:00+00:00,92454.735,92696.3,92380.647,92585.929,0.013907357,17.0,92517.481141
2025-12-10 05:00:00+00:00,92577.08,92781.4,92521.135,92560.18,0.02676212,31.0,92645.064934
2025-12-10 06:00:00+00:00,92553.875,92788.8235,92402.2145,92724.285,0.005941477,24.0,92601.437976
2025-12-10 07:00:00+00:00,92694.482,92818.347,92485.7275,92818.347,0.013559753,30.0,92658.444138
2025-12-10 08:00:00+00:00,92804.76,92837.12,92541.7685,92629.277,0.156339487,28.0,92612.318804
2025-12-10 09:00:00+00:00,92631.58,92983.265,92439.2715,92955.715,0.037640085,18.0,92660.133381
2025-12-10 10:00:00+00:00,92909.15,93254.0135,92134.95,92268.4035,0.023840835,32.0,92353.410719
2025-12-10 11:00:00+00:00,92237.29,92469.1825,91766.33,92134.205,0.005715327,19.0,92247.748982
2025-12-10 12:00:00+00:00,92132.0695,92247.71,91820.735,91982.275,0.057047454,22.0,92052.944236
2025-12-10 13:00:00+00:00,91992.53,92851.63760601,91943.91,92116.697,0.184507925,41.0,92119.82417
2025-12-10 14:00:00+00:00,92128.098,92145.085,91600.45,91832.13,0.034856447,22.0,92058.867183
2025-12-10 15:00:00+00:00,91843.845,92182.6,91572.9545,92076.078,1.865482131,34.0,91987.498618
2025-12-10 16:00:00+00:00,92104.12,92615.55,91897.125,92209.988,0.037341119,29.0,92220.054886
2025-12-10 17:00:00+00:00,92192.29,92539.806,92085.3075,92401.735,0.13915925,19.0,92438.91482
2025-12-10 18:00:00+00:00,92392.456,93061.992,91992.9345,92504.9045,0.359794276,25.0,92458.058388
2025-12-10 19:00:00+00:00,92518.8785,93253.842,91260.47276975,93006.6665,0.044750273,28.0,92715.639609
2025-12-10 20:00:00+00:00,92983.565,94524.78,91577.1927938395,92500.53,0.561656947,67.0,94322.150245
2025-12-10 21:00:00+00:00,92508.395,93105.444712609,91892.7345,92399.5615,0.005843703,13.0,92342.05153
2025-12-10 22:00:00+00:00,92398.5055,93105.444712609,91982.773,92519.4,1.685615608,93.0,92542.348631
2025-12-10 23:00:00+00:00,92520.673,92642.65,91949.1,92029.619,0.001396922,33.0,92260.507349
2025-12-11 00:00:00+00:00,92025.24,92130.9625,91058.38,91411.215,0.002963092,23.0,91733.233902
2025-12-11 01:00:00+00:00,91393.4595,91445.45,90666.835,90703.4,0.029083896,19.0,91184.793457
2025-12-11 02:00:00+00:00,90694.079,90708.8665,89883.935,90088.507,0.019742461,31.0,90331.278412
2025-12-11 03:00:00+00:00,90096.015,92099.9724938105,89431.388,89883.488,0.056578046,37.0,89709.018333
2025-12-11 04:00:00+00:00,89917.617,90522.865,89700.034,90408.455,0.023099462,19.0,90048.775481
2025-12-11 05:00:00+00:00,90450.29,90468.408,90082.5695,90339.8555,0.017771576,10.0,90336.705746
2025-12-11 06:00:00+00:00,90331.9,90484.5315,89970.615,90321.415,0.004888439,15.0,90296.189908
2025-12-11 07:00:00+00:00,90297.737,90384.0915,90094.3205,90280.845,0.0035,10.0,90236.035352
2025-12-11 08:00:00+00:00,90258.6735,90302.234,89976.1265,90248.6735,0.073226346,20.0,90095.797016
2025-12-11 09:00:00+00:00,90223.7325,90550.0545,90140.055,90240.514,0.00035279,10.0,90354.426484
2025-12-11 10:00:00+00:00,90274.1165,90407.065,90171.1295,90328.69,0.021993564,14.0,90205.740007
2025-12-11 11:00:00+00:00,90335.6115,90451.05,90207.8,90253.7645,0.002553826,18.0,90289.813422
2025-12-11 12:00:00+00:00,90257.692,90421.95,90005.8,90017.85,0.002904436,15.0,90139.756309
2025-12-11 13:00:00+00:00,90054.804,90188.055,89872.4885,90101.775,0.024214812,16.0,90082.866438
2025-12-11 14:00:00+00:00,90111.3,92099.9724938105,89262.146,89557.5365,0.029769311,51.0,90094.743479
2025-12-11 15:00:00+00:00,89568.9,90673.984,89408.9155,89911.32,0.034188028,35.0,89787.761171
2025-12-11 16:00:00+00:00,89874.925,92099.9724938105,89344.25,89746.2235,0.012981718,27.0,89704.185195
2025-12-11 17:00:00+00:00,89754.505,90293.19,89631.75,90009.6155,0.515033133,19.0,89821.366793
2025-12-11 18:00:00+00:00,89965.783,91222.1315,89894.609,90729.82,0.022163225,17.0,90399.723381
2025-12-11 19:00:00+00:00,90738.474,92099.9724938105,90603.184,90842.985,0.007258004,26.0,91010.7901
2025-12-11 20:00:00+00:00,90847.854,91881.095,90805.6525,91789.645,0.037037591,82.0,91448.890796
2025-12-11 21:00:00+00:00,91798.3555,93616.2325,91707.945,92909.3125,0.583123532,34.0,92736.764788
2025-12-11 22:00:00+00:00,92886.01,93227.59,92098.99,92369.8525,0.002283708,33.0,92617.949681
2025-12-11 23:00:00+00:00,92384.938,92844.6575,92355.6915,92550.4265,0.002504579,31.0,92619.253893
2025-12-12 00:00:00+00:00,92536.26,92708.0185,91469.0595,91581.652,0.008779459,33.0,92380.880533
2025-12-12 01:00:00+00:00,91618.9395,92370.45,91550.06,92185.165,0.018129603,36.0,92118.195999
2025-12-12 02:00:00+00:00,92184.475,92772.265,91946.79,92610.1175,0.003811672,46.0,92402.83862
2025-12-12 03:00:00+00:00,92648.4215,92789.045,92170.4,92298.7525,0.145756177,40.0,92335.472135
2025-12-12 04:00:00+00:00,92287.915,92504.7795,92118.6725,92402.814,0.00787448,37.0,92292.725031
2025-12-12 05:00:00+00:00,92403.55,92532.75,92077.8955,92461.356,0.558694723,43.0,92333.512667
2025-12-12 06:00:00+00:00,92453.357,92771.5095,92398.1,92484.451,0.623340178,39.0,92637.009376
2025-12-12 07:00:00+00:00,92513.757,92674.49,92270.6085,92445.865,0.05667404,27.0,92463.735845
2025-12-12 08:00:00+00:00,92427.25,92509.535,92120.2,92358.525,0.001504848,22.0,92317.016116
2025-12-12 09:00:00+00:00,92365.065,92594.845,92083.3565,92535.2275,0.499558757,27.0,92255.307585
2025-12-12 10:00:00+00:00,92548.56,92659.0465,92405.852,92524.5915,0.012820049,22.0,92541.210698
2025-12-12 11:00:00+00:00,92488.2,92508.3375,92294.17,92475.27,0.007333605,23.0,92380.717417
2025-12-12 12:00:00+00:00,92430.8595,92466.7505,92090.291,92427.131,0.009844692,43.0,92222.338456
2025-12-12 13:00:00+00:00,92436.54,92546.6825,92236.2385,92331.7575,0.012947189,19.0,92408.885585
2025-12-12 14:00:00+00:00,92291.02,93194.53890625,91900.5505,92465.822,0.072006259,37.0,92345.942765
2025-12-12 15:00:00+00:00,92464.6835,92475.04126,89779.4265,89936.761,0.020884344,39.0,90695.180507
2025-12-12 16:00:00+00:00,89930.2435,91592.3582806125,89486.915,90075.35,0.134149414,56.0,89829.33176
2025-12-12 17:00:00+00:00,90074.502,91458.8964532015,89838.43,90121.0405,0.002859692,14.0,90333.484997
2025-12-12 18:00:00+00:00,90127.55,90693.8765,89054.1514532015,90392.365,0.101380226,17.0,89971.27316
2025-12-12 19:00:00+00:00,90387.603,90432.4,90017.877,90199.7,0.011686158,7.0,90194.577607
2025-12-12 20:00:00+00:00,90222.145,90372.69,89897.66,90205.414,0.025316358,64.0,90250.923273
2025-12-12 21:00:00+00:00,90229.7045,90372.49,90113.01,90200.55,0.005664901,14.0,90267.237826
2025-12-12 22:00:00+00:00,90203.0385,90424.3325,90176.91,90364.15,0.031649354,20.0,90368.26372
2025-12-12 23:00:00+00:00,90377.21,90455.2,90232.477,90276.6635,0.01334073,39.0,90351.475244
2025-12-13 00:00:00+00:00,90255.53,90453.787,90196.796,90345.095,0.003610857,27.0,90353.320401
2025-12-13 01:00:00+00:00,90336.345,90411.4,90065.8,90232.5675,0.011686478,43.0,90277.049978
2025-12-13 02:00:00+00:00,90225.9105,90358.7,90186.01,90233.3765,0.003038739,19.0,90265.03239
2025-12-13 03:00:00+00:00,90236.8,90509.67,90201.495,90358.715,0.004826412,18.0,90377.721061
2025-12-13 04:00:00+00:00,90344.715,90483.158,90254.894,90373.06,0.006647848,19.0,90343.151226
2025-12-13 05:00:00+00:00,90374.535,90442.311,90266.2655,90348.625,0.011406825,24.0,90396.82365
2025-12-13 06:00:00+00:00,90345.1065,90437.3,90227.5,90348.4555,0.463089596,25.0,90233.968221
2025-12-13 07:00:00+00:00,90378.8095,90472.21,90290.385,90363.0075,0.012491492,106.0,90386.445776
2025-12-13 08:00:00+00:00,90381.3575,90596.49,90347.015,90467.188,0.003746571,18.0,90451.904197
2025-12-13 09:00:00+00:00,90470.465,90539.3365,90359.489,90434.1415,0.002108,8.0,90464.639769
2025-12-13 10:00:00+00:00,90431.515,90663.025,90427.6625,90619.065,0.009190705,11.0,90606.851503
2025-12-13 11:00:00+00:00,90629.827,90670.554,90295.49,90368.115,0.056317862,15.0,90443.350563
2025-12-13 12:00:00+00:00,90380.7825,90534.054,90285.949,90377.38,0.000959702,6.0,90443.140061
2025-12-13 13:00:00+00:00,90386.5945,90484.85,90212.25,90266.84,0.001423858,7.0,90368.605488
2025-12-13 14:00:00+00:00,90281.65,91458.8964532015,90264.9945,91458.8964532015,0.000158565,1.0,90332.219
2025-12-13 15:00:00+00:00,90108.2605,91458.8964532015,90083.625,90102.8795,0.0,0.0,90771.2607266007
2025-12-13 16:00:00+00:00,90101.8555,90301.8,90018.1,90107.815,0.008748964,18.0,90212.666918
2025-12-13 17:00:00+00:00,90089.585,90152.3,90000.44,90063.865,0.101242329,10.0,90050.445674
2025-12-13 18:00:00+00:00,90073.875,90236.4,90053.77,90149.8515,0.108938472,13.0,90166.753233
2025-12-13 19:00:00+00:00,90138.8115,90297.387,90110.48,90229.6475,0.002010757,10.0,90218.196361
2025-12-13 20:00:00+00:00,90221.435,90259.3,90055.62,90112.8155,0.057748373,33.0,90141.577302
2025-12-13 21:00:00+00:00,90116.25,90242.36,89771.253,90187.609,0.001055996,14.0,90117.523485
2025-12-13 22:00:00+00:00,90187.5065,90264.5915,90017.5,90144.498,0.00016784,4.0,90148.46896
2025-12-13 23:00:00+00:00,90154.233,90319.9,90057.515,90278.9165,0.001067945,11.0,90234.835424
2025-12-14 00:00:00+00:00,90323.263,90505.2,90145.92,90353.7655,0.001414,11.0,90330.626762
2025-12-14 01:00:00+00:00,90366.08,90511.4,90210.9525,90335.625,0.00036785,8.0,90429.09421
2025-12-14 02:00:00+00:00,90299.7595,90437.4,90233.51,90318.7055,0.000451144,15.0,90308.149316
2025-12-14 03:00:00+00:00,90308.755,90372.7,90237.8,90266.85,0.011871732,12.0,90330.185192
2025-12-14 04:00:00+00:00,90293.435,90409.567,90132.8865,90192.6455,0.014918158,10.0,90249.977083
2025-12-14 05:00:00+00:00,90207.1065,90283.699,90051.096,90213.6385,0.0492995,9.0,90216.206617
2025-12-14 06:00:00+00:00,90218.4445,90270.782,90105.209,90182.542,0.000446612,8.0,90205.05716
2025-12-14 07:00:00+00:00,90163.66,90309.195,90082.545,90244.9895,0.018849524,9.0,90207.889998
2025-12-14 08:00:00+00:00,90269.63,90311.51,90113.85,90114.184,0.032419728,8.0,90183.781568
2025-12-14 09:00:00+00:00,90127.85,90202.4,90015.1395,90046.37,0.005715625,9.0,90188.834192
2025-12-14 10:00:00+00:00,90039.294,90145.85,89789.482,89858.889,0.039805327,19.0,89995.148123
2025-12-14 11:00:00+00:00,89857.34,90535.8714532015,88769.2864532015,89396.63,0.113000608,26.0,89219.431905
2025-12-14 12:00:00+00:00,89362.36,89691.2395,89092.335,89452.666,0.063092068,23.0,89494.517904
2025-12-14 13:00:00+00:00,89437.5785,89533.02,89100.1625,89498.6,0.001291947,12.0,89374.253974
2025-12-14 14:00:00+00:00,89510.651,89612.5,88922.9553633004,89125.65,0.003054575,18.0,89217.555176
2025-12-14 15:00:00+00:00,89103.83,89197.295,88928.3053633004,89049.9105,0.008623878,24.0,89083.97424
2025-12-14 16:00:00+00:00,89062.985,89418.5695,88583.114285714,88848.66,0.237779648,29.0,88744.76196
2025-12-14 17:00:00+00:00,88853.653,89078.27,88628.761,88818.637,0.018144546,22.0,88904.813467
2025-12-14 18:00:00+00:00,88817.824,89094.665,88728.76,88999.415,0.088527017,10.0,88868.705322
2025-12-14 19:00:00+00:00,89004.705,89025.95,88495.97,88661.34,0.026537699,12.0,88679.483741
2025-12-14 20:00:00+00:00,88657.718,90240.3049507385,88334.6,88572.6425,0.033225999,49.0,88712.725434
2025-12-14 21:00:00+00:00,88572.1,88746.1675,88359.795,88456.7,0.002678201,8.0,88560.128706
2025-12-14 22:00:00+00:00,88463.4695,88633.9,88018.423,88417.0725,0.038336071,21.0,88326.073603
2025-12-14 23:00:00+00:00,88446.41,90018.6300738915,87631.6642237864,88171.12,0.008647199,46.0,88086.172361
2025-12-15 00:00:00+00:00,88158.28,89966.5532237864,88068.3865,88467.65,0.005657439,12.0,88400.747869
2025-12-15 01:00:00+00:00,88487.067,89368.1405,88431.5205,89273.8845,0.003956855,14.0,88676.137136
2025-12-15 02:00:00+00:00,89264.945,90056.583,89239.153,89361.749,0.057493064,15.0,89245.127718
2025-12-15 03:00:00+00:00,89331.95,89600.3,89196.64,89320.03,0.023638595,27.0,89499.362293
2025-12-15 04:00:00+00:00,89312.82,89773.09,89272.226,89665.195,0.019505019,17.0,89660.703421
2025-12-15 05:00:00+00:00,89698.355,89774.9,89487.141,89616.1695,0.143064665,18.0,89715.921185
2025-12-15 06:00:00+00:00,89633.334,89932.6245,89417.947,89748.06,0.037134903,33.0,89594.190904
2025-12-15 07:00:00+00:00,89734.81,89837.6795,89535.0,89754.785,0.005541084,16.0,89650.916106
2025-12-15 08:00:00+00:00,89761.75,89948.131,89643.6275,89790.5745,0.001182276,10.0,89821.553366
2025-12-15 09:00:00+00:00,89786.98,89998.005,89741.148,89870.11,0.008489823,12.0,89881.946836
2025-12-15 10:00:00+00:00,89883.222,90004.5,89722.0095,89858.8205,0.13750868,13.0,89920.146191
2025-12-15 11:00:00+00:00,89875.55,89930.75,89581.2355,89641.805,0.006415063,15.0,89852.457571
2025-12-15 12:00:00+00:00,89653.865,89800.516,89420.559,89716.85,0.056616042,8.0,89741.4732
2025-12-15 13:00:00+00:00,89712.8385,89751.054,89274.25,89447.65,0.006971573,14.0,89442.243293
2025-12-15 14:00:00+00:00,89416.112,90171.3394334975,87838.77,88037.76,0.082746471,36.0,88562.746317
2025-12-15 15:00:00+00:00,88013.4115,89966.5532237864,86606.0645,87011.1925,0.345207201,87.0,87369.273235
2025-12-15 16:00:00+00:00,87033.81,87252.2,86057.285,86359.528,0.358510529,50.0,86671.702179
2025-12-15 17:00:00+00:00,86378.259,86486.915,85576.12,85739.7605,0.204494337,34.0,86163.181391
2025-12-15 18:00:00+00:00,85732.56,86267.95,85165.65,86166.882,0.120390468,53.0,85748.674091
2025-12-15 19:00:00+00:00,86183.4775,86548.33,85851.335,86140.124,0.03916295,25.0,86145.68444
2025-12-15 20:00:00+00:00,86136.57,88651.635,85587.875,85769.998,0.172292783,91.0,85932.121911
2025-12-15 21:00:00+00:00,85766.654,86292.71,85512.06,86205.165,0.414809689,24.0,85934.837711
2025-12-15 22:00:00+00:00,86229.7675,86282.158,85798.226,86238.19,0.641560291,23.0,86051.204702
2025-12-15 23:00:00+00:00,86222.857,88651.635,86096.0,86391.0875,0.049555704,20.0,86365.622509
2025-12-16 00:00:00+00:00,86407.93,86528.3825,85822.318,85836.46,0.035682342,11.0,85977.822626
2025-12-16 01:00:00+00:00,85848.2,86161.697,85660.7875,85884.803,0.00680416,19.0,85971.545382
2025-12-16 02:00:00+00:00,85884.634,86242.48,85781.99,85916.351,0.024248098,23.0,86077.196836
2025-12-16 03:00:00+00:00,85934.353,85995.96,85358.58,85855.01,0.008190901,41.0,85809.103414
2025-12-16 04:00:00+00:00,85857.6,85905.716,85251.14,85826.88,0.135453486,18.0,85772.990806
2025-12-16 05:00:00+00:00,85796.975,86215.02,85776.0025,86021.79,0.083282552,23.0,85948.470059
2025-12-16 06:00:00+00:00,86007.5125,86618.8,86007.5125,86467.7615,0.035999221,24.0,86432.556995
2025-12-16 07:00:00+00:00,86503.205,86599.5,85871.039756,85998.05,0.152629766,25.0,86037.036781
2025-12-16 08:00:00+00:00,86013.572,86371.9445,85914.6905,86261.074,0.012153168,16.0,86322.598223
2025-12-16 09:00:00+00:00,86253.001,86422.771,86169.31,86349.098,0.206091967,24.0,86272.983683
2025-12-16 10:00:00+00:00,86330.605,87325.7355,86245.841,86950.15,0.034814351,37.0,86890.384939
2025-12-16 11:00:00+00:00,86963.3,87350.3,86791.09,87249.155,0.062363252,23.0,87191.689999
2025-12-16 12:00:00+00:00,87219.6385,87482.625,87059.548,87197.23,0.103833017,15.0,87288.355074
2025-12-16 13:00:00+00:00,87203.15,87763.5565,85960.591133004,86424.8125,0.022658095,29.0,86961.177606
2025-12-16 14:00:00+00:00,86427.4505,87736.2525,86101.959,87279.885,0.298518403,53.0,87035.498556
2025-12-16 15:00:00+00:00,87280.702,88155.32,86810.68,87956.96,0.044494254,38.0,87232.754835
2025-12-16 16:00:00+00:00,87936.49,88081.2,87365.2,87587.59,0.029953591,35.0,87711.897301
2025-12-16 17:00:00+00:00,87574.625,87847.5615,87065.95,87118.0705,0.006921013,13.0,87442.22573
2025-12-16 18:00:00+00:00,87104.164,88006.2295,87044.948,87791.9375,0.121335685,20.0,87405.377065
2025-12-16 19:00:00+00:00,87796.8075,87796.8075,87267.772,87547.22,0.155998205,15.0,87305.832692
2025-12-16 20:00:00+00:00,87539.902,87839.7315,87327.506,87559.438,0.036789732,71.0,87661.448741
2025-12-16 21:00:00+00:00,87559.694,87917.183,87465.756,87735.9765,0.000623031,11.0,87712.164784
2025-12-16 22:00:00+00:00,87762.943,87924.3735,87626.491,87801.704,0.028904199,11.0,87784.136256
2025-12-16 23:00:00+00:00,87802.356,87881.1,87571.5605,87857.25,0.001912283,12.0,87794.360959
2025-12-17 00:00:00+00:00,87898.9,87898.9,87387.455,87517.883,0.050495618,15.0,87563.08711
2025-12-17 01:00:00+00:00,87528.545,87933.355,87463.5525,87523.675,0.01850142,24.0,87646.887019
2025-12-17 02:00:00+00:00,87574.75,87581.815,87152.046,87468.25,0.008331913,25.0,87369.446315
2025-12-17 03:00:00+00:00,87474.4525,87634.47,87130.635,87182.26,0.026892245,23.0,87531.967138
2025-12-17 04:00:00+00:00,87202.6315,87385.505,86697.36,86743.085,0.06054429,22.0,87046.935419
2025-12-17 05:00:00+00:00,86747.42,86747.42,86174.805,86608.73,0.024504946,20.0,86508.787644
2025-12-17 06:00:00+00:00,86582.16,86984.7725,86551.866,86732.18,0.004007871,17.0,86786.649345
2025-12-17 07:00:00+00:00,86748.9,87092.0,86558.502,87007.76,0.021452906,21.0,86856.795151
2025-12-17 08:00:00+00:00,87019.7705,87030.99,86275.1,86373.0,0.010937941,21.0,86688.261975
2025-12-17 09:00:00+00:00,86384.515,86575.974,86180.804,86389.0475,0.017751609,25.0,86388.253611
2025-12-17 10:00:00+00:00,86370.165,86844.2,86193.5655,86596.2345,0.017474741,16.0,86613.651252
2025-12-17 11:00:00+00:00,86588.33,87119.5025,86484.003,86952.695,0.042390722,14.0,86854.709217
2025-12-17 12:00:00+00:00,86989.367,87206.963,86797.075,87010.925,0.002016945,9.0,87000.45381
2025-12-17 13:00:00+00:00,87008.1,87822.85,86786.975,87606.07,0.064679092,16.0,87517.092672
2025-12-17 14:00:00+00:00,87606.703,89677.3915,87134.810416502,89644.4025,0.265157104,38.0,88954.980232
2025-12-17 15:00:00+00:00,89644.088,90332.8,87106.6,87219.27,0.246807837,36.0,89664.176252
2025-12-17 16:00:00+00:00,87196.98,87741.37,86121.045,86965.47,0.026472995,32.0,86959.017011
2025-12-17 17:00:00+00:00,86937.405,87082.68,86225.4,86378.395,0.085310488,14.0,86874.06468
2025-12-17 18:00:00+00:00,86376.465,87219.945566502,85606.1725,85792.915,0.187193438,22.0,86273.564912
2025-12-17 19:00:00+00:00,85768.57,86149.13,85267.6724384235,85978.4185,0.180230158,21.0,85492.040434
2025-12-17 20:00:00+00:00,85996.4375,86240.25,85602.355,85863.055,0.167843265,65.0,86051.221764
2025-12-17 21:00:00+00:00,85852.34,86049.41,85664.155,85937.808,0.128670275,13.0,85928.086036
2025-12-17 22:00:00+00:00,85937.575,86404.6695,85855.32,86305.555,0.004033531,12.0,86161.660228
2025-12-17 23:00:00+00:00,86308.782,86308.782,85904.205,86192.7275,0.001442303,11.0,86035.32474
2025-12-18 00:00:00+00:00,86205.0905,86313.31,86004.3,86182.05,0.00893872,12.0,86172.815029
2025-12-18 01:00:00+00:00,86193.7195,86850.4874384235,85820.41,86077.236,0.001895407,15.0,85984.361476
2025-12-18 02:00:00+00:00,86092.587,86842.736,85959.1,86658.08,0.003294637,14.0,86380.71914
2025-12-18 03:00:00+00:00,86658.6105,86669.55,86220.5,86568.424,0.011840497,6.0,86342.615658
2025-12-18 04:00:00+00:00,86568.775,86883.064,86545.454,86719.1925,0.007346376,14.0,86777.887278
2025-12-18 05:00:00+00:00,86705.7885,86769.86,86340.1525,86396.7055,0.102755989,21.0,86597.490914
2025-12-18 06:00:00+00:00,86401.9515,86636.3225,86360.35,86625.0585,0.001592606,8.0,86481.763342
2025-12-18 07:00:00+00:00,86630.59,86870.575,86556.27,86796.624,0.127863964,20.0,86842.652749
2025-12-18 08:00:00+00:00,86789.325,87136.901,86659.579,86937.929,0.123127769,21.0,86913.628978
2025-12-18 09:00:00+00:00,86953.58,87364.72,86759.153,87220.27,0.009983672,19.0,87096.605806
2025-12-18 10:00:00+00:00,87241.4945,87425.845,87154.13,87291.665,0.029734,10.0,87286.784417
2025-12-18 11:00:00+00:00,87339.15,87339.7,87017.6,87220.3905,0.014357463,16.0,87232.413597
2025-12-18 12:00:00+00:00,87263.8335,87396.09,87061.7,87231.494,0.019197532,17.0,87221.428736
2025-12-18 13:00:00+00:00,87239.77,89385.734805,86854.73,88790.425,1.233766449,35.0,87774.797203
2025-12-18 14:00:00+00:00,88826.7965,89421.936,87697.1135,88300.84,0.802224814,34.0,88495.625749
2025-12-18 15:00:00+00:00,88300.34,89317.675,87918.2495,88456.563,0.083235767,20.0,88538.222299
2025-12-18 16:00:00+00:00,88452.2,89210.543019619,87803.4485,87966.9165,0.231450033,31.0,88342.320435
2025-12-18 17:00:00+00:00,87959.805,88006.66,85403.4,86441.515,0.036808077,42.0,86111.686636
2025-12-18 18:00:00+00:00,86443.44,87788.5024130425,85668.7085,85918.335,0.285413822,21.0,86391.796798
2025-12-18 19:00:00+00:00,85931.9095,87788.5024130425,84428.0755,84437.1335,0.149602722,43.0,84957.378633
2025-12-18 20:00:00+00:00,84433.785,87433.051265477,84402.748,84580.635,0.070457234,72.0,84865.321129
2025-12-18 21:00:00+00:00,84556.7885,87433.051265477,84536.887790858,85595.69,0.050015184,28.0,85217.308702
2025-12-18 22:00:00+00:00,85596.94,87433.051265477,85232.3235,85536.9635,0.007157546,5.0,85581.068609
2025-12-18 23:00:00+00:00,85532.661,85580.5,85271.744,85457.75,0.007293019,15.0,85470.746335
2025-12-19 00:00:00+00:00,85486.9875,85581.5,85231.0385,85567.5245,0.01279526,15.0,85423.386078
2025-12-19 01:00:00+00:00,85541.75,85556.17,85061.155,85264.107,0.085961557,9.0,85200.158974
2025-12-19 02:00:00+00:00,85285.925,87296.3841864415,85074.73,85602.95,0.010367363,17.0,85302.637797
2025-12-19 03:00:00+00:00,85603.4,87516.415,85555.8315,86823.65,0.011201549,6.0,87162.209174
2025-12-19 04:00:00+00:00,86841.159,87322.439,85841.4642118225,87038.35,0.016004101,8.0,86963.300713
2025-12-19 05:00:00+00:00,87053.635,87187.41,86604.55,87087.0,0.016852007,10.0,86869.94728
2025-12-19 06:00:00+00:00,87088.2865,87416.744,86834.598,87415.4375,0.110197767,11.0,87051.875631
2025-12-19 07:00:00+00:00,87418.969,88342.8085,87401.5945,87898.1,0.009564044,24.0,87895.737166
2025-12-19 08:00:00+00:00,87898.767,88203.887,87657.3,88047.31,0.027226545,25.0,88062.599024
2025-12-19 09:00:00+00:00,88030.01,88131.725,87825.45,88046.883,0.004036,15.0,87993.337263
2025-12-19 10:00:00+00:00,88039.305,88276.5355,87867.6125,88237.1375,0.021601008,28.0,88079.849756
2025-12-19 11:00:00+00:00,88234.85,88334.997,88075.882,88129.12,0.008911421,8.0,88269.788124
2025-12-19 12:00:00+00:00,88148.55,88241.427,87784.8,87784.8,0.006551996,22.0,88025.942355
2025-12-19 13:00:00+00:00,87820.415,88164.274,87769.5,87949.58,0.003991718,18.0,87920.984603
2025-12-19 14:00:00+00:00,87949.438,88470.265,87455.9905,88112.6855,0.018377136,13.0,88026.850087
2025-12-19 15:00:00+00:00,88111.02,89348.5375,87650.5615,87907.5265,0.045518479,23.0,88169.515129
2025-12-19 16:00:00+00:00,87887.13,88849.58,87804.976,87907.35,0.015318841,25.0,88268.469296
2025-12-19 17:00:00+00:00,87923.63,88302.98,86810.8235,86890.333,0.034305502,20.0,87570.114946
2025-12-19 18:00:00+00:00,86881.7,87425.325,86789.6055,87094.427,0.03766719,13.0,87073.553516
2025-12-19 19:00:00+00:00,87095.094,88078.029,87066.6075,87803.2,0.013128464,9.0,87760.43101
2025-12-19 20:00:00+00:00,87808.5565,88357.19,87533.875,88003.0,0.038637919,66.0,88132.120637
2025-12-19 21:00:00+00:00,88012.0375,88049.327,87737.394,87788.777,0.001145,7.0,87914.828087
2025-12-19 22:00:00+00:00,87780.3,88378.485,87780.3,88316.7435,0.001465274,10.0,88162.563506
2025-12-19 23:00:00+00:00,88282.925,88332.35,88077.9995,88083.95,0.004933677,11.0,88168.036064
2025-12-20 00:00:00+00:00,88144.7,88153.0065,87910.6315,87966.7045,0.007072787,13.0,88127.06239
2025-12-20 01:00:00+00:00,87967.7165,88129.85,87952.795,88035.6615,0.00256925,8.0,88054.135506
2025-12-20 02:00:00+00:00,88030.3695,88334.98,87956.01268,88166.6,0.002507008,22.0,88105.98781
2025-12-20 03:00:00+00:00,88186.0,88328.179,88126.7885,88167.035,0.000673,8.0,88243.104712
2025-12-20 04:00:00+00:00,88169.45,89153.637135,88072.164,88248.0465,0.029874552,16.0,88252.023518
2025-12-20 05:00:00+00:00,88259.3025,88533.155,88223.445,88266.905,0.003248387,9.0,88426.632287
2025-12-20 06:00:00+00:00,88266.25,88455.616,88231.25,88271.7485,0.003236,10.0,88403.409891
2025-12-20 07:00:00+00:00,88276.64,88297.15,88134.7,88229.36,0.172674335,12.0,88241.147302
2025-12-20 08:00:00+00:00,88238.8875,88436.77,88200.9,88200.9,0.017054537,22.0,88331.827699
2025-12-20 09:00:00+00:00,88195.2,88319.843,88159.045,88196.109,0.007307558,12.0,88257.787734
2025-12-20 10:00:00+00:00,88174.556,88262.442,88067.056,88123.0,0.003354193,10.0,88166.443076
2025-12-20 11:00:00+00:00,88115.935,88288.93,88036.375,88248.74,0.145414176,12.0,88133.423451
2025-12-20 12:00:00+00:00,88236.5,88326.08,88107.01,88199.2,0.005823982,17.0,88237.141506
2025-12-20 13:00:00+00:00,88195.03,88330.86,87780.57,88214.879,0.0656059,19.0,88289.470806
2025-12-20 14:00:00+00:00,88213.7835,88249.145,87960.63,88210.75,0.064119184,18.0,88102.251877
2025-12-20 15:00:00+00:00,88201.269,88230.972,87967.705,88145.397,0.023608598,9.0,88192.365444
2025-12-20 16:00:00+00:00,88138.6805,88231.97,88078.25,88110.202,0.008597413,21.0,88150.172491
2025-12-20 17:00:00+00:00,88121.67,88248.6,88063.51,88150.77,0.004943594,21.0,88151.717937
2025-12-20 18:00:00+00:00,88151.62,88375.87,88062.096,88276.222,0.05841591,9.0,88167.070519
2025-12-20 19:00:00+00:00,88292.993,88340.8,88122.7,88206.5445,0.01296996,20.0,88178.037422
2025-12-20 20:00:00+00:00,88211.6045,88285.5,88142.0,88250.9295,0.01938344,36.0,88201.108316
2025-12-20 21:00:00+00:00,88248.8215,88425.21,88167.7281,88189.3386,0.000254,2.0,88327.619437
2025-12-20 22:00:00+00:00,88195.3281,88317.6,88099.679,88245.783,0.004218176,7.0,88251.48069
2025-12-20 23:00:00+00:00,88253.2055,88400.3,88205.0485,88323.1825,0.001828565,12.0,88334.332481
2025-12-21 00:00:00+00:00,88390.16,88404.03,88263.455,88356.6785,0.001580945,4.0,88383.834599
2025-12-21 01:00:00+00:00,88354.0845,88356.5185,87969.875,88005.0655,0.007862993,15.0,88298.856162
2025-12-21 02:00:00+00:00,87988.198,88124.822,87834.5045,87934.1,0.011952258,12.0,87948.766072
2025-12-21 03:00:00+00:00,87936.745,88139.7655,87869.32,88065.9375,0.003617438,8.0,88065.479572
2025-12-21 04:00:00+00:00,88043.2965,88133.455,88001.6,88054.825,0.00143679,7.0,88067.343269
2025-12-21 05:00:00+00:00,88028.0,88152.63,88027.54,88092.4665,0.0015485,6.0,88045.844075
2025-12-21 06:00:00+00:00,88108.32,88197.4695,88044.395,88054.896,0.000305588,3.0,88069.312583
2025-12-21 07:00:00+00:00,88074.96,88156.462,88035.442,88143.712,0.000297,4.0,88090.070673
2025-12-21 08:00:00+00:00,88142.85,88712.75,88111.65,88502.335,0.020078319,15.0,88463.300313
2025-12-21 09:00:00+00:00,88523.65,89052.255,88451.15,88882.607,0.023570743,20.0,88625.538417
2025-12-21 10:00:00+00:00,88864.133,88958.54,88527.278,88629.7195,0.018033806,11.0,88712.943492
2025-12-21 11:00:00+00:00,88638.305,88720.1795,88543.65,88577.79,0.006263177,9.0,88649.298384
2025-12-21 12:00:00+00:00,88580.6945,88909.5,88429.855,88621.15,0.003476967,10.0,88650.931696
2025-12-21 13:00:00+00:00,88613.1,88670.65,87565.8135,87654.32,0.035927158,23.0,87988.777532
2025-12-21 14:00:00+00:00,87646.502,88112.75,87589.039,88031.809,0.006437666,13.0,87972.284139
2025-12-21 15:00:00+00:00,88047.285,88234.95,87771.295,88031.2085,0.004935,5.0,87886.159259
2025-12-21 16:00:00+00:00,88036.05,88343.915,87949.412,88310.035,0.004550696,19.0,88139.308313
2025-12-21 17:00:00+00:00,88348.9,88484.695,88242.425,88304.8785,0.001950428,10.0,88379.398431
2025-12-21 18:00:00+00:00,88274.455,88438.072,87909.75,88405.6,0.021052688,7.0,88408.730286
2025-12-21 19:00:00+00:00,88424.955,89255.083275862,88177.6885,88470.7955,0.041921281,5.0,88217.358771
2025-12-21 20:00:00+00:00,88445.6645,88492.805,88171.374,88216.478,0.236459618,31.0,88268.656835
2025-12-21 21:00:00+00:00,88219.965,88377.7,88058.561,88142.5625,0.008414,7.0,88237.68775
2025-12-21 22:00:00+00:00,88143.265,88483.5135,88097.2855,88471.7705,0.002353536,14.0,88282.941503
2025-12-21 23:00:00+00:00,88450.045,88799.625,88333.8235,88651.7895,0.014404802,11.0,88548.248279
2025-12-22 00:00:00+00:00,88687.526,89609.9695,88591.0695,88613.721,0.028199253,17.0,89231.024344
2025-12-22 01:00:00+00:00,88609.5065,89268.4775,88480.1015,88617.452,0.007801681,14.0,88858.691972
2025-12-22 02:00:00+00:00,88587.715,89255.083275862,87885.483,88438.305,0.006462036,8.0,88247.11936
2025-12-22 03:00:00+00:00,88447.1255,88845.4915,88253.132,88756.555,0.006696372,11.0,88723.438457
2025-12-22 04:00:00+00:00,88739.3,89019.1,88666.248,88870.4365,0.077441338,11.0,88994.139423
2025-12-22 05:00:00+00:00,88871.6985,88981.341,88720.575,88810.73,0.107560346,8.0,88938.002801
2025-12-22 06:00:00+00:00,88800.555,88985.905,88677.244,88872.0895,0.000541032,7.0,88800.60856
2025-12-22 07:00:00+00:00,88879.855,89183.235,88853.25,89108.93,0.040614282,11.0,89102.560792
2025-12-22 08:00:00+00:00,89123.785,89894.95,89052.7155,89307.8385,0.021919025,26.0,89337.58616
2025-12-22 09:00:00+00:00,89306.37,89808.675,89248.5775,89783.982,0.015603905,14.0,89597.471072
2025-12-22 10:00:00+00:00,89803.6075,89839.425,89550.573,89762.4065,0.006875363,12.0,89703.299197
2025-12-22 11:00:00+00:00,89741.9025,90067.2985,89600.925,89906.645,0.054650632,19.0,89779.751197
2025-12-22 12:00:00+00:00,89923.034,90547.1415,89816.91,90191.195,0.012954233,16.0,90060.76517
2025-12-22 13:00:00+00:00,90167.5,90305.985,89696.065,89881.7815,0.051597755,18.0,90030.724617
2025-12-22 14:00:00+00:00,89895.02,90486.610369458,89394.2235,90113.626,0.057000141,24.0,90075.714174
2025-12-22 15:00:00+00:00,90093.285,90396.1865,89146.6685,89704.717,0.045864018,17.0,89710.989372
2025-12-22 16:00:00+00:00,89706.2405,90486.610369458,89476.9215,89508.515,0.142224075,26.0,89611.204679
2025-12-22 17:00:00+00:00,89517.9915,89583.393,89038.8115,89267.2555,0.022314868,13.0,89331.289992
2025-12-22 18:00:00+00:00,89269.8265,90486.610369458,89081.71,89113.47,0.007767767,11.0,89388.52815
2025-12-22 19:00:00+00:00,89113.0675,89113.0675,87921.83,88016.535,0.030075973,15.0,88535.184562
2025-12-22 20:00:00+00:00,88018.493,88441.8,87855.06,88296.935,0.208231222,67.0,88059.146316
2025-12-22 21:00:00+00:00,88303.575,88590.449,88182.06,88214.235,0.472351703,24.0,88278.812371
2025-12-22 22:00:00+00:00,88230.795,88774.385,88103.09,88621.385,0.004192977,24.0,88324.956693
2025-12-22 23:00:00+00:00,88614.3,88659.381,88348.095,88574.855,0.009840466,14.0,88469.984774
2025-12-23 00:00:00+00:00,88548.5,88899.77,88406.64,88719.728,0.052199386,13.0,88611.488333
2025-12-23 01:00:00+00:00,88713.416,88863.8,88359.682,88462.355,0.011840672,16.0,88656.926595
2025-12-23 02:00:00+00:00,88459.7125,88714.849,88050.729,88149.65,0.00501343,9.0,88372.333775
2025-12-23 03:00:00+00:00,88165.303,88312.784,87740.879,88141.989267,0.034297636,10.0,88181.974677
2025-12-23 04:00:00+00:00,88123.681267,88326.865,87865.895,87867.146,0.003486513,15.0,88114.691776
2025-12-23 05:00:00+00:00,87826.288,89501.388694581,87546.22,87691.681,0.048392811,26.0,87837.138768
2025-12-23 06:00:00+00:00,87692.8,89501.388694581,86996.224,87329.297,0.119360346,13.0,87218.577014
2025-12-23 07:00:00+00:00,87333.295,87657.995,87302.6795,87497.99,0.029475709,11.0,87445.176468
2025-12-23 08:00:00+00:00,87518.8645,87641.87,87365.765,87426.835,0.195696562,16.0,87505.705779
2025-12-23 09:00:00+00:00,87415.65,87602.281,87237.555,87470.9495,0.016396128,16.0,87520.693275
2025-12-23 10:00:00+00:00,87487.0665,87615.0,87418.9,87546.2,0.00938571,16.0,87583.071915
2025-12-23 11:00:00+00:00,87531.06,87851.12,87471.9,87816.8,0.012601702,13.0,87782.993779
2025-12-23 12:00:00+00:00,87800.825,87903.421,87540.05,87739.556,0.004802428,8.0,87728.747478
2025-12-23 13:00:00+00:00,87725.455,89501.388694581,87378.965,87577.36,0.003318263,11.0,87704.173513
2025-12-23 14:00:00+00:00,87572.96,89501.388694581,86545.001,86819.541,0.075273384,15.0,87649.900273
2025-12-23 15:00:00+00:00,86807.52,87541.89,86637.8225,87396.5245,0.050420051,24.0,87253.37558
2025-12-23 16:00:00+00:00,87387.5,89255.083275862,87268.6145,87952.305,0.039739615,27.0,87657.200044
2025-12-23 17:00:00+00:00,87945.6795,88248.058,87114.597,87134.03,0.037398763,19.0,87726.332716
2025-12-23 18:00:00+00:00,87137.6615,88134.2,87111.815,87929.325,0.082179026,27.0,87435.639605
2025-12-23 19:00:00+00:00,87903.919,87998.21,87568.9215,87713.2,0.084334314,18.0,87687.944548
2025-12-23 20:00:00+00:00,87701.69,89499.4182512315,87469.3635,87614.3755,0.056523498,43.0,87824.663795
2025-12-23 21:00:00+00:00,87629.045,87802.128,87461.195,87672.2035,0.22754028,11.0,87646.920718
2025-12-23 22:00:00+00:00,87662.717,87705.0145,87201.295,87356.8,0.59302592,28.0,87439.31499
2025-12-23 23:00:00+00:00,87359.2545,87497.29,87133.765,87416.55,0.010058867,5.0,87378.534961
2025-12-24 00:00:00+00:00,87405.131,87619.71,87194.5,87606.2055,0.003972775,3.0,87597.385833
2025-12-24 01:00:00+00:00,87608.7855,87783.5,87436.65,87563.059,0.001117,7.0,87620.41855
2025-12-24 02:00:00+00:00,87554.855,87611.66,86871.075,87074.7,0.007812917,13.0,87264.603844
2025-12-24 03:00:00+00:00,87072.092,87341.1905,86800.535,87283.4285,0.002574415,10.0,87071.187792
2025-12-24 04:00:00+00:00,87295.9105,87409.865,87028.92,87079.2,0.003111762,9.0,87250.304763
2025-12-24 05:00:00+00:00,87080.435,87208.4,86727.49,86883.94,0.010667773,8.0,86956.604719
2025-12-24 06:00:00+00:00,86891.4765,87031.37,86732.5182512315,86959.8035,0.071703388,15.0,86841.508221
2025-12-24 07:00:00+00:00,86977.715,87133.104905,86833.105,86842.74,0.00314052,12.0,87002.294423
2025-12-24 08:00:00+00:00,86846.1645,87056.88,86713.6832512315,86737.5407512315,0.17510531,14.0,86862.147777
2025-12-24 09:00:00+00:00,86742.9882512315,86841.1285,86651.537,86727.4,0.026009739,9.0,86731.868879
2025-12-24 10:00:00+00:00,86739.191,87142.275,86729.4,87030.635,0.00930275,9.0,87067.777987
2025-12-24 11:00:00+00:00,87007.9685,87310.5395,87007.9685,87145.582,0.036343164,14.0,87198.214901
2025-12-24 12:00:00+00:00,87165.7765,87438.139045,87077.155,87375.65,0.030084485,11.0,87327.925044
2025-12-24 13:00:00+00:00,87384.25,87392.8085,86954.9,87232.7575,0.001830124,4.0,87131.5421
2025-12-24 14:00:00+00:00,87233.6515,87399.71,86356.4915,86936.9175,1.006644973,11.0,86863.730025
2025-12-24 15:00:00+00:00,86932.4305,87168.8,86522.42,86992.7415,0.074739617,16.0,86816.605804
2025-12-24 16:00:00+00:00,86967.705,89255.083275862,86833.417320862,87202.4925,1.88824398,30.0,87253.853223
2025-12-24 17:00:00+00:00,87219.195,87524.1405,87173.455,87265.6135,0.142221328,48.0,87328.844914
2025-12-24 18:00:00+00:00,87242.745,87451.2235,87162.1985,87410.565,0.00160949,6.0,87340.764646
2025-12-24 19:00:00+00:00,87407.8655,87568.7,87283.7755,87504.345,0.002540649,7.0,87463.351067
2025-12-24 20:00:00+00:00,87501.15,87632.219,87464.8725,87487.705,0.000335593,3.0,87580.820179
2025-12-24 21:00:00+00:00,87499.21,87768.48,87486.65,87616.305,0.001081229,7.0,87605.240392
2025-12-24 22:00:00+00:00,87640.945,87998.96,87639.881,87945.9,0.076937147,7.0,87755.252105
2025-12-24 23:00:00+00:00,87939.7,87999.1,87519.315,87623.52,2.487554998,14.0,87634.945802
2025-12-25 00:00:00+00:00,87618.505,87725.2,87452.43,87502.11,0.000570666,8.0,87626.200129
2025-12-25 01:00:00+00:00,87503.03,87710.19,87498.125,87645.775,0.001635381,7.0,87632.907577
2025-12-25 02:00:00+00:00,87644.295,87917.895,87500.676,87816.6395,0.001533138,12.0,87780.695545
2025-12-25 03:00:00+00:00,87840.568,87872.5965,87693.73,87790.605,0.003083393,6.0,87778.252789
2025-12-25 04:00:00+00:00,87806.2235,87806.2235,87657.851,87730.365,0.000335273,6.0,87738.169665
2025-12-25 05:00:00+00:00,87705.9745,87784.424,87591.787,87692.03,0.002092684,5.0,87743.246866
2025-12-25 06:00:00+00:00,87708.847,87829.24,87623.481,87776.108,1.094914697,16.0,87817.195357
2025-12-25 07:00:00+00:00,87781.294,87823.7505,87644.2,87798.378,0.000913958,10.0,87739.509006
2025-12-25 08:00:00+00:00,87805.502,87853.86,87274.861,87522.52,0.001490316,8.0,87467.890033
2025-12-25 09:00:00+00:00,87529.74,87576.27,87400.0,87454.395,0.004521534,6.0,87541.386778
2025-12-25 10:00:00+00:00,87466.952,87483.728,87191.15,87346.3365,0.016244547,12.0,87390.129892
2025-12-25 11:00:00+00:00,87359.399,87545.9165,87328.495,87478.857,0.00725374,9.0,87525.236003
2025-12-25 12:00:00+00:00,87452.0655,87543.35,87373.557,87519.606,0.011562947,10.0,87521.670087
2025-12-25 13:00:00+00:00,87497.858,87670.35,87335.81,87572.8,0.026913088,13.0,87565.428776
2025-12-25 14:00:00+00:00,87577.9895,87732.3435,87488.31,87664.906,0.049930825,20.0,87616.798401
2025-12-25 15:00:00+00:00,87664.5675,88537.1,87658.7395,88303.7815,0.011903423,33.0,88150.893227
2025-12-25 16:00:00+00:00,88313.6065,88432.134,87838.873850837,88024.23,0.04467379,54.0,88288.49281
2025-12-25 17:00:00+00:00,88019.3,88161.25,87926.128,88097.6985,0.034214102,14.0,88147.616896
2025-12-25 18:00:00+00:00,88076.358,88278.555,88074.61,88177.358,0.030148642,15.0,88121.239408
2025-12-25 19:00:00+00:00,88177.72,88197.275,87997.37,88099.012,0.00544327,9.0,88070.82381
2025-12-25 20:00:00+00:00,88130.0,88130.0,87567.507,87849.1545,0.012962208,37.0,87854.767548
2025-12-25 21:00:00+00:00,87836.0,87944.734,87751.1645,87841.735,0.024831452,4.0,87876.187383
2025-12-25 22:00:00+00:00,87888.8,87888.8,87260.01,87592.2175,0.001720055,7.0,87563.521633
2025-12-25 23:00:00+00:00,87604.8695,87838.873850837,86871.48,87170.4,0.058489383,10.0,87009.676503
2025-12-26 00:00:00+00:00,87184.57,87446.755624236,86835.166,87072.5745,0.10395,9.0,87177.290742
2025-12-26 01:00:00+00:00,87064.797,87433.215,87064.155,87388.5585,0.076670059,7.0,87157.385832
2025-12-26 02:00:00+00:00,87368.162,89356.935,87349.85,89103.81,0.026877307,25.0,88739.123007
2025-12-26 03:00:00+00:00,89102.35,89238.464,88612.535,88766.029,0.125255287,22.0,89143.345276
2025-12-26 04:00:00+00:00,88763.35,89067.75,88440.02,88900.3695,0.01572191,6.0,89009.430196
2025-12-26 05:00:00+00:00,88904.7,89013.229,88703.95,88933.385,0.00395312,16.0,88903.165104
2025-12-26 06:00:00+00:00,88918.464,89196.6,88912.572,89036.8365,0.074878434,27.0,89056.109406
2025-12-26 07:00:00+00:00,89070.25,89506.316,88273.8195,88382.331,0.057804181,28.0,89152.805108
2025-12-26 08:00:00+00:00,88381.109,88827.7,88324.55,88679.8515,0.004963012,13.0,88584.117181
2025-12-26 09:00:00+00:00,88673.33,88855.835,88577.951,88749.3505,0.035744195,9.0,88764.602036
2025-12-26 10:00:00+00:00,88776.865,88848.29,88581.56,88690.409,0.002179292,16.0,88777.207293
2025-12-26 11:00:00+00:00,88691.8015,88712.82,88433.08,88470.15,0.040672276,24.0,88653.516424
2025-12-26 12:00:00+00:00,88489.192,88743.97,88476.485,88621.064,0.034152799,11.0,88681.345014
2025-12-26 13:00:00+00:00,88635.656,89006.99,88547.986,88937.947,0.00468384,13.0,88727.170001
2025-12-26 14:00:00+00:00,88948.0825,89260.009384236,87276.776,87318.195,0.043173547,41.0,88354.615892
2025-12-26 15:00:00+00:00,87325.81,87325.81,86580.775,87073.702,0.256227518,46.0,87062.398352
2025-12-26 16:00:00+00:00,87073.135,87319.9105,86757.749,86757.8365,0.158700652,28.0,87164.538747
2025-12-26 17:00:00+00:00,86777.185,87386.6,86719.2555,87246.0,0.086414673,17.0,87160.298387
2025-12-26 18:00:00+00:00,87273.166,87309.98,87029.44,87213.665,0.210639075,16.0,87173.137346
2025-12-26 19:00:00+00:00,87186.6945,87504.2975,87152.396,87424.48,0.006467009,11.0,87304.870666
2025-12-26 20:00:00+00:00,87404.033,87770.495,87316.5,87517.045,0.287752547,58.0,87626.988937
2025-12-26 21:00:00+00:00,87509.32,87639.1925,87371.1015,87395.44,0.014599731,6.0,87585.667217
2025-12-26 22:00:00+00:00,87395.23,87568.19,87242.4755,87472.83,0.006660765,14.0,87492.419602
2025-12-26 23:00:00+00:00,87462.999,87502.7,87234.8,87287.8,0.00519921,16.0,87446.895121
2025-12-27 00:00:00+00:00,87320.052,87364.3,87151.9,87344.55,0.034047871,11.0,87334.129477
2025-12-27 01:00:00+00:00,87381.7,87455.0,87265.7595,87411.7,0.14697977,19.0,87380.609268
2025-12-27 02:00:00+00:00,87349.5,87449.948,87329.2415,87392.74,0.019169911,15.0,87439.082716
2025-12-27 03:00:00+00:00,87394.8,87491.9,87310.1245,87437.345,0.002108543,10.0,87379.862347
2025-12-27 04:00:00+00:00,87446.71,87495.878,87341.56,87403.5865,0.00391287,7.0,87491.425722
2025-12-27 05:00:00+00:00,87443.135,87477.872,87366.406,87453.99,0.064926487,7.0,87370.679168
2025-12-27 06:00:00+00:00,87437.07,87549.591,87329.4,87415.66,0.035728542,20.0,87430.242445
2025-12-27 07:00:00+00:00,87408.598,87657.4355,87408.598,87475.4,0.058097468,16.0,87495.909432
2025-12-27 08:00:00+00:00,87493.4315,87641.23,87471.82,87540.6515,0.012158811,20.0,87577.200856
2025-12-27 09:00:00+00:00,87539.4765,87639.6,87494.3,87593.712,0.00488325,14.0,87582.915651
2025-12-27 10:00:00+00:00,87576.884,87591.085,87310.5175,87458.46,0.154879264,16.0,87421.543716
2025-12-27 11:00:00+00:00,87468.3,87531.08,87379.9,87443.055,0.004796268,10.0,87510.254236
2025-12-27 12:00:00+00:00,87438.066,87497.608,87367.725,87440.6515,0.001749917,11.0,87461.211313
2025-12-27 13:00:00+00:00,87437.1,87489.091,87269.7385,87411.939,0.011933528,9.0,87456.685118
2025-12-27 14:00:00+00:00,87455.378,87524.784,87327.99,87490.265,0.114010702,18.0,87432.175207
2025-12-27 15:00:00+00:00,87487.9,87581.04,87399.672,87499.9,0.010916786,33.0,87527.682751
2025-12-27 16:00:00+00:00,87501.685,88788.727463679,87386.7415,87428.064,0.007085404,20.0,87534.085708
2025-12-27 17:00:00+00:00,87455.35,87545.3,87406.12,87493.9195,0.025616568,10.0,87458.915559
2025-12-27 18:00:00+00:00,87507.667,87565.41,87392.596,87433.95,0.015470987,11.0,87529.329688
2025-12-27 19:00:00+00:00,87434.85,87566.2,87395.97,87505.7835,0.012348826,7.0,87556.085501
2025-12-27 20:00:00+00:00,87504.7265,87586.7825,87430.87,87516.165,0.02797498,29.0,87487.565624
2025-12-27 21:00:00+00:00,87517.535,87655.39,87489.25,87613.646,0.004576998,11.0,87535.04599
2025-12-27 22:00:00+00:00,87642.185,87899.49,87422.82,87504.0025,0.006129455,40.0,87612.540227
2025-12-27 23:00:00+00:00,87519.233,88926.6584981615,87486.701,87812.9,0.001746162,17.0,87745.117233
2025-12-28 00:00:00+00:00,87842.5,87902.2,87638.2,87773.9435,0.012897803,17.0,87834.388886
2025-12-28 01:00:00+00:00,87809.28,87901.62,87655.7365,87734.105,0.00333548,10.0,87725.623161
2025-12-28 02:00:00+00:00,87727.475,87870.7,87677.65,87740.772,0.000972358,5.0,87805.435144
2025-12-28 03:00:00+00:00,87696.976,87820.23,87642.2,87671.556,0.000987341,12.0,87744.833374
2025-12-28 04:00:00+00:00,87681.0535,87793.917,87612.085,87655.1585,0.000888836,4.0,87720.498977
2025-12-28 05:00:00+00:00,87613.14,87682.247,87536.9115,87606.299,0.006151283,10.0,87642.907307
2025-12-28 06:00:00+00:00,87586.321,87780.483,87570.6,87652.3135,0.00392017,8.0,87702.73219
2025-12-28 07:00:00+00:00,87659.0045,87701.7,87588.041,87674.484,0.002543,7.0,87690.382261
2025-12-28 08:00:00+00:00,87679.87,87918.953,87661.2,87754.05,0.004406182,16.0,87724.221556
2025-12-28 09:00:00+00:00,87737.5825,87877.1,87653.873,87725.3,0.021220734,11.0,87854.866059
2025-12-28 10:00:00+00:00,87736.492,87952.91,87728.013,87795.7,0.018728373,16.0,87869.662188
2025-12-28 11:00:00+00:00,87803.305,87898.25,87743.835,87831.05,0.003408684,11.0,87855.635988
2025-12-28 12:00:00+00:00,87810.3235,87843.97,87709.878,87774.24,0.004444136,11.0,87726.025126
2025-12-28 13:00:00+00:00,87711.4,87907.86,87711.4,87817.635,0.000364628,5.0,87794.622114
2025-12-28 14:00:00+00:00,87824.25,88013.5,87811.11,87849.8625,0.007867038,26.0,87903.940619
2025-12-28 15:00:00+00:00,87834.244,87985.821,87748.9,87768.584,0.000504173,3.0,87938.473996
2025-12-28 16:00:00+00:00,87771.57,87838.7555,87667.565,87762.14,0.008269464,11.0,87788.262011
2025-12-28 17:00:00+00:00,87760.5525,87873.8525,87686.736,87687.3875,0.000418666,6.0,87824.622097
2025-12-28 18:00:00+00:00,87699.185,89393.0143103445,87422.7945,87540.8285,0.168482344,9.0,87712.734417
2025-12-28 19:00:00+00:00,87541.08,87644.5,87431.306,87460.4215,0.00329977,5.0,87540.116952
2025-12-28 20:00:00+00:00,87435.9145,87650.11,87369.38,87432.32,0.082259215,21.0,87492.878525
2025-12-28 21:00:00+00:00,87447.5895,87557.724,87366.219,87515.08,0.01636357,4.0,87555.341217
2025-12-28 22:00:00+00:00,87520.578,87929.805,87404.8,87839.85,0.0028172,8.0,87612.32298
2025-12-28 23:00:00+00:00,87826.5435,87977.148,87538.52,87888.52,0.015042046,13.0,87717.167841
2025-12-29 00:00:00+00:00,87898.1,88364.215,87728.817,88215.3,0.018806802,31.0,87994.459251
2025-12-29 01:00:00+00:00,88204.85,88402.55,87790.62,88348.795,0.11740557,24.0,88264.37815
2025-12-29 02:00:00+00:00,88360.5,89298.185,88360.5,89062.59,0.00743308,23.0,88955.727642
2025-12-29 03:00:00+00:00,89081.4535,90085.551,88165.2371783645,90028.69,0.033202792,32.0,89720.053576
2025-12-29 04:00:00+00:00,90016.739,90315.655,89830.1,90036.9535,0.014695428,31.0,90032.290896
2025-12-29 05:00:00+00:00,90075.5895,90228.3175,89839.145,89925.9683333333,0.16434964,25.0,89950.365432
2025-12-29 06:00:00+00:00,89917.6268333333,90079.22,89642.23,89714.0491666667,0.011998253,26.0,89861.45839
2025-12-29 07:00:00+00:00,89704.6091666667,89757.9925,88926.6584981615,89511.936,0.031989234,29.0,89459.775243
2025-12-29 08:00:00+00:00,89509.846,89758.87,89345.3345,89442.473,0.003025399,19.0,89624.735338
2025-12-29 09:00:00+00:00,89453.976,89494.8415,87663.352,87985.5865,0.125351896,24.0,88454.771166
2025-12-29 10:00:00+00:00,88001.01,88160.44,87533.94,87647.905,0.01893338,13.0,87868.319457
2025-12-29 11:00:00+00:00,87650.7125,87698.3,87434.898,87434.898,0.17670779,20.0,87528.915171
2025-12-29 12:00:00+00:00,87461.603,88019.804456002,86699.507389162,87260.76,0.033640056,21.0,87015.150578
2025-12-29 13:00:00+00:00,87247.925,87445.4,87043.797,87265.405,0.021777044,14.0,87284.27314
2025-12-29 14:00:00+00:00,87286.312,88135.25,87147.635,87323.792,0.200502869,39.0,87836.253025
2025-12-29 15:00:00+00:00,87321.5935,87827.8275,87091.6825,87592.525,0.017118901,21.0,87461.963562
2025-12-29 16:00:00+00:00,87573.3635,88019.804456002,86699.507389162,87520.15,0.028891839,29.0,87569.882231
2025-12-29 17:00:00+00:00,87540.36,87760.3,87236.185,87740.7775,0.036501099,14.0,87482.860206
2025-12-29 18:00:00+00:00,87764.263,87900.7575,87249.92,87352.3225,0.072056008,20.0,87546.084507
2025-12-29 19:00:00+00:00,87351.3295,87570.28,87203.3285,87259.2475,0.014829725,18.0,87471.88692
2025-12-29 20:00:00+00:00,87249.4365,87493.705,86905.116,87096.63,0.072999019,52.0,87069.314942
2025-12-29 21:00:00+00:00,87082.241,87297.49,87056.75,87216.2745,0.014608156,4.0,87120.804851
2025-12-29 22:00:00+00:00,87207.1,87328.519,86954.947,87240.185,0.004480742,8.0,87164.423915
2025-12-29 23:00:00+00:00,87230.132,87332.7,87066.2,87122.985,0.000655968,6.0,87214.184335
2025-12-30 00:00:00+00:00,87116.337,87270.1,86980.896,87140.485,0.002691221,19.0,87162.242212
2025-12-30 01:00:00+00:00,87140.662,87254.7,86988.77,87193.2285,0.004792723,14.0,87127.881376
2025-12-30 02:00:00+00:00,87200.15,87245.3,86841.879,86987.667,0.112463169,15.0,86956.753169
2025-12-30 03:00:00+00:00,86980.3,87311.421,86699.507389162,87251.9255,0.034608519,14.0,86945.753757
2025-12-30 04:00:00+00:00,87262.249,87383.964,87175.9935,87175.9935,0.036473201,10.0,87238.220395
2025-12-30 05:00:00+00:00,87189.91,87274.722,87018.1,87137.05,0.010418024,10.0,87138.038508
2025-12-30 06:00:00+00:00,87127.8135,87442.33,87107.35,87342.5,0.000936143,9.0,87343.24678
2025-12-30 07:00:00+00:00,87324.358,87529.6,87254.4545,87374.2935,0.123020824,16.0,87359.824717
2025-12-30 08:00:00+00:00,87394.1375,88113.44,87381.0075,87749.776,0.046106496,16.0,87983.315819
2025-12-30 09:00:00+00:00,87761.615,88019.804456002,87516.7,87886.991,0.047075379,14.0,87685.476273
2025-12-30 10:00:00+00:00,87887.89,88103.38,87784.355,87840.788,0.013307422,12.0,87953.142151
2025-12-30 11:00:00+00:00,87850.83,87964.7,87647.375,87802.5295,0.023319999,15.0,87810.176076
2025-12-30 12:00:00+00:00,87794.625,87979.698,87794.625,87917.927875,0.001619407,12.0,87928.610114
2025-12-30 13:00:00+00:00,87916.347875,88029.8495,87776.87,87978.0045,0.015263313,13.0,87916.906746
2025-12-30 14:00:00+00:00,87995.28,88939.37,87710.65,88781.64,0.049543221,27.0,87987.109534
2025-12-30 15:00:00+00:00,88773.2875,89081.3225,88113.088,88928.525,0.044516974,24.0,88480.434057
2025-12-30 16:00:00+00:00,88921.385,89314.650761421,88488.73,88655.8,0.011662159,22.0,88994.799789
2025-12-30 17:00:00+00:00,88652.758,88831.285,88050.0,88304.5515,0.309248194,9.0,88712.700636
2025-12-30 18:00:00+00:00,88296.2835,88441.35,88054.216,88207.0825,0.001908426,8.0,88233.743476
2025-12-30 19:00:00+00:00,88214.045,88356.655,87868.024,88136.249,0.066244664,12.0,88142.069155
2025-12-30 20:00:00+00:00,88145.315,88152.1645,87768.53,87864.1985,0.029008934,49.0,87998.159885
2025-12-30 21:00:00+00:00,87862.48,88263.705,87787.71,88194.97,0.100728204,4.0,88135.003538
2025-12-30 22:00:00+00:00,88192.939,88399.027,88177.4,88348.894,0.044494356,9.0,88306.825015
2025-12-30 23:00:00+00:00,88336.9565,88499.65,88267.8575,88395.268,0.005779479,11.0,88430.278091
2025-12-31 00:00:00+00:00,88400.9845,88409.0295,88143.155,88165.7185,0.002743542,5.0,88315.515747
2025-12-31 01:00:00+00:00,88170.51,88711.7,88062.095,88543.895,0.009812828,7.0,88558.97482
2025-12-31 02:00:00+00:00,88555.6725,88662.3,88426.13,88573.8295,0.004284,9.0,88568.629681
2025-12-31 03:00:00+00:00,88580.551,88712.185,88258.7555,88353.737,0.001343093,9.0,88510.758366
2025-12-31 04:00:00+00:00,88345.375,88457.934,88216.3025,88238.627,0.017892649,16.0,88391.532524
2025-12-31 05:00:00+00:00,88233.7595,88428.915,88233.3,88346.2135,0.013441954,10.0,88262.489374
2025-12-31 06:00:00+00:00,88341.75,88487.6,88289.5,88396.987,0.00152376,12.0,88374.679042
2025-12-31 07:00:00+00:00,88397.0495,88546.011,88314.565,88492.0705,0.011404719,12.0,88453.330464
2025-12-31 08:00:00+00:00,88511.09,88628.4,88270.09,88336.7135,0.00951339,18.0,88400.909446
2025-12-31 09:00:00+00:00,88319.339,88647.43,88319.339,88565.032,0.028258896,15.0,88508.274813
2025-12-31 10:00:00+00:00,88600.893,88782.1445,88533.532,88747.025,0.119510098,17.0,88601.45905
2025-12-31 11:00:00+00:00,88729.55,88941.0575,88668.3,88920.68,0.030285877,18.0,88820.524302
2025-12-31 12:00:00+00:00,88914.795,88946.775,88629.448,88671.8075,0.034047358,13.0,88791.638097
2025-12-31 13:00:00+00:00,88680.7,88979.0,88623.99,88876.326,0.002172417,5.0,88750.639288
2025-12-31 14:00:00+00:00,88874.44,89090.4,88148.767,88390.812,2.008094458,15.0,88254.189825
2025-12-31 15:00:00+00:00,88384.01,88419.568,87652.7,87823.36,0.031607587,20.0,87958.067168
2025-12-31 16:00:00+00:00,87833.472,88266.109874721,87277.05,87540.4015,0.040088447,27.0,87748.427891
2025-12-31 17:00:00+00:00,87515.6895,87627.5245,87360.499,87486.85,0.164476455,14.0,87509.56064
2025-12-31 18:00:00+00:00,87491.88,87881.861,87430.2,87549.125,0.008771961,14.0,87815.850537
2025-12-31 19:00:00+00:00,87546.3,87741.8365,87390.208,87402.727,0.028958381,8.0,87549.694872
2025-12-31 20:00:00+00:00,87392.2995,87571.05,87074.155,87514.39,0.061052644,68.0,87245.677946
2025-12-31 21:00:00+00:00,87516.144,87737.66,87516.144,87658.34,0.002836501,6.0,87575.725635
2025-12-31 22:00:00+00:00,87652.092,87737.9,87515.8065,87596.4805,0.013087928,5.0,87688.883413
2025-12-31 23:00:00+00:00,87578.518,87637.73,87440.3,87488.274,0.006037055,7.0,87507.631714
2026-01-01 00:00:00+00:00,87513.6405,87715.875,87469.5,87660.5,0.001306183,5.0,87543.428816
2026-01-01 01:00:00+00:00,87656.579,87908.3625,87645.9,87816.7795,0.05867035,10.0,87812.759495
2026-01-01 02:00:00+00:00,87784.725,87950.0415,87725.335,87765.755,0.007908036,10.0,87859.14488
2026-01-01 03:00:00+00:00,87745.45,87929.47,87652.8,87683.2735,0.002800352,10.0,87813.769097
2026-01-01 04:00:00+00:00,87707.3495,87754.999,87351.4,87426.835,0.055500481,20.0,87365.693096
2026-01-01 05:00:00+00:00,87429.132,87613.07,87429.132,87534.4475,0.006520512,11.0,87565.68513
2026-01-01 06:00:00+00:00,87538.091,87595.311,87461.7,87505.75,0.203414813,10.0,87533.226284
2026-01-01 07:00:00+00:00,87514.1625,87562.648,87451.302,87481.2855,0.127785727,9.0,87542.277994
2026-01-01 08:00:00+00:00,87469.02,87664.1325,87469.02,87614.591,0.133222784,15.0,87557.791551
2026-01-01 09:00:00+00:00,87624.0595,87831.778,87597.2,87749.3,0.002024944,7.0,87714.592067
2026-01-01 10:00:00+00:00,87743.434,87762.8,87648.55,87736.15,0.001947182,7.0,87735.622619
2026-01-01 11:00:00+00:00,87719.87,87941.3,87702.431,87892.737,0.00727639,11.0,87847.22148
2026-01-01 12:00:00+00:00,87854.874,87931.8,87782.9535,87809.7855,0.009665394,8.0,87861.115277
2026-01-01 13:00:00+00:00,87811.193,87897.267,87724.206,87784.7995,0.000805,4.0,87882.146873
2026-01-01 14:00:00+00:00,87780.412,87867.1,87702.3955,87846.6,0.02084861,14.0,87839.02268
2026-01-01 15:00:00+00:00,87862.2955,88015.385,87804.7655,87931.065,0.005277628,11.0,87903.271521
2026-01-01 16:00:00+00:00,87934.4355,88170.050761421,87767.47,87881.3795,0.023598156,22.0,87908.279182
2026-01-01 17:00:00+00:00,87869.65,88426.88,87827.9,88189.271,0.022704637,10.0,88408.808158
2026-01-01 18:00:00+00:00,88220.042,88263.995,87952.358,88073.53,0.075689041,14.0,88113.222243
2026-01-01 19:00:00+00:00,88085.695,88334.56,87944.51,88292.767,0.114385655,6.0,88286.647451
2026-01-01 20:00:00+00:00,88279.69,88329.7,88090.9,88139.455,0.029974516,54.0,88187.229221
2026-01-01 21:00:00+00:00,88143.835,88348.5375,88124.92,88285.525,0.002956829,5.0,88274.472318
2026-01-01 22:00:00+00:00,88280.532,88603.42125,88259.675,88527.5175,0.009694991,10.0,88395.400392
2026-01-01 23:00:00+00:00,88535.9605,88814.006,88333.5155,88756.746,0.078238514,17.0,88626.547852
2026-01-02 00:00:00+00:00,88734.7565,88796.69,88472.5795,88721.411,0.002983337,16.0,88632.042385
2026-01-02 01:00:00+00:00,88725.5,88785.865375,88412.125,88541.145,0.000923159,10.0,88584.202322
2026-01-02 02:00:00+00:00,88531.25,88585.5,88267.82,88529.745,0.002871358,9.0,88370.675439
2026-01-02 03:00:00+00:00,88534.814,89027.52,88455.371,88831.895,0.003845649,17.0,88883.870467
2026-01-02 04:00:00+00:00,88844.615,88899.696,88519.905,88540.525,0.001908375,8.0,88835.514655
2026-01-02 05:00:00+00:00,88520.8475,88728.4,88443.82,88653.595,0.015504203,14.0,88521.497208
2026-01-02 06:00:00+00:00,88664.801,89009.408,88620.2805,88815.378,0.007769723,18.0,88950.55528
2026-01-02 07:00:00+00:00,88854.4595,88968.344,88716.477,88765.3905,0.081255235,19.0,88932.603249
2026-01-02 08:00:00+00:00,88765.875,89090.42,88697.881,89072.679,0.003157799,11.0,88926.774009
2026-01-02 09:00:00+00:00,89068.925,89414.56,87463.92575,89375.3125,0.117229223,32.0,89316.087083
2026-01-02 10:00:00+00:00,89392.265,89849.548,89185.279187817,89574.316,0.115790768,31.0,89624.378168
2026-01-02 11:00:00+00:00,89558.85,89596.2335,89259.935,89410.51,0.004639845,11.0,89494.411508
2026-01-02 12:00:00+00:00,89416.768,89545.89,89282.2845,89307.154,0.03219843,16.0,89433.859081
2026-01-02 13:00:00+00:00,89327.8145,89642.737,87927.8515,89268.2,0.017074985,17.0,89459.342894
2026-01-02 14:00:00+00:00,89281.8,90066.1435,88390.441,89507.034,0.375971981,47.0,88918.993826
2026-01-02 15:00:00+00:00,89516.66,89840.05,88722.366,89351.4,0.030927267,27.0,89497.370653
2026-01-02 16:00:00+00:00,89328.718,90759.43,89169.8547574,90336.8845,0.0327507,51.0,90005.306772
2026-01-02 17:00:00+00:00,90331.15,90937.2725,90134.4055,90346.014,0.043307566,31.0,90579.764613
2026-01-02 18:00:00+00:00,90339.779,90532.4805,89493.5165,89731.4385,0.113424127,20.0,90321.201365
2026-01-02 19:00:00+00:00,89742.815,90135.599,89610.295,89839.8335,0.047435263,11.0,89948.577488
2026-01-02 20:00:00+00:00,89855.805,90049.1,89568.546,89691.6,0.090656584,74.0,89767.704064
2026-01-02 21:00:00+00:00,89693.9,90152.312,89675.1,90011.6325,0.019916301,15.0,89832.351832
2026-01-02 22:00:00+00:00,90028.4,90367.9475,89858.7375534,90161.0135,0.000731,4.0,90105.041989
2026-01-02 23:00:00+00:00,90151.9885,90186.915,89834.29,89962.89,0.014979,9.0,89914.967621
2026-01-03 00:00:00+00:00,89959.705,90183.16,89910.3705,90141.756,0.012814551,8.0,89951.546294
2026-01-03 01:00:00+00:00,90109.6,90273.905,89990.42,90250.7645,0.007490832,16.0,90107.692105
2026-01-03 02:00:00+00:00,90299.779,90395.102,90075.1,90309.0815,0.035716,18.0,90252.222095
2026-01-03 03:00:00+00:00,90300.23,90376.16,90151.38,90302.575,0.0029526,13.0,90268.276034
2026-01-03 04:00:00+00:00,90313.0345,90445.419,90023.845,90126.85,0.015341931,18.0,90171.417336
2026-01-03 05:00:00+00:00,90131.9535,90175.1,89844.77,89990.71,0.010444371,21.0,90033.050904
2026-01-03 06:00:00+00:00,89997.23,90105.37,89775.7,89872.4883304,0.009225951,12.0,89936.378247
2026-01-03 07:00:00+00:00,89866.9133304,89931.8645,89268.393,89551.825,0.012198374,24.0,89672.607122
2026-01-03 08:00:00+00:00,89549.14,89813.65,89379.8,89673.294731,0.001478412,8.0,89614.601898
2026-01-03 09:00:00+00:00,89668.794731,89959.26,89597.31,89760.6355,0.020511214,18.0,89713.666114
2026-01-03 10:00:00+00:00,89764.65,89886.368,89670.26,89725.9,0.027966421,26.0,89817.790022
2026-01-03 11:00:00+00:00,89711.05,89772.1192554,89608.999,89719.127,0.120013322,23.0,89664.014538
2026-01-03 12:00:00+00:00,89703.855,90003.8425,89567.58,89997.825,0.021554414,24.0,89671.584303
2026-01-03 13:00:00+00:00,89969.55,90060.4,89863.558,89961.4045,0.010410504,11.0,90000.661237
2026-01-03 14:00:00+00:00,89978.8695,90224.255,89902.787,90080.13,0.037956953,23.0,90090.001833
2026-01-03 15:00:00+00:00,90082.031,90089.136,89919.04,89931.6055,0.03186864,12.0,90003.733844
2026-01-03 16:00:00+00:00,89929.975,90168.5411624,89678.4359198,90056.5635,0.258065619,27.0,90077.089041
2026-01-03 17:00:00+00:00,90064.59,90129.57,89976.315,90059.86,0.026635729,10.0,90066.645161
2026-01-03 18:00:00+00:00,90047.965,90196.8623248,89964.1,90099.637,0.018895046,10.0,90186.253614
2026-01-03 19:00:00+00:00,90091.5135,90124.8,90007.7395,90069.6535,0.004875279,10.0,90063.471317
2026-01-03 20:00:00+00:00,90072.74,90388.0,89966.9835,90330.5325,0.041066599,58.0,90291.747993
2026-01-03 21:00:00+00:00,90318.745,90698.305,90274.91,90529.2055,0.004950678,5.0,90547.074365
2026-01-03 22:00:00+00:00,90533.792,90689.5345,90426.17,90559.743,0.001730197,8.0,90505.379935
2026-01-03 23:00:00+00:00,90565.3355,90712.964,90427.855,90596.725,0.029077113,14.0,90532.578997
2026-01-04 00:00:00+00:00,90628.95,91525.8395,90519.091051816,91294.9145,0.118762914,26.0,91159.673675
2026-01-04 01:00:00+00:00,91299.15,91445.982,90934.19,91201.832,0.082058932,16.0,91002.746168
2026-01-04 02:00:00+00:00,91195.7155,91282.704,91036.965,91097.479,0.023827222,14.0,91101.536292
2026-01-04 03:00:00+00:00,91086.12,91348.57,91043.592,91208.453,0.01437035,12.0,91264.387114
2026-01-04 04:00:00+00:00,91184.0,91569.403,91144.05,91381.45,0.008127641,18.0,91472.096491
2026-01-04 05:00:00+00:00,91372.16,91517.56,91310.75,91443.695,0.00784277,15.0,91426.543218
2026-01-04 06:00:00+00:00,91420.267,91770.989,91183.07,91183.07,0.004838332,15.0,91584.464028
2026-01-04 07:00:00+00:00,91195.185,91514.985,91171.0115,91489.145,0.007573236,15.0,91362.011723
2026-01-04 08:00:00+00:00,91497.61,91499.247,91143.312,91337.615,0.012645626,8.0,91235.89224
2026-01-04 09:00:00+00:00,91317.905,91458.222,91188.6,91403.746,0.00223747,12.0,91327.287135
2026-01-04 10:00:00+00:00,91433.4,91594.295,91372.2255,91552.8905,0.01325706,14.0,91531.275281
2026-01-04 11:00:00+00:00,91542.2295,91575.4,91142.35,91267.975,0.024468427,21.0,91500.58289
2026-01-04 12:00:00+00:00,91261.63,91341.568,91033.2,91101.5795,0.008381912,19.0,91146.962496
2026-01-04 13:00:00+00:00,91099.948,91262.873,90992.105,91216.834,0.050578813,32.0,91111.788485
2026-01-04 14:00:00+00:00,91231.995,91402.2,91047.2,91308.7295,0.013534423,30.0,91299.326616
2026-01-04 15:00:00+00:00,91293.8655,91354.26,91049.73,91295.915,0.015965993,24.0,91211.622303
2026-01-04 16:00:00+00:00,91293.375,91428.064,91192.01,91296.407,0.021320226,25.0,91315.426187
2026-01-04 17:00:00+00:00,91283.2495,91444.505,91242.206,91314.805,0.015868276,20.0,91358.18778
2026-01-04 18:00:00+00:00,91292.975,91349.02,90952.7695,91168.4045,0.100898805,16.0,91156.710208
2026-01-04 19:00:00+00:00,91183.5595,91185.8475,90828.126,91095.629,0.000118,2.0,91080.884746
2026-01-04 20:00:00+00:00,91115.05,91379.6,91090.445,91286.8645,0.02693594,59.0,91336.346507
2026-01-04 21:00:00+00:00,91277.105,91412.75,91012.9779200315,91259.26,0.017395863,7.0,91243.747483
2026-01-04 22:00:00+00:00,91242.1,91381.63,91104.0195,91158.507,0.004670057,8.0,91268.307942
2026-01-04 23:00:00+00:00,91190.95,91550.095,91170.05,91499.4,0.004488665,11.0,91296.25808
2026-01-05 00:00:00+00:00,91497.71,92376.043401015,91012.9779200315,92366.288401015,0.516126045,19.0,92079.30459
2026-01-05 01:00:00+00:00,92357.173401015,93317.0675,92242.9,92927.1275,0.237639835,32.0,92832.857634
2026-01-05 02:00:00+00:00,92939.85,93177.8,92693.44,93010.475,0.009225279,25.0,92900.960076
2026-01-05 03:00:00+00:00,93068.55,93189.839,92828.8,92843.444,0.01732924,22.0,92985.866696
2026-01-05 04:00:00+00:00,92834.785,92941.5,92290.9905,92559.135,0.252935,13.0,92355.466001
2026-01-05 05:00:00+00:00,92582.373,92723.042,92291.8885,92312.6035,0.009923136,25.0,92547.830515
2026-01-05 06:00:00+00:00,92300.17,92512.01,92110.29,92445.35,0.014650559,13.0,92351.236595
2026-01-05 07:00:00+00:00,92432.56,92624.274,92428.994,92512.5435,0.016884335,18.0,92548.119939
2026-01-05 08:00:00+00:00,92493.2,92746.1,92369.248,92435.405,0.093073166,24.0,92576.644464
2026-01-05 09:00:00+00:00,92447.463,92799.15,92270.434,92660.905,0.012271312,13.0,92462.304123
2026-01-05 10:00:00+00:00,92646.947,93163.23,92619.3285,93035.9,0.064420198,16.0,92981.085059
2026-01-05 11:00:00+00:00,93063.2275,93137.361,92791.57,93085.222,0.035824312,23.0,93028.472126
2026-01-05 12:00:00+00:00,93110.9435,93195.89675,92722.37,92812.285,0.070873395,20.0,92944.170629
2026-01-05 13:00:00+00:00,92848.0655,92997.769,92492.16,92715.045,0.086170767,20.0,92654.496724
2026-01-05 14:00:00+00:00,92693.2765,93635.087,92355.3225,93410.951,0.128674471,40.0,93245.070324
2026-01-05 15:00:00+00:00,93415.3,93993.19,92784.2859176,93933.6,0.742529063,44.0,93809.886064
2026-01-05 16:00:00+00:00,93959.985,94052.0189176,92200.0,93693.715,0.156372309,39.0,93389.706403
2026-01-05 17:00:00+00:00,93711.58475,94467.7,92847.093799373,94328.833625,0.197435043,29.0,93514.998699
2026-01-05 18:00:00+00:00,94345.141125,94527.835,93894.6,94454.42,0.054357826,27.0,94035.565188
2026-01-05 19:00:00+00:00,94436.937,94519.3,94122.475,94283.75,0.018029654,20.0,94323.108548
2026-01-05 20:00:00+00:00,94286.61,94819.492,94034.5455,94199.09,0.748449645,109.0,94252.192222
2026-01-05 21:00:00+00:00,94188.11,94280.28,93827.996,94113.74,0.004908977,9.0,94170.678146
2026-01-05 22:00:00+00:00,94113.103,94426.7425,93998.95,94184.985,0.014343529,11.0,94172.509866
2026-01-05 23:00:00+00:00,94163.085,94213.475,93859.39,93884.5945,0.045127368,15.0,93974.71247
2026-01-06 00:00:00+00:00,93893.285,94003.418,93546.7505,93815.517,0.13122937,24.0,93735.162563
2026-01-06 01:00:00+00:00,93830.3755,94179.393,93724.517,93757.514,0.341359,17.0,93907.880164
2026-01-06 02:00:00+00:00,93759.67,93887.555,93500.59,93643.16,0.265070189,16.0,93691.36388
2026-01-06 03:00:00+00:00,93644.12,93985.79,93590.75,93775.7655,0.015719609,20.0,93695.690689
2026-01-06 04:00:00+00:00,93780.9425,94002.985,93690.33,93786.718,0.518055192,29.0,93835.538987
2026-01-06 05:00:00+00:00,93763.01,93852.74,93540.07,93588.614,0.006315216,16.0,93692.04187
2026-01-06 06:00:00+00:00,93579.818,93943.305,93512.57,93755.8785,0.006282906,15.0,93721.963996
2026-01-06 07:00:00+00:00,93756.347,93758.3,93108.35,93226.0095,0.009177357,15.0,93408.493777
2026-01-06 08:00:00+00:00,93293.56,93406.935,93132.5175,93192.0,0.005542531,15.0,93289.175458
2026-01-06 09:00:00+00:00,93200.915,93543.5445,93186.8395,93441.687,0.004495296,17.0,93430.769068
2026-01-06 10:00:00+00:00,93433.585,93663.38,93372.6885,93554.192,0.167551508,16.0,93562.99086
2026-01-06 11:00:00+00:00,93546.746,93876.61,93542.605,93810.65,0.132134966,21.0,93655.321681
2026-01-06 12:00:00+00:00,93822.279,93974.29,93746.27,93835.05,0.020635426,25.0,93841.03887
2026-01-06 13:00:00+00:00,93829.735,93879.964,93610.3,93689.4805216,0.007009583,23.0,93771.289115
2026-01-06 14:00:00+00:00,93703.6,94414.815,93497.2755,93807.1,0.558556398,50.0,94126.639307
2026-01-06 15:00:00+00:00,93815.9215,94299.7625,93301.6,93626.245,0.756777105,31.0,93723.779157
2026-01-06 16:00:00+00:00,93617.4075,94036.15813558,92286.5,92651.487,0.051276759,29.0,92928.056181
2026-01-06 17:00:00+00:00,92653.331,92742.3,91483.13,91540.186,0.020360432,28.0,92486.328236
2026-01-06 18:00:00+00:00,91534.33,92178.935,91214.685,92000.963,0.65426403,21.0,91857.528542
2026-01-06 19:00:00+00:00,92008.765,92298.9,91836.05,92045.9075,0.045242295,8.0,92049.83609
2026-01-06 20:00:00+00:00,92050.19,92697.19,92030.775,92457.825,0.018894654,50.0,92429.579376
2026-01-06 21:00:00+00:00,92427.195,93807.106598984,91977.4449251075,93206.65,0.024909495,15.0,92923.165261
2026-01-06 22:00:00+00:00,93215.957,93483.4685,92913.769,93317.92,0.007325337,9.0,93067.716925
2026-01-06 23:00:00+00:00,93320.782,93807.085,93287.7725,93733.134,0.026955422,13.0,93426.944123
2026-01-07 00:00:00+00:00,93718.695,93718.695,91977.4449251075,92656.51,0.057143938,12.0,93445.045409
2026-01-07 01:00:00+00:00,92661.887,92851.1525,92231.0,92372.0,0.007465784,18.0,92500.025231
2026-01-07 02:00:00+00:00,92373.5,92998.758,92180.85,92886.9305,0.00961886,18.0,92566.404096
2026-01-07 03:00:00+00:00,92893.765,93055.63,92681.705,92776.43,0.004488198,15.0,92900.428967
2026-01-07 04:00:00+00:00,92782.915,92924.447,92529.395,92625.565,0.031145804,22.0,92705.301317
2026-01-07 05:00:00+00:00,92612.0485,92846.883,92448.9,92462.598,0.006134138,17.0,92719.656252
2026-01-07 06:00:00+00:00,92484.9365,92848.18,92447.665,92551.769,0.00197116,9.0,92663.598564
2026-01-07 07:00:00+00:00,92562.1255,92848.565,92508.104,92814.51,0.006896368,7.0,92762.86705
2026-01-07 08:00:00+00:00,92813.4,92918.5685,92579.8,92635.905,0.049602574,12.0,92666.929797
2026-01-07 09:00:00+00:00,92632.2465,92684.64,91513.626,91637.203,0.018804775,23.0,91900.990577
2026-01-07 10:00:00+00:00,91638.287,91959.2,91480.682,91893.059,0.009036632,9.0,91651.775094
2026-01-07 11:00:00+00:00,91916.6705,92193.4,91849.74,92015.2955,0.34948484,12.0,92120.236744
2026-01-07 12:00:00+00:00,91954.891,92104.4,91883.6,91911.55,0.020410999,13.0,92029.950075
2026-01-07 13:00:00+00:00,91923.525,92226.9585,91763.646,91980.2745,0.059146108,18.0,92167.036967
2026-01-07 14:00:00+00:00,91994.1275,92077.05,91284.61,91895.5655,0.153554016,25.0,91654.784459
2026-01-07 15:00:00+00:00,91904.177,91942.0865,90952.5265,91256.775,0.532711238,11.0,91180.307922
2026-01-07 16:00:00+00:00,91251.0095,91708.235,91069.815,91193.3155,0.294477098,29.0,91454.479794
2026-01-07 17:00:00+00:00,91178.0395,91620.9725,90945.775,91160.4,0.473946982,21.0,91168.490182
2026-01-07 18:00:00+00:00,91142.8995,91367.645,90644.375,90819.7275,0.021661594,15.0,91252.035817
2026-01-07 19:00:00+00:00,90801.8295,91182.644,90567.0805,91065.845,0.016331484,7.0,91085.486666
2026-01-07 20:00:00+00:00,91084.44,91216.55,90669.677,90946.44,0.016757757,50.0,91044.159041
2026-01-07 21:00:00+00:00,90958.675,91149.547,90933.765,91005.23,0.327422385,10.0,91079.9215
2026-01-07 22:00:00+00:00,90969.489,91269.94,90781.205,91108.366,0.019081679,6.0,90823.08942
2026-01-07 23:00:00+00:00,91097.5085,91398.675,90904.73,91285.8255,0.027714326,12.0,91225.650678
2026-01-08 00:00:00+00:00,91274.55,91429.65,90975.4225,91312.19,0.041698619,4.0,91136.954656
2026-01-08 01:00:00+00:00,91307.487,91583.585,90992.4116256155,91338.834,0.038008825,10.0,91366.679479
2026-01-08 02:00:00+00:00,91319.827,91400.63,90649.192,90877.6105,0.001328827,10.0,91101.586544
2026-01-08 03:00:00+00:00,90845.505,91038.67,90521.0525,90699.855,0.015734696,10.0,90784.432289
2026-01-08 04:00:00+00:00,90695.3135,91065.8555,90588.75,90892.4805,0.003872,7.0,90730.633278
2026-01-08 05:00:00+00:00,90904.15,91092.115,90661.22,90722.125,0.006575242,7.0,91063.552102
2026-01-08 06:00:00+00:00,90728.9475,90762.695,89784.413793103,89795.846,0.033591329,24.0,90199.650277
2026-01-08 07:00:00+00:00,89794.963793103,90498.5247574,89515.209,90418.45,0.038677846,19.0,89930.39822
2026-01-08 08:00:00+00:00,90414.9835,90645.2165,90025.0535,90106.394,0.0130309,13.0,90373.708314
2026-01-08 09:00:00+00:00,90115.85,90280.935,89810.684,89904.892,0.002703176,8.0,90139.428723
2026-01-08 10:00:00+00:00,89888.151,90375.1365,89648.8245,90301.753,0.036657475,9.0,89892.087726
2026-01-08 11:00:00+00:00,90286.0,90385.1775,89878.29,90100.957,0.004708861,12.0,90303.490492
2026-01-08 12:00:00+00:00,90098.495,90115.2045,89604.41,89886.085,0.008471592,18.0,89823.089832
2026-01-08 13:00:00+00:00,89846.5805,90041.272,89739.96,89853.6365,0.007232038,11.0,89910.815711
2026-01-08 14:00:00+00:00,89827.7525,90498.5247574,89207.4,89904.325,0.097363379,31.0,89729.76019
2026-01-08 15:00:00+00:00,89918.065,90745.9575,89696.7035,90698.39,0.018628941,23.0,90320.225645
2026-01-08 16:00:00+00:00,90694.235,90853.9,90198.2,90851.8235,0.024388326,30.0,90743.855645
2026-01-08 17:00:00+00:00,90849.7765,91402.1,90758.4745,91298.01,0.049406299,21.0,91133.442
2026-01-08 18:00:00+00:00,91283.36,91405.91,90858.049,91065.791,0.115375312,25.0,91229.494273
2026-01-08 19:00:00+00:00,91051.527,91256.4685,90726.456,90863.7225,0.015676591,7.0,91008.283779
2026-01-08 20:00:00+00:00,90845.645,90923.898,90472.77,90866.1485,0.065717383,60.0,90779.385634
2026-01-08 21:00:00+00:00,90867.11,91268.137,90858.25,91195.4765,0.002182748,6.0,91136.246392
2026-01-08 22:00:00+00:00,91194.51,91412.8745,90948.8255,91184.0,0.006768105,9.0,91240.437425
2026-01-08 23:00:00+00:00,91162.09,91311.205,90965.975,91026.595,0.00509796,17.0,91162.678996
2026-01-09 00:00:00+00:00,91017.5995,91251.0,90953.823,91191.715,0.014745501,11.0,91012.959099
2026-01-09 01:00:00+00:00,91217.22,91869.400507614,90754.705,90981.28,0.00293235,6.0,90936.463746
2026-01-09 02:00:00+00:00,90976.2405,91410.63,90928.7795,90950.975,0.002922551,16.0,91195.455257
2026-01-09 03:00:00+00:00,90891.2,91179.219,90847.23,91136.8785,0.010392,14.0,91148.340198
2026-01-09 04:00:00+00:00,91119.27,91150.97,90816.805,90923.475,0.003353171,9.0,91015.290321
2026-01-09 05:00:00+00:00,90945.415,91075.96,90792.6495,90990.87,0.000696657,13.0,90951.185097
2026-01-09 06:00:00+00:00,90988.314,91073.4,90855.9605,91019.132,0.000927,8.0,91009.567748
2026-01-09 07:00:00+00:00,91028.03,91028.03,90623.193,90624.277,0.012847157,11.0,90938.000581
2026-01-09 08:00:00+00:00,90637.21,90749.864,89592.4,89933.65,0.008551385,14.0,90425.937848
2026-01-09 09:00:00+00:00,89902.81,90372.8,89892.43,90233.54,0.006342812,12.0,90134.698404
2026-01-09 10:00:00+00:00,90219.35,90483.96,90151.582,90383.84,0.004787385,14.0,90327.33325
2026-01-09 11:00:00+00:00,90404.38,90586.275,90294.9185,90362.55,0.005477169,16.0,90439.128642
2026-01-09 12:00:00+00:00,90360.758,90506.41,90126.065,90336.495,0.014131282,14.0,90220.25716
2026-01-09 13:00:00+00:00,90361.542,91226.306418944,90298.6465,90498.84,0.022424853,18.0,90445.187526
2026-01-09 14:00:00+00:00,90493.0645,91226.306418944,89831.096,90063.636,0.007241242,35.0,90344.242049
2026-01-09 15:00:00+00:00,90075.1085,91947.9,89738.48,91097.56,0.086074292,30.0,91143.047668
2026-01-09 16:00:00+00:00,91087.055,91710.505,91071.1655,91553.6495,0.126519409,31.0,91366.952241
2026-01-09 17:00:00+00:00,91532.65,91629.13,90914.58,91335.502,0.824204129,18.0,91412.826868
2026-01-09 18:00:00+00:00,91319.7325,91418.06,90238.387,90713.245,0.020151006,9.0,90726.42508
2026-01-09 19:00:00+00:00,90707.1685,90721.1715,90070.231,90198.7,0.020999797,7.0,90168.729005
2026-01-09 20:00:00+00:00,90207.885,90477.8,90122.16,90172.371,0.005446603,15.0,90320.578233
2026-01-09 21:00:00+00:00,90166.1945,91036.335,90020.26,90412.675,0.014945307,4.0,90199.936346
2026-01-09 22:00:00+00:00,90413.445,90588.445,90216.275,90490.0115,0.0008369,10.0,90480.003689
2026-01-09 23:00:00+00:00,90481.6915,90646.63,90444.73,90526.8055,0.007291029,53.0,90579.098301
2026-01-10 00:00:00+00:00,90583.161,90583.161,90379.8,90471.3375,0.053602932,17.0,90560.445513
2026-01-10 01:00:00+00:00,90490.1535,90646.33,90459.285,90574.11,0.001714698,14.0,90556.483605
2026-01-10 02:00:00+00:00,90564.055,90683.9,90439.5,90595.5,0.012271656,33.0,90553.605455
2026-01-10 03:00:00+00:00,90568.7855,90578.024,90419.8855,90510.53,0.002864957,16.0,90491.309823
2026-01-10 04:00:00+00:00,90496.2955,90587.089,90271.285,90343.125,0.00112142,15.0,90451.087767
2026-01-10 05:00:00+00:00,90324.108,90503.895,90303.15,90468.555,0.039137693,8.0,90421.91351
2026-01-10 06:00:00+00:00,90491.2855,90491.2855,90319.1,90374.0485,0.00386423,15.0,90429.978166
2026-01-10 07:00:00+00:00,90384.092,90584.134,90359.948,90544.567,0.021529956,17.0,90490.323583
2026-01-10 08:00:00+00:00,90485.434,90641.424,90441.5,90551.635,0.014326151,22.0,90524.988351
2026-01-10 09:00:00+00:00,90537.8215,90664.572,90474.391,90631.006,0.001882591,30.0,90570.204939
2026-01-10 10:00:00+00:00,90635.287,90754.4880487,90536.36,90691.7075,0.040048197,23.0,90664.975171
2026-01-10 11:00:00+00:00,90704.424,90737.296707,90568.206,90599.8,0.015656122,12.0,90719.020523
2026-01-10 12:00:00+00:00,90623.5025,90706.05,90539.17,90614.491,0.006229196,24.0,90589.620396
2026-01-10 13:00:00+00:00,90620.7785,90652.977,90514.0065,90523.1105,0.001169,18.0,90605.829832
2026-01-10 14:00:00+00:00,90574.64,90574.64,90408.655,90459.243,0.003722073,6.0,90466.864539
2026-01-10 15:00:00+00:00,90491.987,90553.254,90439.52,90553.254,0.00388688,4.0,90480.352679
2026-01-10 16:00:00+00:00,90551.665,90635.12,90467.31,90535.552,0.002687615,12.0,90613.738465
2026-01-10 17:00:00+00:00,90538.905,90676.56,90411.25,90425.4135,0.407666736,7.0,90457.260849
2026-01-10 18:00:00+00:00,90425.555,90489.51,90379.3045,90482.62,0.000143,2.0,90420.175301
2026-01-10 19:00:00+00:00,90490.76,90544.756,90467.0,90517.55,0.010582214,3.0,90496.899806
2026-01-10 20:00:00+00:00,90524.58,90584.827,90386.9,90453.84,0.033641292,29.0,90508.962952
2026-01-10 21:00:00+00:00,90465.255,90479.8,90368.22,90404.215,0.020408452,10.0,90394.358926
2026-01-10 22:00:00+00:00,90388.61,90499.055,90277.15,90316.24,0.110482869,14.0,90347.471255
2026-01-10 23:00:00+00:00,90328.12,90483.2,90297.975,90375.4645,0.048582019,11.0,90389.19766
2026-01-11 00:00:00+00:00,90395.7575,90537.3,90306.092,90518.7455,0.017428298,8.0,90337.10014
2026-01-11 01:00:00+00:00,90492.485,90553.049,90424.0995,90511.443,0.011768,5.0,90488.543857
2026-01-11 02:00:00+00:00,90520.05,90668.1,90475.015,90574.387,0.001149,10.0,90591.331975
2026-01-11 03:00:00+00:00,90590.007,90675.705,90490.585,90611.23,0.020877,13.0,90586.609692
2026-01-11 04:00:00+00:00,90605.405,90686.418,90538.5,90672.44,0.002130165,3.0,90662.288511
2026-01-11 05:00:00+00:00,90611.7,90758.49,90574.5,90653.4465,0.055053668,16.0,90674.447313
2026-01-11 06:00:00+00:00,90665.7835,90736.42,90476.492,90622.901,0.041648092,13.0,90594.982065
2026-01-11 07:00:00+00:00,90625.7575,90689.084,90524.29,90578.345,0.104787103,9.0,90531.283753
2026-01-11 08:00:00+00:00,90611.405,91274.200507614,90463.789,90656.46,0.001710854,11.0,90593.282767
2026-01-11 09:00:00+00:00,90655.1945,90728.8,90543.3705,90622.894,0.006450542,6.0,90643.59896
2026-01-11 10:00:00+00:00,90617.935,90666.1,90537.108,90615.382,0.001416,7.0,90618.549596
2026-01-11 11:00:00+00:00,90621.07,90643.4,90541.9,90633.5445,0.010996735,8.0,90560.803743
2026-01-11 12:00:00+00:00,90630.975,90893.56,90588.995,90828.835,0.001281,9.0,90727.954056
2026-01-11 13:00:00+00:00,90824.4,90864.458,90693.0715,90737.6,0.010647583,5.0,90862.853282
2026-01-11 14:00:00+00:00,90744.19,91074.975,90728.815,91014.479,0.004551577,11.0,90852.815612
2026-01-11 15:00:00+00:00,91030.431,91053.488,90583.805,90742.8,0.194350986,9.0,90678.769279
2026-01-11 16:00:00+00:00,90752.3525,91274.200507614,90752.3525,90915.3245,0.009798465,13.0,91033.696847
2026-01-11 17:00:00+00:00,90918.615,91024.87,90778.26,90855.19,0.007297784,13.0,90904.091617
2026-01-11 18:00:00+00:00,90855.115,90855.1885,90652.947,90755.0835,0.021897634,5.0,90655.099343
2026-01-11 19:00:00+00:00,90746.406,90805.578,90538.63,90559.73,0.012988255,8.0,90599.374001
2026-01-11 20:00:00+00:00,90553.255,90615.035,90276.936,90557.95,0.194070712,37.0,90592.679051
2026-01-11 21:00:00+00:00,90542.45,90715.8225,90450.7835,90614.9715,0.002412027,9.0,90526.927522
2026-01-11 22:00:00+00:00,90608.02,90632.5,90325.383,90410.625,0.00079022,7.0,90480.540846
2026-01-11 23:00:00+00:00,90387.8735,90920.45,90103.0575,90874.475,0.00363908,16.0,90740.663802
2026-01-12 00:00:00+00:00,90877.4925,91148.648,90558.225,91124.5795,0.014340225,17.0,90911.222813
2026-01-12 01:00:00+00:00,91125.4555,91676.815,90953.757,91289.515,0.016598917,15.0,91363.759745
2026-01-12 02:00:00+00:00,91280.6915,92271.556,91234.887,92100.1895,0.038786453,15.0,91726.101068
2026-01-12 03:00:00+00:00,92101.513,92428.3,91670.3145,91677.1235,0.014553229,25.0,91998.659192
2026-01-12 04:00:00+00:00,91702.793,92194.18,91560.35,92049.385,0.018741202,22.0,92067.594239
2026-01-12 05:00:00+00:00,92030.85,92153.7025,91916.208,92008.995,0.023002898,19.0,92081.401718
2026-01-12 06:00:00+00:00,91989.9315,92102.525,91647.58,91710.5995,0.003006829,12.0,91906.173207
2026-01-12 07:00:00+00:00,91708.765,91866.001,91241.392,91290.487,0.003341056,15.0,91501.957014
2026-01-12 08:00:00+00:00,91292.3745,91520.425,90242.1,90634.5715,0.124558432,24.0,91325.608194
2026-01-12 09:00:00+00:00,90652.075,90822.8905,90516.21,90584.25,0.093569773,9.0,90553.455324
2026-01-12 10:00:00+00:00,90585.444,90682.5755,90236.6285,90302.787,0.013119663,7.0,90584.672534
2026-01-12 11:00:00+00:00,90296.025,90695.641,90293.495,90502.685,0.023982881,15.0,90429.127959
2026-01-12 12:00:00+00:00,90500.24,90780.2,90488.3385,90652.34,0.001084567,8.0,90661.717624
2026-01-12 13:00:00+00:00,90643.805,90713.35,90413.221,90525.315,0.022434204,16.0,90585.771341
2026-01-12 14:00:00+00:00,90501.645,91033.4915,90001.125,90791.7755,0.037507091,20.0,90551.225877
2026-01-12 15:00:00+00:00,90796.889,91582.6455,90585.665,91581.594,0.16032294,24.0,91020.103195
2026-01-12 16:00:00+00:00,91577.74,93059.683029,91496.57275,92060.862,0.077446179,36.0,91914.278618
2026-01-12 17:00:00+00:00,92078.95,92253.624,90948.985,91440.7765,0.064321813,25.0,91702.387443
2026-01-12 18:00:00+00:00,91442.1335,91881.5495,91324.24,91611.74,0.002349534,12.0,91505.65064
2026-01-12 19:00:00+00:00,91602.5985,91825.07,91342.0315,91787.3295,0.137664859,8.0,91731.711787
2026-01-12 20:00:00+00:00,91809.86,91985.8145,91302.2,91408.4,0.335049593,67.0,91534.992791
2026-01-12 21:00:00+00:00,91392.03,91445.86,90808.56,90968.1715,0.003229623,14.0,91126.331587
2026-01-12 22:00:00+00:00,90982.5115,91368.24,90970.1985,91139.749,0.002885733,14.0,91208.39061
2026-01-12 23:00:00+00:00,91177.998,91220.045,90960.7,91189.36,0.001779954,9.0,91097.213919
2026-01-13 00:00:00+00:00,91183.4375,91464.9,91132.2725,91371.35,0.041841683,19.0,91210.511692
2026-01-13 01:00:00+00:00,91360.52,91461.2,90938.85,91067.2765,0.255165282,14.0,91308.038835
2026-01-13 02:00:00+00:00,91089.66,91270.685,90973.9,91003.73,0.044765783,25.0,91203.395182
2026-01-13 03:00:00+00:00,91027.75,91400.04,90999.67,91319.228,0.001029822,12.0,91236.955545
2026-01-13 04:00:00+00:00,91289.3955,91560.0175,91228.6,91417.9985,0.009502211,8.0,91306.365044
2026-01-13 05:00:00+00:00,91385.564,92158.91,91358.545,91822.348,0.033267609,19.0,91851.12267
2026-01-13 06:00:00+00:00,91819.822,92172.897,91603.7331401155,92086.96,0.012254489,11.0,92053.451464
2026-01-13 07:00:00+00:00,92082.8935,92159.9,91766.786,91844.1,0.006567875,17.0,92048.560047
2026-01-13 08:00:00+00:00,91857.4285,92173.135,91816.0,92065.3785,0.01082575,17.0,91980.355038
2026-01-13 09:00:00+00:00,92056.774,92591.025,91869.2265,92163.53,0.022793824,25.0,92320.579583
2026-01-13 10:00:00+00:00,92187.85,92272.1785,91930.4865,92028.5845,0.029724913,17.0,92171.511367
2026-01-13 11:00:00+00:00,92061.423,92170.3925,91840.33,91907.695,0.020643432,19.0,92059.595544
2026-01-13 12:00:00+00:00,91900.974,92105.6,91818.797,92021.4755,0.003456283,11.0,91986.915461
2026-01-13 13:00:00+00:00,92027.11,92519.39,91850.0385588345,91964.76,0.001186,10.0,92138.397796
2026-01-13 14:00:00+00:00,91974.184,92840.254,91668.585,92376.99,0.006145545,12.0,92534.97666
2026-01-13 15:00:00+00:00,92372.7,93415.795,92035.753,93410.922,0.261134308,30.0,92600.868613
2026-01-13 16:00:00+00:00,93394.0645,93762.215,92154.2071966185,93362.785,0.450769703,38.0,93132.836677
2026-01-13 17:00:00+00:00,93393.2885,93495.014,93067.665,93191.05,0.024955038,22.0,93261.951955
2026-01-13 18:00:00+00:00,93203.47,93844.3145,92528.3188717455,93621.6,0.016733487,14.0,93583.742424
2026-01-13 19:00:00+00:00,93606.545,94238.58,93443.4445,94223.561,0.088532873,24.0,93999.272068
2026-01-13 20:00:00+00:00,94243.5,94522.42,94112.65,94402.965,0.810382027,71.0,94426.349083
2026-01-13 21:00:00+00:00,94414.05,94525.2025,94041.7,94098.521,0.030765706,20.0,94414.180719
2026-01-13 22:00:00+00:00,94095.1055,96317.681842807,91761.8032912445,95728.55,0.410768019,43.0,95391.168799
2026-01-13 23:00:00+00:00,95717.795,96108.4365,95039.245,95366.55,0.062147119,30.0,95420.89824
2026-01-14 00:00:00+00:00,95407.062,95611.944,95079.161,95205.012,0.035188174,33.0,95476.860065
2026-01-14 01:00:00+00:00,95200.4,95559.5225,93543.5472981415,95209.26,0.049966415,16.0,95274.77357
2026-01-14 02:00:00+00:00,95204.739,95530.1465,93223.5670443345,95306.2455,0.207002323,20.0,95257.222042
2026-01-14 03:00:00+00:00,95328.235,95688.57,95241.685,95688.57,0.006858136,21.0,95423.648554
2026-01-14 04:00:00+00:00,95678.55,95771.22,95147.889,95204.6135,0.007223994,23.0,95308.88842
2026-01-14 05:00:00+00:00,95184.368,95240.423,94929.0,94995.709,0.012683174,39.0,95078.298216
2026-01-14 06:00:00+00:00,94979.969,95029.3,94538.7535,94986.7035,0.121338094,25.0,94871.178081
2026-01-14 07:00:00+00:00,94980.395,95238.763,94787.7,95171.73,0.023769997,26.0,94930.124367
2026-01-14 08:00:00+00:00,95160.8,95304.7,94851.2695,94851.2695,0.190543099,20.0,95179.404463
2026-01-14 09:00:00+00:00,94870.1905,95156.313,94802.073,95045.639,0.005761932,18.0,95058.235453
2026-01-14 10:00:00+00:00,94993.308,95285.105,93223.5670443345,95052.86,0.018007239,18.0,95015.881841
2026-01-14 11:00:00+00:00,95063.215,95077.83,94631.24,94751.669,0.019022825,36.0,94890.657104
2026-01-14 12:00:00+00:00,94741.404,95138.4,94625.867,95038.119,0.021248992,17.0,95034.799
2026-01-14 13:00:00+00:00,95020.998,95242.35,94845.583,94958.7065,0.225104213,21.0,95056.711337
2026-01-14 14:00:00+00:00,94961.67,96825.2865,93223.5670443345,96486.985,0.169572806,40.0,96474.460394
2026-01-14 15:00:00+00:00,96481.3,97110.525,92218.8970443345,96772.41,0.120599185,49.0,96745.941589
2026-01-14 16:00:00+00:00,96793.466,97714.9825,96722.72,97339.9985,1.128588017,61.0,97450.602006
2026-01-14 17:00:00+00:00,97311.879,97833.0785,96822.9,96973.467,0.115821477,38.0,97571.772739
2026-01-14 18:00:00+00:00,96968.81,97139.2,96270.8025,96824.125,0.420068667,29.0,96978.836557
2026-01-14 19:00:00+00:00,96819.175,97663.73,96198.651231527,97291.285,0.00791123,16.0,97189.888142
2026-01-14 20:00:00+00:00,97248.8885,97956.175,96783.251231527,97685.975,0.356014798,144.0,97478.554322
2026-01-14 21:00:00+00:00,97667.785,97754.4695,97379.25,97566.525,0.047360122,12.0,97528.251545
2026-01-14 22:00:00+00:00,97572.82,97596.294,96831.865,96896.658,0.019082111,22.0,97179.053791
2026-01-14 23:00:00+00:00,96886.7455,97400.6815,96856.605,96971.41,0.030036214,19.0,97103.381594
2026-01-15 00:00:00+00:00,96949.4015,97016.58,96474.759,96631.795,0.037304213,24.0,96780.010619
2026-01-15 01:00:00+00:00,96664.882,96970.31,96261.645,96435.239,2.003331018,23.0,96499.975817
2026-01-15 02:00:00+00:00,96443.98,96624.1645,96091.2675,96309.745,0.004944304,16.0,96408.430939
2026-01-15 03:00:00+00:00,96315.267,96783.251231527,95739.731,95958.3395,0.012155523,20.0,96083.574717
2026-01-15 04:00:00+00:00,96016.7,96407.709,95882.89,96304.36,0.106730842,18.0,96046.223285
2026-01-15 05:00:00+00:00,96289.51,96509.053,96207.355,96426.525,0.01447963,18.0,96402.078083
2026-01-15 06:00:00+00:00,96394.674,96609.54,96131.559,96211.2635,0.014734954,21.0,96388.633958
2026-01-15 07:00:00+00:00,96204.345,96783.251231527,96122.1,96637.25,0.041820802,20.0,96330.267814
2026-01-15 08:00:00+00:00,96619.8305,96674.664,96270.0,96627.133,0.066419677,22.0,96524.422763
2026-01-15 09:00:00+00:00,96620.2225,97203.7,96531.3625,97028.9685,0.011474252,25.0,96835.283184
2026-01-15 10:00:00+00:00,97011.475,97089.5,96671.41,96800.915,0.098686542,17.0,96915.56065
2026-01-15 11:00:00+00:00,96777.584,96930.539,96546.875,96553.4805,0.821450449,28.0,96821.991765
2026-01-15 12:00:00+00:00,96570.45,96993.61,96492.83,96959.1305,0.039747154,18.0,96655.285791
2026-01-15 13:00:00+00:00,96948.217,97003.238,96589.899,96827.495,0.052605866,23.0,96859.889446
2026-01-15 14:00:00+00:00,96842.89,97138.96,95579.616231527,96032.9675,0.125242501,41.0,96741.210898
2026-01-15 15:00:00+00:00,96024.65,96783.251231527,95400.762,96724.835,0.097097069,37.0,95993.877791
2026-01-15 16:00:00+00:00,96708.699,96893.2,96188.5,96721.294,0.115485027,33.0,96388.564006
2026-01-15 17:00:00+00:00,96689.43,97051.3345,96209.23,96587.9095,0.055569149,25.0,96776.201888
2026-01-15 18:00:00+00:00,96574.21,96641.252074,95729.6125,95816.6455,0.022428056,30.0,96184.172146
2026-01-15 19:00:00+00:00,95828.6055,96209.23,95148.635,95473.69,0.204863603,13.0,95274.50293
2026-01-15 20:00:00+00:00,95481.425,95642.8285,95071.5,95233.49,0.196853422,109.0,95266.559877
2026-01-15 21:00:00+00:00,95227.312,95602.2405,95168.88675,95565.6155,0.006652188,20.0,95359.757394
2026-01-15 22:00:00+00:00,95539.25,95848.353,95461.42,95537.65,0.001934674,17.0,95630.079817
2026-01-15 23:00:00+00:00,95560.561,95705.4,95340.68,95583.3705,0.009495497,16.0,95529.950022
2026-01-16 00:00:00+00:00,95590.712,95813.74,95528.283,95593.906,0.011229575,14.0,95670.043066
2026-01-16 01:00:00+00:00,95620.205,95829.242,95383.9,95621.5025,0.005886297,21.0,95531.725916
2026-01-16 02:00:00+00:00,95629.96,95725.99,95354.085,95467.363,0.042077489,17.0,95576.535034
2026-01-16 03:00:00+00:00,95476.885,95613.159,95283.715,95323.61,0.002561059,12.0,95520.96692
2026-01-16 04:00:00+00:00,95323.2915,95595.822,95105.6305,95221.954,0.002570608,25.0,95433.081074
2026-01-16 05:00:00+00:00,95228.05,95686.885,95207.0785,95625.7085,0.020628384,21.0,95336.366291
2026-01-16 06:00:00+00:00,95651.9455,95800.78,95494.1,95721.0,0.002337917,18.0,95675.615255
2026-01-16 07:00:00+00:00,95792.7,95792.7,95412.8,95640.065,0.002691113,13.0,95705.227718
2026-01-16 08:00:00+00:00,95649.32,95839.617,95492.72,95635.8025,0.004379018,14.0,95740.379987
2026-01-16 09:00:00+00:00,95608.535,95771.5,95525.323,95616.4482772835,0.019265911,20.0,95651.139794
2026-01-16 10:00:00+00:00,95604.6242772835,95632.424,95234.828,95269.315,0.005111038,21.0,95381.630594
2026-01-16 11:00:00+00:00,95275.79,95454.87,95219.535,95390.96,0.008513408,17.0,95400.272291
2026-01-16 12:00:00+00:00,95380.105,95564.09,95297.2,95435.6135,0.004796779,22.0,95465.159938
2026-01-16 13:00:00+00:00,95425.7025,95543.856,95238.18,95416.1195,0.013787958,20.0,95473.937294
2026-01-16 14:00:00+00:00,95404.13,95794.4875,95143.38,95165.9845,0.018892923,26.0,95466.730072
2026-01-16 15:00:00+00:00,95124.4945,95753.564975369,94238.8375,94532.99,0.386044318,26.0,94377.660584
2026-01-16 16:00:00+00:00,94538.25,95753.564975369,94440.3155,94846.5,0.045605778,28.0,94719.904058
2026-01-16 17:00:00+00:00,94835.1,95094.04,94520.7755,95044.35,0.023893633,21.0,94623.172458
2026-01-16 18:00:00+00:00,95006.595,95192.4,94925.9845,94970.81,1.744718655,13.0,95044.702382
2026-01-16 19:00:00+00:00,94930.75,95010.4675,94758.37,94960.428,0.013970854,13.0,94952.493129
2026-01-16 20:00:00+00:00,94949.213,95543.602,94619.155,95536.874,0.014389307,32.0,95263.563743
2026-01-16 21:00:00+00:00,95525.4855,95602.634,95300.72,95494.4955,0.004907935,24.0,95431.94221
2026-01-16 22:00:00+00:00,95482.727,95557.43,95206.93,95490.93,0.002782962,9.0,95383.073891
2026-01-16 23:00:00+00:00,95490.185,95587.6,95351.841,95510.084,0.00230411,15.0,95547.821155
2026-01-17 00:00:00+00:00,95516.02,95567.6,95379.07,95431.7,0.007879056,10.0,95522.976125
2026-01-17 01:00:00+00:00,95425.1705,95521.9,95295.991,95356.95,0.005281893,17.0,95434.263078
2026-01-17 02:00:00+00:00,95365.55,95397.0,95161.4,95341.33,0.014306355,14.0,95265.2093
2026-01-17 03:00:00+00:00,95346.545,95348.255,95228.73,95322.12,0.006044066,12.0,95335.777406
2026-01-17 04:00:00+00:00,95336.5035,95345.05,95219.536,95291.965,0.000538065,5.0,95289.287735
2026-01-17 05:00:00+00:00,95271.5105,95397.138,95200.4,95281.23,0.005778608,20.0,95301.282058
2026-01-17 06:00:00+00:00,95279.905,95371.78,95150.265,95190.102,0.047785666,17.0,95167.293344
2026-01-17 07:00:00+00:00,95183.455,95201.94,95014.4335,95076.4805,0.001901866,13.0,95105.976831
2026-01-17 08:00:00+00:00,95056.9375,95262.806,94989.037,95222.36,0.001935926,13.0,95242.293826
2026-01-17 09:00:00+00:00,95231.83,95290.6,95081.405,95215.337,0.003335603,12.0,95241.791205
2026-01-17 10:00:00+00:00,95212.0495,95265.772,95053.999,95053.999,0.000965726,9.0,95232.376918
2026-01-17 11:00:00+00:00,95060.2915,95315.9,94987.2,95283.4645,0.001144311,11.0,95167.671925
2026-01-17 12:00:00+00:00,95280.7595,95379.185,95187.842,95223.6815,0.017647595,10.0,95257.357799
2026-01-17 13:00:00+00:00,95213.4185,95466.63,95159.0,95405.921,0.011063871,8.0,95453.525353
2026-01-17 14:00:00+00:00,95406.2,95561.5,95285.6,95433.275,0.048774335,14.0,95387.238896
2026-01-17 15:00:00+00:00,95428.459,95620.8105,95377.74,95516.765,0.02907842,9.0,95385.803004
2026-01-17 16:00:00+00:00,95546.695,95546.695,95198.9,95282.9,0.005531886,15.0,95505.346788
2026-01-17 17:00:00+00:00,95275.345,95439.6,95242.9845,95330.3,0.008881303,8.0,95327.88813
2026-01-17 18:00:00+00:00,95330.46,95460.531,95294.86,95401.05,0.001797921,8.0,95420.176998
2026-01-17 19:00:00+00:00,95370.865,95387.36,95212.54,95273.655,0.006219417,2.0,95376.51744
2026-01-17 20:00:00+00:00,95233.6,95407.701,95233.531,95316.36,0.007816442,21.0,95362.259559
2026-01-17 21:00:00+00:00,95350.2855,95377.126,95238.96,95261.9435,0.000193,3.0,95290.133161
2026-01-17 22:00:00+00:00,95268.885,95295.2,95004.9145,95130.587,0.000217896,3.0,95158.656218
2026-01-17 23:00:00+00:00,95112.625,95192.8,95030.07,95102.9,0.001028,5.0,95066.454853
2026-01-18 00:00:00+00:00,95134.8,95219.44,95039.675,95064.074,0.024484961,9.0,95135.20045
2026-01-18 01:00:00+00:00,95061.14,95061.14,94818.93,94906.075,0.000635,7.0,94970.905161
2026-01-18 02:00:00+00:00,94928.045,95057.6,94813.195,94972.402,0.020735994,34.0,94925.313624
2026-01-18 03:00:00+00:00,94990.7965,95175.06,94952.72,95175.06,0.003429,9.0,95120.292667
2026-01-18 04:00:00+00:00,95158.563,95164.03,94976.9,95059.466,0.012698582,12.0,95139.853344
2026-01-18 05:00:00+00:00,95002.132,95230.235,94972.92,95154.79,0.016122111,17.0,95049.509746
2026-01-18 06:00:00+00:00,95149.75,95202.5,95056.1,95136.789,0.001837983,10.0,95175.970886
2026-01-18 07:00:00+00:00,95138.521,95153.4,94943.5,95015.319,0.000336,5.0,95049.587991
2026-01-18 08:00:00+00:00,94988.904,95197.89,94943.88,95151.645,0.006505657,8.0,95100.106883
2026-01-18 09:00:00+00:00,95154.63,95274.275,95092.56,95224.65,0.015028557,13.0,95201.906701
2026-01-18 10:00:00+00:00,95239.4045,95257.5625,95023.74,95144.052,0.015383969,9.0,95138.686005
2026-01-18 11:00:00+00:00,95132.6175,95193.79,95020.05,95118.9195,0.006486632,7.0,95109.408305
2026-01-18 12:00:00+00:00,95129.07,95186.123,95007.018,95069.317,0.006097621,11.0,95177.385745
2026-01-18 13:00:00+00:00,95106.934,95178.795,94863.225,95091.26,0.000662,5.0,95051.984471
2026-01-18 14:00:00+00:00,95093.1005,95327.255,94877.08,94915.113,0.003933196,10.0,95140.028251
2026-01-18 15:00:00+00:00,94900.1675,95135.926,94849.7,95101.6215,0.086137199,14.0,94989.070946
2026-01-18 16:00:00+00:00,95079.907,95203.83,95025.0835,95123.13,0.027975602,23.0,95058.316067
2026-01-18 17:00:00+00:00,95118.815,95264.4,95103.005,95224.2185,0.009841948,23.0,95189.690172
2026-01-18 18:00:00+00:00,95244.13,95483.655,95137.2255,95405.975,0.008217,3.0,95275.651615
2026-01-18 19:00:00+00:00,95435.275,95552.88,95287.9375,95333.009,0.022381853,11.0,95468.003371
2026-01-18 20:00:00+00:00,95341.965,95415.8,95251.565,95259.418,0.049096802,27.0,95281.259265
2026-01-18 21:00:00+00:00,95288.05,95445.21,95233.518,95395.81,0.000952583,11.0,95382.505556
2026-01-18 22:00:00+00:00,95378.595,95504.135,95355.7385,95454.59,5.0041e-05,2.0,95359.41029
2026-01-18 23:00:00+00:00,95462.83,95462.83,93581.0559237,93621.97,0.004831893,12.0,93867.004529
2026-01-19 00:00:00+00:00,93625.7,95251.4124242415,92009.5625,92659.8405,0.024773805,34.0,92558.018889
2026-01-19 01:00:00+00:00,92672.005,92849.22,92179.545,92532.525,0.319591089,15.0,92735.256195
2026-01-19 02:00:00+00:00,92554.4225,92655.3,92300.378,92495.2655,0.017465,23.0,92476.308503
2026-01-19 03:00:00+00:00,92543.95,92775.156,92444.525,92662.1095,0.018195455,13.0,92547.713473
2026-01-19 04:00:00+00:00,92650.3905,92719.39,92438.631,92606.5075,0.004825084,11.0,92590.36094
2026-01-19 05:00:00+00:00,92631.9265,92781.618,92459.0675,92470.976,0.033574894,20.0,92653.865149
2026-01-19 06:00:00+00:00,92486.955,92600.78,92338.325,92552.385,0.00663836,12.0,92466.430213
2026-01-19 07:00:00+00:00,92539.14,92814.0005,92494.278,92800.108,0.021033714,10.0,92579.450685
2026-01-19 08:00:00+00:00,92788.725,93335.1,92643.09,93215.047,0.018695622,13.0,93035.269431
2026-01-19 09:00:00+00:00,93191.3235,93289.0,92861.1,93001.5,0.00786453,24.0,93131.42382
2026-01-19 10:00:00+00:00,92995.081,93061.805,92826.515,93024.75,0.01097706,8.0,92955.498143
2026-01-19 11:00:00+00:00,93016.565,93260.753,92899.526,93129.1,0.016379922,10.0,93102.712143
2026-01-19 12:00:00+00:00,93118.8395,93241.35,92930.783,93003.475,0.010209912,13.0,93107.052243
2026-01-19 13:00:00+00:00,93024.445,93101.77,92747.19,92976.75,0.006160663,10.0,93001.915184
2026-01-19 14:00:00+00:00,92994.917,93335.0253807105,92685.55,92743.055,0.09313763,25.0,92849.98672
2026-01-19 15:00:00+00:00,92768.575,93071.4,92756.855,93018.315,0.009735375,12.0,93000.615028
2026-01-19 16:00:00+00:00,93003.6,93383.595,92942.24,93249.005,0.013907381,18.0,93046.869342
2026-01-19 17:00:00+00:00,93268.35,93348.409,93087.25,93197.416,0.000818461,9.0,93233.879663
2026-01-19 18:00:00+00:00,93192.1035,93218.188,92833.69,93030.3785,0.005016956,6.0,93019.061325
2026-01-19 19:00:00+00:00,93011.6395,93119.924,92936.2875,93056.93,0.027588368,5.0,93059.999815
2026-01-19 20:00:00+00:00,93043.629,93224.894,93000.524,93094.493,0.025128671,40.0,93051.814451
2026-01-19 21:00:00+00:00,93100.2,93312.7845,92932.985,92949.66,0.000579746,6.0,93071.647329
2026-01-19 22:00:00+00:00,92961.1345,93032.3,92477.31,92477.31,0.005714447,8.0,92828.508893
2026-01-19 23:00:00+00:00,92491.917,94119.0,92080.9695,92559.605,0.060485858,10.0,92467.279119
2026-01-20 00:00:00+00:00,92569.795,92823.55,92294.405,92634.438,0.001082429,12.0,92556.649035
2026-01-20 01:00:00+00:00,92656.827,92811.172,92455.513,92634.06,0.00492,10.0,92688.355101
2026-01-20 02:00:00+00:00,92660.5235,94402.45,92297.878,92475.4,0.217116827,13.0,92357.342876
2026-01-20 03:00:00+00:00,92490.3495,92597.15,92180.3815,92368.1155,0.054635665,8.0,92422.605006
2026-01-20 04:00:00+00:00,92373.3135,92412.7405,91920.713,91980.355,0.010415398,12.0,92263.756
2026-01-20 05:00:00+00:00,91983.245,92026.62,91210.045,91528.245,0.747484317,24.0,91591.675191
2026-01-20 06:00:00+00:00,91547.37,91645.1970443345,90675.8770443345,90818.9535,0.382913406,16.0,91087.685395
2026-01-20 07:00:00+00:00,90813.37,91208.7,90748.7815,91082.05,0.109916082,12.0,91037.059234
2026-01-20 08:00:00+00:00,91073.84,91149.905,90569.557,91010.7195,0.233793944,16.0,90800.18351
2026-01-20 09:00:00+00:00,90998.9625,91034.356,90788.3,90917.3,0.017748998,16.0,90989.788947
2026-01-20 10:00:00+00:00,90950.772,91214.4,90871.8,91180.475,0.013040042,9.0,90988.06579
2026-01-20 11:00:00+00:00,91167.485,91361.409,91116.253,91135.18,0.015664608,13.0,91300.610565
2026-01-20 12:00:00+00:00,91125.53,91267.9,90947.5455,91195.885,0.004292327,11.0,91203.845099
2026-01-20 13:00:00+00:00,91197.794,91246.94,90678.355,90872.701,0.003086082,16.0,90916.906754
2026-01-20 14:00:00+00:00,90856.7845,91338.9990517239,90179.4766256155,90447.3,0.070768099,48.0,90607.912031
2026-01-20 15:00:00+00:00,90443.635,90706.05,89761.249,90571.147,0.995542082,57.0,90441.345606
2026-01-20 16:00:00+00:00,90581.43,90891.43,89913.7685,90072.185,1.823115786,30.0,90413.836022
2026-01-20 17:00:00+00:00,90053.28,90422.28,89329.1,89661.43,2.066423337,31.0,89640.316843
2026-01-20 18:00:00+00:00,89689.55,89861.24,89267.295,89390.8005,0.266534974,24.0,89522.65547
2026-01-20 19:00:00+00:00,89398.4085,89698.35,89182.3547574,89613.535,0.023209169,16.0,89446.169611
2026-01-20 20:00:00+00:00,89595.298,89728.9855,89246.646,89607.3,0.053372798,56.0,89567.684395
2026-01-20 21:00:00+00:00,89615.4275,89714.795,89291.316,89350.339,0.005659715,9.0,89495.813233
2026-01-20 22:00:00+00:00,89331.528,90669.2501145429,88017.35,88395.915,0.265490675,34.0,88485.283616
2026-01-20 23:00:00+00:00,88387.9685,89934.0729433494,87765.8,88322.465,0.022458601,15.0,88101.480607
2026-01-21 00:00:00+00:00,88367.905,88894.7,88133.31,88843.96,0.132546794,19.0,88777.642845
2026-01-21 01:00:00+00:00,88843.365,89056.305,88744.6105,88924.75,0.090621273,18.0,88924.187016
2026-01-21 02:00:00+00:00,88915.0935,89251.16,88866.74,88935.182,0.007916898,16.0,89063.453425
2026-01-21 03:00:00+00:00,88944.095,89934.0729433494,88899.47,89327.414,0.009120788,19.0,89306.68481
2026-01-21 04:00:00+00:00,89317.7,89519.8,89206.02,89342.6955,0.01176214,14.0,89354.158778
2026-01-21 05:00:00+00:00,89336.1055,90019.385,89308.74,89860.34,0.016543525,17.0,89493.761581
2026-01-21 06:00:00+00:00,89852.804,89879.86,89397.137,89570.65,0.264475221,9.0,89760.33197
2026-01-21 07:00:00+00:00,89553.855,89711.86,88978.85,89093.215,0.01311347,19.0,89326.187321
2026-01-21 08:00:00+00:00,89102.7115,89319.39,88891.973,89102.13,0.004471734,13.0,89119.598581
2026-01-21 09:00:00+00:00,89139.96,89934.0729433494,88963.579,89008.404,0.006221682,12.0,89172.435977
2026-01-21 10:00:00+00:00,89019.67,89304.85,88962.3195,89140.295,0.005410736,14.0,89196.719945
2026-01-21 11:00:00+00:00,89148.2715,89285.3,88603.475,88678.29,0.017123191,11.0,89130.039679
2026-01-21 12:00:00+00:00,88713.425,88750.9,88091.33,88645.59,0.221913874,13.0,88540.595959
2026-01-21 13:00:00+00:00,88634.4,88940.925,88472.7755,88578.135,0.090044794,20.0,88717.713227
2026-01-21 14:00:00+00:00,88565.91,89934.0729433494,88501.95,89694.95,0.061796728,27.0,89700.261116
2026-01-21 15:00:00+00:00,89698.45,90488.7,88233.1408357065,90192.6185,0.06934985,27.0,90081.796207
2026-01-21 16:00:00+00:00,90232.018,90424.2207266009,87510.092364532,87513.4085,0.259555909,40.0,88556.206231
2026-01-21 17:00:00+00:00,87517.717364532,89833.0877216749,87206.1791133,87852.685,0.164473114,41.0,87659.174816
2026-01-21 18:00:00+00:00,87851.9735,88581.9,87476.9575,88403.295,0.11862192,15.0,87822.257516
2026-01-21 19:00:00+00:00,88400.08,90724.2961383929,88195.065,90282.1695,0.019748818,16.0,89132.503333
2026-01-21 20:00:00+00:00,90277.663,90309.5,89367.595,90120.78,0.049780971,29.0,89964.948757
2026-01-21 21:00:00+00:00,90126.541,90273.56,89903.172,90195.2565,0.051176656,10.0,90252.866195
2026-01-21 22:00:00+00:00,90189.0,90317.952,89692.68,89692.68,0.000545032,2.0,89940.478669
2026-01-21 23:00:00+00:00,89679.01,90136.55,89270.94,89380.784,0.006142083,11.0,89822.198824
2026-01-22 00:00:00+00:00,89355.775,89961.35,89355.775,89826.968,0.016143745,18.0,89676.938115
2026-01-22 01:00:00+00:00,89856.48,90126.846,89737.9245,90021.2115,2.004869065,13.0,90000.090746
2026-01-22 02:00:00+00:00,90014.6035,90282.83,89752.45,89868.998,0.00103,5.0,90070.512621
2026-01-22 03:00:00+00:00,89849.275,90095.345,89598.8485,89818.873,0.015811696,13.0,89827.925643
2026-01-22 04:00:00+00:00,89819.9895,90013.944,89717.65,89908.7725,0.052189578,17.0,89885.062978
2026-01-22 05:00:00+00:00,89910.261,89994.7,89822.7235,89938.77,0.174455857,13.0,89867.509424
2026-01-22 06:00:00+00:00,89945.202,90136.455,89796.78,90094.818,0.001642758,15.0,89976.845626
2026-01-22 07:00:00+00:00,90095.3145,90127.299,89673.11,89746.7625,0.001386,15.0,89855.967361
2026-01-22 08:00:00+00:00,89731.0975,89917.5,89668.285,89840.931,0.005312185,16.0,89787.96933
2026-01-22 09:00:00+00:00,89836.793,90054.6105,89794.675,89941.9155,0.007008347,11.0,89991.200814
2026-01-22 10:00:00+00:00,89944.3965,90070.897,89826.85,90005.05,0.009695177,17.0,89982.040526
2026-01-22 11:00:00+00:00,90000.148,90079.38,89797.4,89836.645,0.006330066,16.0,89956.790584
2026-01-22 12:00:00+00:00,89876.375,90017.2005,89768.45,89920.775,0.013243328,7.0,89985.416631
2026-01-22 13:00:00+00:00,89925.6035,90304.14,89371.99,89540.195,0.130746925,22.0,89892.766516
2026-01-22 14:00:00+00:00,89519.673,89931.6098891624,88955.1665,89007.715,0.098071698,24.0,89397.646696
2026-01-22 15:00:00+00:00,88986.65,89361.675,88409.3985,88904.84,0.069618427,20.0,89177.953506
2026-01-22 16:00:00+00:00,88932.63,89181.515,88571.95,88951.2,0.293956824,28.0,88962.671973
2026-01-22 17:00:00+00:00,88975.972,89531.642,88928.576,89473.571,0.123500126,16.0,89026.881596
2026-01-22 18:00:00+00:00,89464.4405,89722.5285,89208.9,89239.2855,0.33613075,12.0,89490.675245
2026-01-22 19:00:00+00:00,89259.365,89842.665,89011.411,89700.18,0.08709886,12.0,89505.321242
2026-01-22 20:00:00+00:00,89675.4395,89882.863,89289.82,89313.362,0.178291713,57.0,89452.058732
2026-01-22 21:00:00+00:00,89304.75,89597.177,89143.354,89159.02,0.016836252,11.0,89419.908278
2026-01-22 22:00:00+00:00,89172.288,89469.3275,89046.3035,89265.195,0.004847453,4.0,89338.59472
2026-01-22 23:00:00+00:00,89265.533,89499.549,89038.6,89467.8185,0.003601126,12.0,89270.584878
2026-01-23 00:00:00+00:00,89467.5265,89615.44,89331.0,89443.113,0.001889043,9.0,89450.505164
2026-01-23 01:00:00+00:00,89426.3,89851.54,89426.3,89844.65,0.003885828,8.0,89710.397545
2026-01-23 02:00:00+00:00,89844.155,89885.685,89493.65,89566.53,0.004377732,12.0,89670.272796
2026-01-23 03:00:00+00:00,89559.645,89857.0,89527.272,89833.685,0.004169753,11.0,89738.41666
2026-01-23 04:00:00+00:00,89827.85,89991.035,89761.625,89842.165,0.062559819,19.0,89868.918911
2026-01-23 05:00:00+00:00,89892.53,89892.53,89369.763,89512.775,0.207847178,37.0,89669.439292
2026-01-23 06:00:00+00:00,89504.4515,89697.522,89274.2775,89395.648,0.001176274,7.0,89453.417247
2026-01-23 07:00:00+00:00,89416.03,89583.63,89309.496,89436.294,0.006974599,10.0,89546.827193
2026-01-23 08:00:00+00:00,89410.915,89535.6,89011.56,89114.54,0.03928641,21.0,89151.487749
2026-01-23 09:00:00+00:00,89100.06,89286.5,88741.7,88853.38,0.017586166,14.0,89047.452747
2026-01-23 10:00:00+00:00,88874.695,89062.819,88746.067,88947.3965,0.004922657,9.0,88946.769072
2026-01-23 11:00:00+00:00,88918.395,89249.9125,88848.176,89079.751,0.587528413,6.0,89151.56171
2026-01-23 12:00:00+00:00,89082.462,89277.86,88978.82,89141.175,0.042781,9.0,89134.309174
2026-01-23 13:00:00+00:00,89134.048,89347.171,89105.356,89216.7735,0.002130512,9.0,89244.611949
2026-01-23 14:00:00+00:00,89277.64,89621.2915,88515.1075,88893.865,0.039589261,27.0,89146.324087
2026-01-23 15:00:00+00:00,88891.675,89775.45,88441.593,89634.0565,0.01663873,20.0,89181.126785
2026-01-23 16:00:00+00:00,89653.02,90397.25,89247.3725677338,90010.9895,0.337195101,31.0,89923.233085
2026-01-23 17:00:00+00:00,90019.715,91141.8205,89451.1965402495,90502.45,0.872551255,27.0,90554.992045
2026-01-23 18:00:00+00:00,90492.8,90962.89,90359.46,90427.19,0.003304777,9.0,90800.610033
2026-01-23 19:00:00+00:00,90407.055,90442.0,89492.39,89873.465,0.155741866,34.0,89980.032657
2026-01-23 20:00:00+00:00,89864.459,90052.55,89096.145,89406.2075,0.024869866,14.0,89880.107061
2026-01-23 21:00:00+00:00,89396.1005,89603.47,89189.7,89242.8415,0.027964003,10.0,89528.688741
2026-01-23 22:00:00+00:00,89228.555,89654.669,89215.31,89524.122,0.00189144,9.0,89541.637364
2026-01-23 23:00:00+00:00,89494.045,89525.55,89357.0505,89479.432,0.000802412,5.0,89479.068008
2026-01-24 00:00:00+00:00,89493.223,89526.65,89265.694,89338.2425,0.016126239,11.0,89300.288821
2026-01-24 01:00:00+00:00,89319.5,89491.3,89319.5,89403.9685,0.000905602,5.0,89429.635485
2026-01-24 02:00:00+00:00,89413.4775,89627.06,89404.1,89583.5485,0.005191423,12.0,89505.714208
2026-01-24 03:00:00+00:00,89567.7825,89820.6255,89546.9315,89637.815,0.028685901,9.0,89726.31473
2026-01-24 04:00:00+00:00,89634.07,89740.89,89554.24,89708.475,0.003778343,10.0,89663.770998
2026-01-24 05:00:00+00:00,89709.3005,89747.0585,89615.3,89658.515,0.001137812,6.0,89682.117447
2026-01-24 06:00:00+00:00,89663.17,89663.17,89474.53,89526.298,0.002604085,5.0,89577.361021
2026-01-24 07:00:00+00:00,89527.6835,89602.97,89391.6,89492.983,0.029853319,13.0,89517.658838
2026-01-24 08:00:00+00:00,89477.685,89587.081,89425.804,89516.2,0.004053945,11.0,89556.579018
2026-01-24 09:00:00+00:00,89514.004,89565.42,89432.031,89472.913,0.025566213,12.0,89527.148344
2026-01-24 10:00:00+00:00,89455.61,89542.07,89429.52,89502.365,0.00386005,9.0,89486.817217
2026-01-24 11:00:00+00:00,89554.8,89570.251,89427.55,89453.155,0.027521233,20.0,89483.155534
2026-01-24 12:00:00+00:00,89456.485,89521.229,89356.915,89386.8,0.002079084,5.0,89509.345753
2026-01-24 13:00:00+00:00,89399.0095,89466.53,89216.685,89216.685,0.007455174,9.0,89432.453231
2026-01-24 14:00:00+00:00,89224.045,89436.9,89046.565,89321.14,0.017744847,20.0,89329.131544
2026-01-24 15:00:00+00:00,89313.95,89382.6535,89108.4655,89144.515,0.000885029,7.0,89220.582428
2026-01-24 16:00:00+00:00,89131.975,89236.6155,89028.5485,89141.748,0.010490929,17.0,89157.206231
2026-01-24 17:00:00+00:00,89170.8075,89288.715,89108.269,89267.35,0.023947393,7.0,89184.413082
2026-01-24 18:00:00+00:00,89241.54,89355.942,89209.18,89239.19,0.017947455,9.0,89265.249587
2026-01-24 19:00:00+00:00,89279.13,89279.13,89134.537,89180.7245,0.042820961,6.0,89188.852839
2026-01-24 20:00:00+00:00,89186.15,89307.41,89172.54,89262.2105,0.056066676,14.0,89236.418423
2026-01-24 21:00:00+00:00,89240.14,89320.989,89090.722,89235.65,0.000373,4.0,89196.272391
2026-01-24 22:00:00+00:00,89255.8265,89368.55,89150.337,89300.91,0.004740673,13.0,89202.566946
2026-01-24 23:00:00+00:00,89291.15,89344.2915,89057.415,89085.755,0.001581453,7.0,89195.605861
2026-01-25 00:00:00+00:00,89129.7,89192.2,89039.05,89192.2,0.002149,9.0,89140.04154
2026-01-25 01:00:00+00:00,89163.205,89195.425,88976.83607142857,89037.1180357143,0.139236391,12.0,89014.575759
2026-01-25 02:00:00+00:00,89014.3030357143,89145.351,88976.83607142857,88997.3995357143,0.01133245,11.0,89023.946765
2026-01-25 03:00:00+00:00,89001.9180357143,89044.3355,88696.1245,88827.115,0.005281891,17.0,88863.623684
2026-01-25 04:00:00+00:00,88811.703,89013.451,88794.9315,88888.3235,0.000870446,7.0,88961.207893
2026-01-25 05:00:00+00:00,88856.447,88939.5,88728.493,88860.6,0.017459413,12.0,88895.039086
2026-01-25 06:00:00+00:00,88868.047,88919.756,88519.2645,88682.132,0.005451119,7.0,88747.343244
2026-01-25 07:00:00+00:00,88687.85,88734.2,88489.73,88521.25,0.006056374,13.0,88633.604644
2026-01-25 08:00:00+00:00,88520.335,88645.48,88000.0,88160.2995,0.012742325,12.0,88536.771368
2026-01-25 09:00:00+00:00,88157.303,88376.544,88102.9695,88277.15,0.011685775,10.0,88283.274476
2026-01-25 10:00:00+00:00,88272.358,88543.727,88258.957,88517.0,0.002312302,12.0,88384.313646
2026-01-25 11:00:00+00:00,88491.3905,88601.06,88380.41,88407.82,0.014110547,12.0,88520.504174
2026-01-25 12:00:00+00:00,88419.478,88684.169,88303.952,88650.915,0.005685344,9.0,88472.746329
2026-01-25 13:00:00+00:00,88661.67,88853.3,88520.79,88812.184,0.01261852,17.0,88699.167762
2026-01-25 14:00:00+00:00,88806.2285,88817.39,88479.8,88576.56,0.014910017,18.0,88571.43104
2026-01-25 15:00:00+00:00,88567.1,88661.796,88244.557,88327.852,0.013752474,15.0,88594.650378
2026-01-25 16:00:00+00:00,88326.25,88849.11,87451.73,87965.8105,0.144226786,27.0,87849.496465
2026-01-25 17:00:00+00:00,87975.701,87988.285,87633.1475,87784.95,0.038432634,16.0,87855.635219
2026-01-25 18:00:00+00:00,87770.5795,88349.11,86725.603694581,87282.79,0.042116452,22.0,87389.131392
2026-01-25 19:00:00+00:00,87299.211,88198.863694581,86088.275,86390.345,0.197939681,42.0,86617.834139
2026-01-25 20:00:00+00:00,86397.7095,86643.5,86111.76,86568.33,0.032429517,67.0,86300.423132
2026-01-25 21:00:00+00:00,86560.5,86930.542,86287.9685,86485.85,0.051420772,13.0,86731.50859
2026-01-25 22:00:00+00:00,86487.3215,86596.5095,86120.889,86442.496,0.02668569,22.0,86356.368665
2026-01-25 23:00:00+00:00,86446.85,86706.15,85996.755,86582.45,0.679231852,17.0,86432.912016
2026-01-26 00:00:00+00:00,86569.155,87082.75,86405.662,86765.837,0.224064551,19.0,86926.36655
2026-01-26 01:00:00+00:00,86768.5065,87723.7655,86714.264,87610.5005,0.008281079,23.0,87532.669368
2026-01-26 02:00:00+00:00,87597.412,87880.2,87326.094,87442.3425,0.020643067,14.0,87586.354384
2026-01-26 03:00:00+00:00,87445.45,87570.35,86943.33,87149.505,0.032788326,13.0,87270.055302
2026-01-26 04:00:00+00:00,87169.163,87877.383,87097.14,87613.315,0.009233365,20.0,87417.821024
2026-01-26 05:00:00+00:00,87632.736,87895.9,87537.7,87713.9,0.325789899,21.0,87736.654539
2026-01-26 06:00:00+00:00,87701.845,87943.425,87637.0445,87839.668,0.00321975,18.0,87824.864968
2026-01-26 07:00:00+00:00,87847.0665,87981.642,86284.1913875,87916.265,0.030859884,26.0,87861.565465
2026-01-26 08:00:00+00:00,87900.778,88299.815,87238.535,87884.4,0.006267198,16.0,88048.840572
2026-01-26 09:00:00+00:00,87883.9155,87911.75,87489.615,87570.661,0.02271722,20.0,87671.538607
2026-01-26 10:00:00+00:00,87571.0645,87908.447,87550.123,87797.391,0.133557203,22.0,87739.463801
2026-01-26 11:00:00+00:00,87816.625,87926.0,87666.873,87763.929,0.116102664,17.0,87830.514744
2026-01-26 12:00:00+00:00,87758.42,87885.5,87612.267,87699.895,0.039082558,19.0,87752.376903
2026-01-26 13:00:00+00:00,87720.535,87970.9485,87553.9,87873.52,0.076950403,30.0,87896.789267
2026-01-26 14:00:00+00:00,87889.585,88422.6505,87238.535,88101.395,1.67077107,36.0,87609.181384
2026-01-26 15:00:00+00:00,88085.595,88802.10301,87232.055,87552.4485,0.488466184,37.0,88338.531816
2026-01-26 16:00:00+00:00,87561.7535,88349.11,87094.8715,87526.2,0.487527856,34.0,87623.522537
2026-01-26 17:00:00+00:00,87517.6735,88349.11,86940.525,87588.7,0.090232146,31.0,87459.373531
2026-01-26 18:00:00+00:00,87609.3765,88339.6775,87546.45,88323.716,0.042766522,12.0,88046.707026
2026-01-26 19:00:00+00:00,88323.67,88468.0,87847.5465,87926.2675,0.024483307,7.0,88186.613487
2026-01-26 20:00:00+00:00,87906.388,88050.51,87432.802,87549.495,0.062598365,46.0,87646.524078
2026-01-26 21:00:00+00:00,87550.7025,88151.25,87469.5745,87976.5,0.107539283,10.0,87652.872565
2026-01-26 22:00:00+00:00,87987.35,88201.97,87897.275,88068.039,0.005991562,11.0,87973.743097
2026-01-26 23:00:00+00:00,88037.3,88575.8005,87926.386,88265.7235,0.00959961,12.0,88382.734123
2026-01-27 00:00:00+00:00,88253.158,88369.265,88100.5245,88263.17,0.032614105,19.0,88284.745043
2026-01-27 01:00:00+00:00,88245.585,88612.8705,88094.472,88460.62,0.058815146,19.0,88542.750522
2026-01-27 02:00:00+00:00,88452.83,88777.2655357143,88439.004,88731.8235,0.06832984,17.0,88694.226299
2026-01-27 03:00:00+00:00,88704.75,88797.2105,88461.235,88672.898,0.012046673,9.0,88636.993525
2026-01-27 04:00:00+00:00,88674.2,88893.885,88392.605,88477.614,0.029408407,22.0,88718.445152
2026-01-27 05:00:00+00:00,88478.156,88494.065,88278.465,88352.528,0.004771984,5.0,88464.231075
2026-01-27 06:00:00+00:00,88354.895,88421.0,88149.02,88228.22,0.033748252,19.0,88307.618528
2026-01-27 07:00:00+00:00,88235.535,88510.5,88199.1175,88206.3,0.005103842,10.0,88333.025782
2026-01-27 08:00:00+00:00,88226.2815,88306.62,87998.8125,88041.601,0.087391415,19.0,88091.376312
2026-01-27 09:00:00+00:00,88059.0475,88059.0475,87702.03,87776.55,0.092808829,19.0,87965.151374
2026-01-27 10:00:00+00:00,87769.71,87947.4,87630.52,87653.707,0.014353458,13.0,87860.831978
2026-01-27 11:00:00+00:00,87676.888,87985.61,87590.05,87874.865,0.022852182,9.0,87769.989346
2026-01-27 12:00:00+00:00,87854.84,88041.999,87823.6375,87866.6675,0.012471341,17.0,87964.341815
2026-01-27 13:00:00+00:00,87864.2625,87951.4825,87642.253,87843.94,1.590212839,23.0,87713.464528
2026-01-27 14:00:00+00:00,87856.5525,88377.2655357143,87512.522,87632.6185,2.079369936,36.0,87768.603102
2026-01-27 15:00:00+00:00,87619.55,88377.2655357143,87437.9,87938.843,1.364952039,31.0,87690.768275
2026-01-27 16:00:00+00:00,87922.285,88729.105,87877.7115,88527.874,0.262167246,39.0,88314.571945
2026-01-27 17:00:00+00:00,88521.7485,88582.14,87189.535,87416.755,0.421784604,28.0,87413.854938
2026-01-27 18:00:00+00:00,87428.0025,88400.5635,87336.551,88170.6,0.062175369,20.0,87654.776573
2026-01-27 19:00:00+00:00,88182.974,88442.8675,87914.2,88278.6745,0.415274633,12.0,88081.512224
2026-01-27 20:00:00+00:00,88286.25,89389.894,88252.993,89297.5595,0.104277428,46.0,89078.996132
2026-01-27 21:00:00+00:00,89289.3155,89434.0235,88103.0,88955.08,0.012296374,12.0,89166.468029
2026-01-27 22:00:00+00:00,88956.3305,89320.85,88899.65,89140.126,0.003278441,10.0,89072.688833
2026-01-27 23:00:00+00:00,89152.925,89400.5025,89019.03,89129.7945,0.004202711,13.0,89325.000133
2026-01-28 00:00:00+00:00,89141.45,89369.362,89034.73,89348.6845,0.018727918,17.0,89113.684255
2026-01-28 01:00:00+00:00,89346.483,89398.8,89060.482,89272.15,0.005305162,26.0,89263.760167
2026-01-28 02:00:00+00:00,89288.52,89333.705,88955.428,89156.311,0.001695172,9.0,89183.189428
2026-01-28 03:00:00+00:00,89148.5,89195.4595,88854.674,88993.15,0.036281689,9.0,88922.270947
2026-01-28 04:00:00+00:00,88988.907,89064.162,88704.575,88865.6055,0.060420476,15.0,88895.638803
2026-01-28 05:00:00+00:00,88872.09,88998.95,88723.5,88948.23,0.013137027,11.0,88882.037561
2026-01-28 06:00:00+00:00,88977.601,89289.4115,88971.25,89197.76,0.006666897,14.0,89110.743502
2026-01-28 07:00:00+00:00,89195.16,89249.9,88983.813,89025.45,0.035417148,15.0,89135.538589
2026-01-28 08:00:00+00:00,89011.9825,89150.851,88756.0525,88794.91,0.013977698,15.0,89031.757002
2026-01-28 09:00:00+00:00,88799.135,89407.645,88740.918,89407.645,0.091886308,16.0,88937.310305
2026-01-28 10:00:00+00:00,89412.29,89585.4495,89173.002,89279.1145,0.008306821,19.0,89392.270643
2026-01-28 11:00:00+00:00,89303.8925,90041.655,89187.3325,89960.5255,0.00860752,19.0,89395.57713
2026-01-28 12:00:00+00:00,89952.5,90080.5,88690.7316071429,89894.388,0.191689448,21.0,89909.614494
2026-01-28 13:00:00+00:00,89887.138,90361.28,89836.64,90149.9,0.185670894,24.0,90142.849405
2026-01-28 14:00:00+00:00,90137.85,90166.22,89315.611,89516.135,0.231120611,26.0,89778.047973
2026-01-28 15:00:00+00:00,89485.32,89744.4315,88763.3915,89371.689,0.013770724,23.0,89471.309132
2026-01-28 16:00:00+00:00,89372.294,89719.565,89118.983,89531.222,0.119252125,24.0,89511.958679
2026-01-28 17:00:00+00:00,89516.51,90493.529,89158.8675,90059.7,0.024173765,28.0,89646.038691
2026-01-28 18:00:00+00:00,90058.0685,90058.0685,89233.5,89429.1715,0.034872518,26.0,89503.199044
2026-01-28 19:00:00+00:00,89438.95,89604.395,88877.462,89263.295,2.001060739,11.0,89300.02448
2026-01-28 20:00:00+00:00,89251.415,89772.675,88864.586,88982.29,0.091425943,23.0,89335.382978
2026-01-28 21:00:00+00:00,88991.5765,89371.075,88731.281,89292.1125,0.00101662,6.0,89080.334243
2026-01-28 22:00:00+00:00,89279.4,89349.3,88985.7665,89237.22,0.003320928,11.0,89138.521199
2026-01-28 23:00:00+00:00,89257.52,89344.7305,89069.417,89159.443,0.00387305,12.0,89213.039469
2026-01-29 00:00:00+00:00,89170.1775,89219.672,88752.3585,89004.3225,0.000581,7.0,88957.56827
2026-01-29 01:00:00+00:00,89005.6545,89044.1215,88391.665,88466.979,0.086345393,17.0,88651.061283
2026-01-29 02:00:00+00:00,88476.1,89017.1460714286,87547.425,87755.784,0.007410975,15.0,88093.916441
2026-01-29 03:00:00+00:00,87777.025,88123.8275,87630.732,87930.09,0.057127372,16.0,87957.967105
2026-01-29 04:00:00+00:00,87912.9,88217.0915,87748.8285,88164.91,0.133142149,18.0,87916.577707
2026-01-29 05:00:00+00:00,88159.0165,88283.601,87995.15,88053.5855,0.131277592,15.0,88119.781386
2026-01-29 06:00:00+00:00,88034.655,88268.894,88023.95,88170.745,0.034614404,21.0,88120.469203
2026-01-29 07:00:00+00:00,88186.54,88316.2,88112.6545,88237.784,0.044879574,14.0,88219.619252
2026-01-29 08:00:00+00:00,88191.045,88366.0185,87766.6415,87914.555,0.019373566,17.0,87971.94284
2026-01-29 09:00:00+00:00,87904.325,88025.605,87739.878,87739.878,0.017232528,16.0,87899.607652
2026-01-29 10:00:00+00:00,87750.2155,87875.65,87684.729064039,87805.2365,0.023397342,22.0,87800.941512
2026-01-29 11:00:00+00:00,87779.45,88506.4350677338,87593.83,87691.9825,0.01421241,10.0,87667.166867
2026-01-29 12:00:00+00:00,87677.129,87980.491,87677.129,87960.838,0.123165589,16.0,87792.906865
2026-01-29 13:00:00+00:00,87982.39,88023.5875,87804.85,87910.4,0.173980178,17.0,87965.546215
2026-01-29 14:00:00+00:00,87911.6785,88464.0705357143,86855.881,86855.881,0.107414764,34.0,87616.896142
2026-01-29 15:00:00+00:00,86863.84,87053.448275862,84249.476600985,84782.919,2.895627392,98.0,85276.005721
2026-01-29 16:00:00+00:00,84772.99,85263.6625,84141.195,85152.775,1.555045505,81.0,84720.737554
2026-01-29 17:00:00+00:00,85137.5975,85769.7044334975,83901.496,84129.95,0.323876927,55.0,84945.850974
2026-01-29 18:00:00+00:00,84111.615,85621.921182266,83280.5757635465,83333.835,1.000431331,58.0,83760.003235
2026-01-29 19:00:00+00:00,83335.966,85375.6157635465,83255.3707635465,83836.65,0.309780454,39.0,83899.000818
2026-01-29 20:00:00+00:00,83872.493,84239.24,83645.037,84046.086,0.116790027,26.0,83916.12388
2026-01-29 21:00:00+00:00,84047.2465,84522.0275,84029.126,84361.789,0.080803506,19.0,84291.406279
2026-01-29 22:00:00+00:00,84377.88,84509.0,84162.1405,84421.9365,0.01624944,20.0,84336.994462
2026-01-29 23:00:00+00:00,84409.4375,84624.339,84281.369,84526.01,0.010315965,17.0,84484.963045
2026-01-30 00:00:00+00:00,84530.4095,84615.566,84026.6845,84047.277,0.007935603,18.0,84332.259166
2026-01-30 01:00:00+00:00,84043.108,85802.4125,81199.96,82345.9695,1.24899771,60.0,81951.349101
2026-01-30 02:00:00+00:00,82362.635,84237.08125,81030.4075,82031.55,0.091420464,39.0,81575.146501
2026-01-30 03:00:00+00:00,82057.915,82615.7645,81918.45,82552.971,1.918955483,40.0,82484.996883
2026-01-30 04:00:00+00:00,82566.91,83214.18,82545.3495,82804.205,0.078917286,26.0,82881.925875
2026-01-30 05:00:00+00:00,82787.3693448275,83235.29,82776.7013448275,82790.7603448275,0.190605148,34.0,82920.672332
2026-01-30 06:00:00+00:00,82785.1103448275,82807.54,81915.158,82480.484,0.11326109,30.0,82570.193776
2026-01-30 07:00:00+00:00,82485.8095,84237.08125,82325.335,82658.575,0.107338972,27.0,82639.938595
2026-01-30 08:00:00+00:00,82671.1805,82836.569,82279.439,82528.415,0.023113038,25.0,82593.491074
2026-01-30 09:00:00+00:00,82532.65,82679.031615,82021.688,82230.895,0.146729814,35.0,82509.34346
2026-01-30 10:00:00+00:00,82222.111,82773.6245,82040.286,82702.95,0.085252686,35.0,82499.617313
2026-01-30 11:00:00+00:00,82696.416,85085.0,82539.3,83002.6165,0.053314983,39.0,82738.117245
2026-01-30 12:00:00+00:00,83011.195,83224.8,82494.505,82660.65,0.161185094,33.0,83082.667031
2026-01-30 13:00:00+00:00,82645.0065,82938.35,81773.1867799505,82572.7584125,0.11495254,38.0,82633.770874
2026-01-30 14:00:00+00:00,82584.2914125,83676.0515,82394.0886699505,82985.737,0.433296928,62.0,82980.294192
2026-01-30 15:00:00+00:00,82985.0255,83506.14,82248.615,82768.32,0.051753684,32.0,83137.418501
2026-01-30 16:00:00+00:00,82750.679,83375.985,82135.899888356,83020.55,0.177353441,36.0,82874.728993
2026-01-30 17:00:00+00:00,83027.0385,83381.2,82498.5325,82827.728,0.210345794,16.0,82687.718318
2026-01-30 18:00:00+00:00,82823.09,84052.47,81757.5715,83812.42,0.224725427,41.0,82648.581413
2026-01-30 19:00:00+00:00,83804.04,84514.366,81948.4789185505,84107.255,0.162624093,38.0,84205.292196
2026-01-30 20:00:00+00:00,84117.91,84148.5055,83403.1735,83771.551,0.350751884,20.0,83735.893202
2026-01-30 21:00:00+00:00,83763.657,85724.238745,83640.242,84142.28,0.009029851,10.0,84171.486181
2026-01-30 22:00:00+00:00,84116.175,84193.37,83762.061,84080.7875,0.028522475,18.0,83918.820765
2026-01-30 23:00:00+00:00,84075.1275,84167.9675,83792.995,84141.69,0.003141959,14.0,84055.1194
2026-01-31 00:00:00+00:00,84145.4875,84155.5655,83865.81,83938.05,0.073804269,11.0,84117.662663
2026-01-31 01:00:00+00:00,83931.515,84149.8,83749.67,83880.135,0.004739584,21.0,83938.18146
2026-01-31 02:00:00+00:00,83841.509,84068.2425,83677.4835,83988.85,0.849220521,16.0,83899.515667
2026-01-31 03:00:00+00:00,84006.675,84121.9,83860.51,83903.5205,0.007544686,17.0,84024.361214
2026-01-31 04:00:00+00:00,83877.4615,84065.5,83788.47,83855.295,0.052596348,16.0,84009.542383
2026-01-31 05:00:00+00:00,83847.99,83980.3965,83748.223,83843.255,0.00617695,12.0,83912.369621
2026-01-31 06:00:00+00:00,83841.49,83922.865,83498.67,83644.284,0.448527051,15.0,83645.187796
2026-01-31 07:00:00+00:00,83632.69,83695.01,83239.07,83384.5,0.324154486,12.0,83318.387554
2026-01-31 08:00:00+00:00,83407.053,84144.0886699505,82430.8815,82944.5,0.722243819,15.0,82529.706782
2026-01-31 09:00:00+00:00,82931.94,83204.1,82739.626,82977.6,0.0112934,12.0,83109.786999
2026-01-31 10:00:00+00:00,82986.36,83094.53,82759.94,83040.85,0.011150258,20.0,82963.25923
2026-01-31 11:00:00+00:00,83023.8595,83023.8595,82718.1155,82879.66,0.002996856,10.0,82939.914036
2026-01-31 12:00:00+00:00,82883.1725,83016.35,82560.992,82623.17,0.123484034,17.0,82820.047174
2026-01-31 13:00:00+00:00,82619.65,84475.6157635465,82334.17,82646.24,0.030357266,21.0,82727.746501
2026-01-31 14:00:00+00:00,82639.888,84475.6157635465,80723.195,81357.28,1.302013182,46.0,81000.591695
2026-01-31 15:00:00+00:00,81392.99,84278.455,80945.54,81179.2,0.259480013,43.0,81233.72788
2026-01-31 16:00:00+00:00,81174.93,83897.7832512315,80017.733990147,80250.425,1.317458602,48.0,80450.407085
2026-01-31 17:00:00+00:00,80229.365,83706.1576354675,78325.123152709,78779.605,0.538706886,111.0,79059.185936
2026-01-31 18:00:00+00:00,78780.04,82666.256157635,75000.0,77957.8,1.465307348,92.0,77133.545538
2026-01-31 19:00:00+00:00,77962.982,82419.950738916,77093.1725,77657.05,0.166049598,37.0,77639.454596
2026-01-31 20:00:00+00:00,77703.2,80124.3654822335,76982.946,77904.4375,0.130392253,30.0,77512.925933
2026-01-31 21:00:00+00:00,77893.82,80124.3654822335,77272.819,78224.2,0.066291116,29.0,77861.126521
2026-01-31 22:00:00+00:00,78205.4745,78416.45,77849.71,78072.784,0.025596582,24.0,78210.752945
2026-01-31 23:00:00+00:00,78063.8095,80824.3654822335,77982.1,78664.2465,0.060594989,22.0,78861.674769
2026-02-01 00:00:00+00:00,78662.6,79355.5955,78562.012,78847.785,0.013336758,27.0,78960.87496
2026-02-01 01:00:00+00:00,78825.4305,78884.2,78222.76,78457.9,0.69400788,27.0,78556.020893
2026-02-01 02:00:00+00:00,78446.9,78989.3045,78302.3585,78839.16,0.073448184,30.0,78609.377764
2026-02-01 03:00:00+00:00,78843.12,78937.7,78606.0135,78806.55,0.335759222,33.0,78728.11214
2026-02-01 04:00:00+00:00,78804.6705,79054.968,78636.475,78880.455,0.038247416,33.0,78913.232556
2026-02-01 05:00:00+00:00,78893.085,80540.6216398685,78437.205,78546.7195,0.027038165,30.0,78750.339734
2026-02-01 06:00:00+00:00,78545.025,78778.04,78187.4,78235.464,0.17706619,27.0,78538.618631
2026-02-01 07:00:00+00:00,78232.8155,80624.3654822335,77911.123,78288.3175,0.037853929,25.0,78233.272655
2026-02-01 08:00:00+00:00,78276.4735,78803.65,78175.53,78533.7555,0.058470878,24.0,78434.231361
2026-02-01 09:00:00+00:00,78529.38,79062.32,78476.775,78965.791,0.021766299,16.0,78773.869929
2026-02-01 10:00:00+00:00,79014.231,80540.6216398685,78080.315,78211.555,0.08391984,34.0,78799.129135
2026-02-01 11:00:00+00:00,78195.64,80769.0261377335,78195.64,78697.175,0.038010423,39.0,78528.343376
2026-02-01 12:00:00+00:00,78716.479,80540.6216398685,78174.299,78404.37,0.045855643,18.0,78449.710532
2026-02-01 13:00:00+00:00,78416.2,78708.3415,78147.05,78261.0,0.025692432,14.0,78590.247726
2026-02-01 14:00:00+00:00,78256.9625,80294.3162211495,77175.6274014775,78158.38,0.114238198,34.0,77977.459068
2026-02-01 15:00:00+00:00,78158.4,80201.705383711,76725.661194581,77536.99,0.038445995,36.0,77293.464541
2026-02-01 16:00:00+00:00,77551.165,79974.1191768145,77019.0905,77439.896,0.117941679,34.0,77536.938766
2026-02-01 17:00:00+00:00,77435.5035,77698.54,77230.35,77687.6,0.071139006,19.0,77533.387803
2026-02-01 18:00:00+00:00,77717.6155,80409.4104822335,77655.0695,77961.533,0.0819785,11.0,78104.151513
2026-02-01 19:00:00+00:00,77962.3755,79974.1191768145,76907.6546231524,77102.346,0.03655384,19.0,77490.859227
2026-02-01 20:00:00+00:00,77095.5825,79801.705383711,76527.888,77040.285,0.152535618,12.0,76886.473944
2026-02-01 21:00:00+00:00,77037.523,79801.705383711,76299.7865,76445.4985,0.035907573,11.0,76546.868124
2026-02-01 22:00:00+00:00,76453.1035,79874.3654822335,76378.66,77190.785,0.040399943,10.0,77140.187538
2026-02-01 23:00:00+00:00,77168.065,79609.58715711,75654.856,76904.14,0.070652901,25.0,76715.506909
2026-02-02 00:00:00+00:00,76908.971,79575.1043984895,76527.018,77627.1775,1.061418017,22.0,77607.021204
2026-02-02 01:00:00+00:00,77621.515,77862.685,76563.945,77454.1445,0.010580681,15.0,77508.0492
2026-02-02 02:00:00+00:00,77451.96,77495.52,76366.5165,76416.82,0.038937059,15.0,77308.540507
2026-02-02 03:00:00+00:00,76416.68,81334.8779822335,74541.2476485725,76216.913,0.313686458,40.0,75482.944189
2026-02-02 04:00:00+00:00,76216.448,78891.608130806,75246.323,75799.963,0.355289086,28.0,75589.766229
2026-02-02 05:00:00+00:00,75796.87,78891.608130806,74821.55,75407.675,0.111289787,23.0,75205.226605
2026-02-02 06:00:00+00:00,75408.15,78891.608130806,74865.704,76481.61,0.040537022,31.0,75676.753407
2026-02-02 07:00:00+00:00,76470.0,78891.608130806,76244.546,76563.315,0.354909678,30.0,76726.418233
2026-02-02 08:00:00+00:00,76562.55,78891.608130806,76520.5745,76786.512,0.118146306,28.0,76837.911006
2026-02-02 09:00:00+00:00,76804.391,80206.8104822335,76557.34,77625.985,0.058413849,25.0,77206.783531
2026-02-02 10:00:00+00:00,77645.154,78891.608130806,77378.3015,77428.163,0.059636769,23.0,77569.376486
2026-02-02 11:00:00+00:00,77476.026,77896.1915,75809.4855818425,77689.391,0.088892957,28.0,77841.201586
2026-02-02 12:00:00+00:00,77696.1,80073.626565977,77625.3935,77939.525,0.223835798,25.0,77993.633983
2026-02-02 13:00:00+00:00,77936.51,80506.0054822335,77723.74,78163.59,0.134456297,34.0,77900.78962
2026-02-02 14:00:00+00:00,78155.676,80701.7354822335,77157.059252159,77789.7125,0.743998819,64.0,78237.800788
2026-02-02 15:00:00+00:00,77777.965,80166.730014253,77493.0,78827.475,0.720926086,56.0,78544.079649
2026-02-02 16:00:00+00:00,78840.533,80294.3162211495,78529.5875,78574.321,0.194239212,49.0,78881.08103
2026-02-02 17:00:00+00:00,78583.6055,80786.927058588,78536.1745,78949.2205,5.089606135,41.0,78874.97304
2026-02-02 18:00:00+00:00,78942.3725,80786.927058588,78325.123152709,78498.867,1.315767893,43.0,78556.493979
2026-02-02 19:00:00+00:00,78490.022,78652.5165,78174.8,78283.839,0.089199538,17.0,78507.25519
2026-02-02 20:00:00+00:00,78272.315,78610.13,77837.533,77935.9375,0.266056041,14.0,78203.623415
2026-02-02 21:00:00+00:00,77929.95,78502.575,77839.82,78477.72,0.015707522,13.0,78326.538551
2026-02-02 22:00:00+00:00,78505.0,78805.01,78452.045,78741.9,0.0263054,16.0,78561.866739
2026-02-02 23:00:00+00:00,78747.905,78874.285497264,78491.4745,78660.45,0.217915284,18.0,78754.453401
2026-02-03 00:00:00+00:00,78689.15,79022.333793948,78332.1705,78988.007793948,0.824800106,26.0,78691.648089
2026-02-03 01:00:00+00:00,79006.952793948,79098.742816606,78628.717816606,78954.35,0.439181107,30.0,78983.025897
2026-02-03 02:00:00+00:00,78942.05,78953.9285,77718.6145320195,77721.281,0.339238506,23.0,78383.624045
2026-02-03 03:00:00+00:00,77739.535,78875.0,77580.763,78685.91,0.164140454,26.0,78066.544163
2026-02-03 04:00:00+00:00,78686.9975,78959.29,78414.511,78721.734,0.190939181,36.0,78718.683977
2026-02-03 05:00:00+00:00,78752.895,78756.747,78149.146,78158.6,0.141076565,19.0,78434.590292
2026-02-03 06:00:00+00:00,78168.365,78595.37,77865.866157635,78538.206,0.042155504,22.0,78409.019271
2026-02-03 07:00:00+00:00,78512.62,78859.43,78410.568,78730.6175,0.141645792,34.0,78695.971016
2026-02-03 08:00:00+00:00,78733.7975,79028.13,78381.8625,78679.82,0.925423911,27.0,78914.884454
2026-02-03 09:00:00+00:00,78693.0935,78779.1725,77868.0,78330.445,0.052338575,24.0,78225.98915
2026-02-03 10:00:00+00:00,78339.207,78511.3,77992.307,78065.615,0.008098213,15.0,78411.944916
2026-02-03 11:00:00+00:00,78060.9945,78294.244,77928.871,78010.8,0.174386391,20.0,78067.45698
2026-02-03 12:00:00+00:00,78004.4,78471.238974241,77919.715,78243.489,0.18915304,17.0,78305.130963
2026-02-03 13:00:00+00:00,78249.3165,78398.83,78123.0555,78220.67,0.08790082,16.0,78253.364583
2026-02-03 14:00:00+00:00,78231.205,78417.0,77084.145,77132.5035,0.606300738,33.0,77931.316705
2026-02-03 15:00:00+00:00,77127.3855,78137.3915,76984.5285,78076.9,0.15340665,35.0,77473.374686
2026-02-03 16:00:00+00:00,78087.589,78106.9,76412.671,76424.442,0.151314906,43.0,76933.89603
2026-02-03 17:00:00+00:00,76408.905,77368.1772313905,74808.57,74828.705,0.409670489,56.0,75466.734892
2026-02-03 18:00:00+00:00,74823.65,76837.142748632,73043.763054187,73047.22,1.354194833,79.0,73898.194139
2026-02-03 19:00:00+00:00,73049.21,76382.9555565135,72865.7895,74839.0,0.265104168,45.0,74355.121693
2026-02-03 20:00:00+00:00,74836.8615,76905.942748632,74480.101,76376.98,0.091780976,33.0,75045.820484
2026-02-03 21:00:00+00:00,76373.445,76872.055,75545.3378078815,76137.95,0.047997278,18.0,76600.189489
2026-02-03 22:00:00+00:00,76139.385,76208.55,75305.8225,75601.9,0.035688039,14.0,75829.636202
2026-02-03 23:00:00+00:00,75594.55,75908.75,75322.128,75655.595,0.023634117,16.0,75769.520872
2026-02-04 00:00:00+00:00,75654.965,76162.8495,75348.5195,75817.08,0.007977978,9.0,75528.132444
2026-02-04 01:00:00+00:00,75825.118,76686.1625,75015.377931034,76305.1935,0.13305091,12.0,76327.13245
2026-02-04 02:00:00+00:00,76310.521,76508.285,75362.037931034,75860.1135,0.018672327,16.0,76007.518139
2026-02-04 03:00:00+00:00,75856.79,76890.888,75362.037931034,76612.6515,0.205580602,17.0,76194.472675
2026-02-04 04:00:00+00:00,76608.23,76749.67,75362.037931034,76398.1505,0.387238778,24.0,76591.81544
2026-02-04 05:00:00+00:00,76395.751,76446.3,76001.21,76197.55,0.285435301,16.0,76377.857475
2026-02-04 06:00:00+00:00,76190.257,76694.0575,75362.037931034,76566.98,0.12943493,17.0,76611.935257
2026-02-04 07:00:00+00:00,76567.425,76569.32,75362.037931034,76416.665,0.19409494,11.0,76486.077572
2026-02-04 08:00:00+00:00,76402.046,76492.9,75963.621,76476.236,0.060496358,11.0,76379.878458
2026-02-04 09:00:00+00:00,76492.782,76520.0,75846.55,76003.2645,0.093262233,16.0,76164.905159
2026-02-04 10:00:00+00:00,75995.4625,76238.9,75950.7075,76189.591,0.024497101,15.0,76099.683046
2026-02-04 11:00:00+00:00,76174.0815,76187.745,75554.765,75905.2785,0.00652079,12.0,75820.244877
2026-02-04 12:00:00+00:00,75926.33,76171.1235,75896.6,76072.0915,0.135226048,10.0,75954.110361
2026-02-04 13:00:00+00:00,76050.3055,76091.35,74733.49,74752.35,0.365853598,23.0,75121.848076
2026-02-04 14:00:00+00:00,74746.865,75645.5135,74130.4,74234.65,0.358171694,34.0,75176.199589
2026-02-04 15:00:00+00:00,74254.8745,75534.4517241375,73742.905,74828.8435,0.028250181,14.0,74357.696728
