,entry_time,entry_price,position,size,stop_loss,take_profit,market_regime,volatility_pct,session,entry_type,exit_time,exit_price,pnl,return_pct,direction,volatility_state
0,2025-10-27 23:30:00+00:00,114128.9535,-1,0.16141407957368234,114438.71582142857,113509.42885714286,Neutral,,Asia,Mean Reversion,2025-10-28 01:30:00+00:00,114438.71582142857,-49.99999999999984,-0.27141431856603365,Short,Normal
1,2025-10-28 01:45:00+00:00,114419.6355,-1,0.16984418350731148,114712.55103571429,113833.80442857143,Neutral,,Asia,Mean Reversion,2025-10-28 02:45:00+00:00,113833.80442857143,99.5,0.512002217861091,Short,Normal
2,2025-10-28 03:15:00+00:00,113962.8785,-1,0.15300568671432294,114291.28132658133,113306.07284683736,Neutral,,Asia,Mean Reversion,2025-10-28 07:00:00+00:00,114291.28132658133,-50.24750000000032,-0.288166489741065,Short,Normal
3,2025-10-28 07:15:00+00:00,114259.6345,-1,0.1959294972596139,114514.80926030551,113749.28497938899,Neutral,0.5060264720299916,Asia,Mean Reversion,2025-10-28 08:45:00+00:00,114514.80926030551,-49.99626250000142,-0.22332887849865465,Short,Low
4,2025-10-28 09:00:00+00:00,114384.87,-1,0.19083815428889128,114645.54261744836,113863.52476510327,Chaos,0.47862385064007157,London,Mean Reversion,2025-10-28 10:15:00+00:00,114645.54261744836,-49.746281187499804,-0.22789081934381955,Short,Low
5,2025-10-28 11:45:00+00:00,114352.158,1,0.22894443525709884,114135.95903571429,114784.55592857143,Chaos,0.4495420638870156,London,Mean Reversion,2025-10-28 12:15:00+00:00,114135.95903571429,-49.497549781561084,-0.18906417514718693,Long,Low
6,2025-10-28 15:45:00+00:00,114655.085,1,0.09544537908282334,114139.08241814723,115687.09016370558,Neutral,0.5643502402018297,NY,Mean Reversion,2025-10-28 19:15:00+00:00,114139.08241814723,-49.2500620326541,-0.4500477077425561,Long,Low
7,2025-10-28 19:30:00+00:00,114008.68,1,0.10767049226202187,113553.55240939478,114918.93518121043,Neutral,0.6687054893407697,NY,Mean Reversion,2025-10-28 19:45:00+00:00,113553.55240939478,-49.00381172249177,-0.3992043330430788,Long,Low
8,2025-10-28 22:45:00+00:00,113243.25,-1,0.07021118538045458,113937.70904380718,111854.33191238565,Neutral,0.8507597740767264,Asia,Mean Reversion,2025-10-29 15:30:00+00:00,111854.33191238565,97.51758532775766,1.2264908395108327,Short,Normal
9,2025-10-29 17:45:00+00:00,111851.705,-1,0.10862449356976916,112305.0685,110944.978,Trend_Down,0.5770823328722833,NY,Pullback,2025-10-29 18:00:00+00:00,112305.0685,-49.2463805905172,-0.40532551560120805,Short,Low
10,2025-10-29 18:45:00+00:00,110816.785,-1,0.058096822002384814,111660.20718728511,109129.94062542978,Trend_Down,0.7815592267256868,NY,Pullback,2025-10-29 21:30:00+00:00,111660.20718728511,-49.00014868756481,-0.7610960625550588,Short,Low
11,2025-10-29 21:45:00+00:00,111642.355,-1,0.060161214374473894,112452.76330792827,110021.53838414345,Trend_Down,0.8748363923220808,Asia,Pullback,2025-10-29 23:30:00+00:00,110021.53838414345,97.51029588825483,1.451793645750794,Short,Normal
12,2025-10-30 02:15:00+00:00,110926.6755,-1,0.12732526185056997,111313.42278571428,110153.18092857143,Trend_Down,0.9953943898990952,Asia,Pullback,2025-10-30 04:00:00+00:00,110153.18092857143,98.48539884713725,0.6973025811348429,Short,Normal
13,2025-10-30 07:00:00+00:00,111241.1735,-1,0.04915064920870833,112253.06504606309,109217.39040787383,Neutral,1.2351839287662782,Asia,Mean Reversion,2025-10-30 12:15:00+00:00,109217.39040787383,99.4702528356088,1.8192752093955367,Short,Normal
14,2025-10-30 14:30:00+00:00,108304.77,-1,0.05101012082443824,109289.52512055475,106335.25975889049,Trend_Down,1.3338587049390833,NY,Pullback,2025-10-30 16:00:00+00:00,109289.52512055475,-50.232477681982026,-0.9092444594589414,Short,Normal
15,2025-10-30 16:15:00+00:00,108147.75,-1,0.04698057790315443,109211.62187055475,106020.00625889048,Trend_Down,1.4859458041790372,NY,Pullback,2025-10-30 17:30:00+00:00,109211.62187055475,-49.981315293572095,-0.9837207621561714,Short,Normal
16,2025-10-30 20:30:00+00:00,107282.0385,-1,0.03410825606436613,108740.08457023167,104365.94635953665,Trend_Down,1.6439772594572053,NY,Pullback,2025-10-30 23:30:00+00:00,108740.08457023167,-49.73140871710482,-1.3590775218460056,Short,High
17,2025-10-30 23:45:00+00:00,108316.8615,-1,0.08304121268651095,108912.74335278943,107125.09779442115,Trend_Down,1.6094754306353831,Asia,Pullback,2025-10-31 00:45:00+00:00,108912.74335278943,-49.482751673519495,-0.5501284329489484,Short,High
18,2025-10-31 02:00:00+00:00,109061.7,1,0.08589638994982556,108488.50550435342,110208.08899129315,Trend_Down,1.6399873448898494,Asia,Pullback,2025-10-31 04:30:00+00:00,110208.08899129315,98.47067583030342,1.051138017556253,Long,High
19,2025-10-31 04:45:00+00:00,110068.7255,1,0.09249785957173502,109531.11639721057,111143.94370557886,Neutral,1.4021949171691304,Asia,Mean Reversion,2025-10-31 06:30:00+00:00,109531.11639721057,-49.727691294303064,-0.4884303877847927,Long,Normal
20,2025-10-31 07:30:00+00:00,109533.189,1,0.15053459837746805,109204.50009146243,110190.56681707515,Neutral,1.0916138678065224,Asia,Mean Reversion,2025-10-31 08:00:00+00:00,109204.50009146243,-49.47905283783192,-0.30008156572303696,Long,Normal
21,2025-10-31 12:15:00+00:00,110146.305,1,0.1193946981702573,109733.96125,110970.9925,Neutral,0.8584439990344181,London,Mean Reversion,2025-10-31 12:30:00+00:00,109733.96125,-49.23165757364203,-0.3743600386776479,Long,Normal
22,2025-10-31 12:45:00+00:00,109636.33,1,0.11603039136587222,109214.15182142858,110480.68635714285,Neutral,0.8584439990344181,London,Mean Reversion,2025-10-31 14:00:00+00:00,110480.68635714285,97.97099857154743,0.7701428505887173,Long,Normal
23,2025-10-31 16:30:00+00:00,109641.7765,1,0.08142284924852963,109034.14172996616,110857.04604006773,Neutral,0.8631703481991229,NY,Mean Reversion,2025-10-31 16:45:00+00:00,109034.14172996616,-49.4753542786313,-0.5542000407425466,Long,Normal
24,2025-10-31 17:00:00+00:00,108855.04,1,0.07332010127502032,108183.62825,110197.86349999999,Neutral,0.8641768236411017,NY,Mean Reversion,2025-10-31 19:45:00+00:00,110197.86349999999,98.45595501447715,1.233588724968544,Long,Normal
25,2025-10-31 20:00:00+00:00,109719.54,-1,0.09363007100028811,110250.56872561271,108657.48254877457,Neutral,0.9124242053596645,NY,Mean Reversion,2025-11-01 03:30:00+00:00,110250.56872561271,-49.72025728231144,-0.48398737874103326,Short,Normal
26,2025-11-01 06:15:00+00:00,109970.066,1,0.16224016515874204,109665.13746428571,110579.92307142858,Neutral,0.537889077661144,Asia,Mean Reversion,2025-11-01 13:30:00+00:00,109665.13746428571,-49.4716559959005,-0.2772832160656286,Long,Low
27,2025-11-01 18:30:00+00:00,110218.456,1,0.18390266926252033,109950.79105574815,110753.78588850371,Chaos,0.3532747997081828,NY,Mean Reversion,2025-11-01 21:45:00+00:00,109950.79105574815,-49.2242977159196,-0.24284947727071562,Long,Low
28,2025-11-01 22:00:00+00:00,109917.51,1,0.1883741335483018,109657.50521428572,110437.51957142857,Chaos,0.36800602061544585,Asia,Mean Reversion,2025-11-02 04:30:00+00:00,110437.51957142857,97.95635245468077,0.4730907490795332,Long,Low
29,2025-11-02 08:00:00+00:00,110743.82,1,0.17825407926495274,110466.30625000001,111298.8475,Chaos,0.3893989061930873,London,Mean Reversion,2025-11-02 10:00:00+00:00,110466.30625000001,-49.467957989613964,-0.2505907327379516,Long,Low
30,2025-11-02 10:15:00+00:00,110534.7,1,0.17677040058428498,110256.25622187325,111091.58755625348,Chaos,0.42063640656850587,London,Mean Reversion,2025-11-02 11:45:00+00:00,111091.58755625348,98.44123639933143,0.5038124283627506,Long,Low
31,2025-11-02 12:30:00+00:00,110796.658,1,0.16714804614734685,110499.2400790161,111391.49384196776,Chaos,0.4360431012312955,London,Mean Reversion,2025-11-02 13:15:00+00:00,110499.2400790161,-49.71282438166341,-0.2684358232031613,Long,Low
32,2025-11-02 13:30:00+00:00,110359.89,1,0.17845702846257253,110082.71257142856,110914.24485714285,Chaos,0.46162825202130464,NY,Mean Reversion,2025-11-02 16:00:00+00:00,110082.71257142856,-49.464260259755164,-0.25115776082364216,Long,Low
33,2025-11-02 17:00:00+00:00,110247.7405,-1,0.15657305029594143,110562.07900758754,109619.06348482492,Neutral,0.5046252525120457,NY,Mean Reversion,2025-11-02 22:30:00+00:00,109619.06348482492,98.43387791691052,0.5702402718857376,Short,Low
34,2025-11-02 23:00:00+00:00,110457.085,-1,0.17721047973321638,110737.59385265294,109896.06729469415,Chaos,0.48259241715146267,Asia,Mean Reversion,2025-11-02 23:45:00+00:00,110737.59385265294,-49.709108348039635,-0.25395279320736097,Short,Low
35,2025-11-03 00:00:00+00:00,110685.6615,-1,0.15504576232161404,111004.66772155478,110047.64905689043,Neutral,0.5170772638788658,Asia,Mean Reversion,2025-11-03 00:45:00+00:00,110047.64905689043,98.92112561259955,0.576418331392974,Short,Low
36,2025-11-03 06:15:00+00:00,107515.245375,-1,0.0781560652469412,108154.41737369933,106236.90137760135,Trend_Down,0.9105662887731965,Asia,Pullback,2025-11-03 06:45:00+00:00,108154.41737369933,-49.95516843436239,-0.5944942937812894,Short,Normal
37,2025-11-03 07:00:00+00:00,107408.9155,-1,0.07820030586052207,108044.53184504148,106137.68280991704,Trend_Down,0.9337419987183097,Asia,Pullback,2025-11-03 08:45:00+00:00,108044.53184504148,-49.705392592190485,-0.5917724260436045,Short,Normal
38,2025-11-03 09:00:00+00:00,107809.195,-1,0.08755644836167434,108374.05191864677,106679.48116270648,Trend_Down,1.0311093800157125,London,Pullback,2025-11-03 11:15:00+00:00,108374.05191864677,-49.456865629229945,-0.523941319334371,Short,Normal
39,2025-11-03 11:30:00+00:00,107744.99,-1,0.07920215575683139,108366.30618553628,106502.35762892748,Trend_Down,1.228204389421875,London,Pullback,2025-11-03 15:15:00+00:00,106502.35762892748,98.41916260216694,1.1533087256052708,Short,Normal
40,2025-11-03 18:45:00+00:00,106923.93,-1,0.02719882827068124,108751.2762599001,103269.2374801998,Trend_Down,1.7799257929833847,NY,Pullback,2025-11-04 14:30:00+00:00,103269.2374801998,99.4033542281889,3.4180304818577083,Short,High
41,2025-11-04 20:15:00+00:00,100487.68,-1,0.053366665874224194,101428.3176258083,98606.40474838337,Trend_Down,1.2939328697786516,NY,Pullback,2025-11-04 22:30:00+00:00,101428.3176258083,-50.198693885235265,-0.9360725870159445,Short,Normal
42,2025-11-04 22:45:00+00:00,101268.0085,-1,0.05458835251773886,102182.99673672281,99438.03202655437,Trend_Down,1.4347970450085665,Asia,Pullback,2025-11-05 01:15:00+00:00,99438.03202655437,99.8954008316184,1.807062763997799,Short,Normal
43,2025-11-05 03:30:00+00:00,102199.631,-1,0.059416254103809824,103048.67774959528,100501.53750080941,Trend_Down,1.6371815752208634,Asia,Pullback,2025-11-05 13:45:00+00:00,103048.67774959528,-50.44717741996759,-0.830772813255354,Short,High
44,2025-11-05 16:00:00+00:00,103297.421,1,0.0921282192028483,102752.58314285714,104387.09671428573,Neutral,0.9800673033194245,NY,Mean Reversion,2025-11-05 18:45:00+00:00,104387.09671428573,100.38988306573549,1.054891500423543,Long,Normal
45,2025-11-05 19:00:00+00:00,104145.537,1,0.12047463147782769,103724.72732142857,104987.15635714286,Neutral,0.9281251563291323,NY,Mean Reversion,2025-11-05 20:00:00+00:00,103724.72732142857,-50.69689094819611,-0.40405925274688403,Long,Normal
46,2025-11-05 20:15:00+00:00,104016.868,1,0.1140208937685472,103574.46306151696,104901.67787696607,Neutral,0.9262534356520163,NY,Mean Reversion,2025-11-05 21:15:00+00:00,103574.46306151696,-50.443406493455726,-0.4253203802320246,Long,Normal
47,2025-11-05 21:30:00+00:00,103608.7425,1,0.13135429231326193,103226.63706151696,104372.95337696606,Neutral,0.905562651026336,Asia,Mean Reversion,2025-11-06 01:00:00+00:00,103226.63706151696,-50.191189460987694,-0.3687965216671122,Long,Normal
48,2025-11-06 06:30:00+00:00,103385.0035,1,0.14080150902189295,103030.31814285716,104094.37421428572,Neutral,0.6609105013399978,Asia,Mean Reversion,2025-11-06 07:15:00+00:00,103030.31814285716,-49.94023351368246,-0.3430723462159103,Long,Low
49,2025-11-06 10:30:00+00:00,103110.371,-1,0.14559268580802537,103451.66927381326,102427.77445237349,Neutral,0.6210991406039318,London,Mean Reversion,2025-11-06 12:30:00+00:00,102427.77445237349,99.38106469222957,0.6620057138835355,Short,Low
50,2025-11-06 13:00:00+00:00,102857.171,-1,0.14462399495758083,103204.19113095611,102163.13073808778,Neutral,0.7140937518622854,NY,Mean Reversion,2025-11-06 13:15:00+00:00,103204.19113095611,-50.18743766957533,-0.3373805905629165,Short,Low
51,2025-11-06 13:30:00+00:00,103237.825686485,-1,0.12419162678604422,103639.9180156825,102433.64102808999,Neutral,0.7140937518622854,NY,Mean Reversion,2025-11-06 14:30:00+00:00,102433.64102808999,99.87300096245555,0.7789631881992328,Short,Low
52,2025-11-06 18:00:00+00:00,101343.065,-1,0.06543308797605038,102113.86563078333,99801.46373843336,Trend_Down,1.00186091317887,NY,Pullback,2025-11-06 18:45:00+00:00,102113.86563078333,-50.4358654860406,-0.7605854734937487,Short,Normal
53,2025-11-06 19:00:00+00:00,101892.375,-1,0.0696776540624577,102612.6014030535,100451.922193893,Trend_Down,1.0015853512148585,NY,Pullback,2025-11-07 11:00:00+00:00,100451.922193893,100.36737231722009,1.4137002951467186,Short,Normal
54,2025-11-07 11:45:00+00:00,100352.6205,-1,0.12885950234961344,100745.95992857144,99565.94164285714,Trend_Down,0.6727144842253675,London,Pullback,2025-11-07 12:45:00+00:00,99565.94164285714,101.37104604039189,0.7839146135131194,Short,Low
55,2025-11-07 13:00:00+00:00,99979.043,-1,0.08932580379531012,100552.14031427333,98832.84837145336,Trend_Down,0.8578072874547155,NY,Pullback,2025-11-07 13:30:00+00:00,100552.14031427333,-51.19237825039842,-0.5732174434529517,Short,Normal
56,2025-11-07 13:45:00+00:00,100283.57,-1,0.0775575425980528,100940.32645015119,98970.05709969765,Trend_Down,0.8578072874547155,NY,Pullback,2025-11-07 14:30:00+00:00,100940.32645015119,-50.93641635914613,-0.6548993520585481,Short,Normal
57,2025-11-07 14:45:00+00:00,100715.9,-1,0.06672779844057442,101475.42954333546,99196.84091332907,Trend_Down,0.9019687488985277,NY,Pullback,2025-11-07 16:15:00+00:00,101475.42954333546,-50.68173427735025,-0.754130721500242,Short,Normal
58,2025-11-07 16:30:00+00:00,101330.5865,-1,0.060844475106890464,102159.39347906214,99672.97254187572,Neutral,1.0053316618903365,NY,Mean Reversion,2025-11-07 17:15:00+00:00,102159.39347906214,-50.428325605963316,-0.8179237954594663,Short,Normal
59,2025-11-07 22:00:00+00:00,103676.5395,1,0.0948451806298909,103147.50698991671,104734.60452016657,Trend_Up,1.1716168559088072,Asia,Pullback,2025-11-08 00:00:00+00:00,103147.50698991671,-50.17618397793376,-0.5102721528270966,Long,Normal
60,2025-11-08 00:15:00+00:00,103012.28843,1,0.14278254057982895,102662.62871071429,103711.60786857143,Neutral,1.184983912633118,Asia,Mean Reversion,2025-11-08 00:30:00+00:00,102662.62871071429,-49.925303058044236,-0.3394349592799501,Long,Normal
61,2025-11-08 00:45:00+00:00,102621.677,1,0.1325515093779604,102246.91192357143,103371.20715285714,Neutral,1.184983912633118,Asia,Mean Reversion,2025-11-08 02:30:00+00:00,103371.20715285714,99.35135308550775,0.7303818986091444,Long,Normal
62,2025-11-08 05:30:00+00:00,102390.6395,1,0.14030496205540535,102033.04392694843,103105.83064610315,Neutral,0.8331936552729458,Asia,Mean Reversion,2025-11-08 06:00:00+00:00,103105.83064610315,100.34486661636312,0.6984927036256486,Long,Normal
63,2025-11-08 07:45:00+00:00,102347.2165,-1,0.12448794310268639,102754.27726731835,101533.09496536329,Neutral,0.7370962442561537,Asia,Mean Reversion,2025-11-08 14:15:00+00:00,101533.09496536329,101.34831528252646,0.7954505872044989,Short,Low
64,2025-11-08 15:00:00+00:00,101851.162,-1,0.16139869846851354,102168.27050027493,101216.94499945013,Neutral,0.6268579546406969,NY,Mean Reversion,2025-11-08 17:00:00+00:00,102168.27050027493,-51.1808992176762,-0.3113449999470123,Short,Low
65,2025-11-08 17:15:00+00:00,101787.655,-1,0.1325822254718459,102171.75622126364,101019.45255747272,Neutral,0.6504966377082706,NY,Mean Reversion,2025-11-08 18:45:00+00:00,102171.75622126364,-50.92499472158748,-0.3773554084369479,Short,Low
66,2025-11-08 19:00:00+00:00,102119.985,-1,0.15342335685734657,102450.25003125657,101459.45493748687,Neutral,0.6540536935257896,NY,Mean Reversion,2025-11-08 23:00:00+00:00,102450.25003125657,-50.670369747979066,-0.3234088129336951,Short,Low
67,2025-11-09 00:00:00+00:00,102003.983,1,0.23152557692169778,101786.22296428571,102439.50307142857,Neutral,0.5781116795543173,Asia,Mean Reversion,2025-11-09 00:15:00+00:00,101786.22296428571,-50.41701789923821,-0.2134818948337342,Long,Low
68,2025-11-09 03:45:00+00:00,101637.516,-1,0.17458268314252906,101924.85797405358,101062.83205189287,Neutral,0.5502478138367731,Asia,Mean Reversion,2025-11-09 04:15:00+00:00,101924.85797405358,-50.16493280974419,-0.2827125114446673,Short,Low
69,2025-11-09 06:00:00+00:00,101883.825,-1,0.17422539237364948,102170.31658119643,101310.84183760715,Neutral,0.5164092397298573,Asia,Mean Reversion,2025-11-09 11:15:00+00:00,101310.84183760715,99.82821629138839,0.5623887426614063,Short,Low
70,2025-11-09 16:15:00+00:00,103477.495,1,0.09362760695814636,102939.0507220245,104554.38355595096,Trend_Up,0.7118314127874403,NY,Pullback,2025-11-09 18:45:00+00:00,104554.38355595096,100.8264984543028,1.0406983237765521,Long,Low
71,2025-11-09 22:15:00+00:00,104300.6855,1,0.12362148318509758,103888.8041634593,105124.44817308143,Trend_Up,0.8552666378395095,Asia,Pullback,2025-11-09 23:00:00+00:00,105124.44817308143,101.83476343884612,0.7897960297503726,Long,Normal
72,2025-11-09 23:15:00+00:00,104655.801,1,0.11621971166254819,104213.30673804609,105540.78952390786,Trend_Up,0.8961017260075855,Asia,Pullback,2025-11-10 00:15:00+00:00,105540.78952390786,102.85311107323534,0.8456182222597077,Long,Normal
73,2025-11-10 03:45:00+00:00,106036.75,1,0.11864574632322539,105598.96927290608,106912.31145418786,Trend_Up,0.9428358493468273,Asia,Pullback,2025-11-10 14:30:00+00:00,105598.96927290608,-51.94082109198274,-0.4128575490043998,Long,Normal
74,2025-11-10 14:45:00+00:00,104881.9575,1,0.1270487394508008,104475.17568374643,105695.52113250714,Neutral,0.6191285660194317,NY,Mean Reversion,2025-11-10 17:30:00+00:00,105695.52113250714,103.36223397304657,0.7756945540486684,Long,Low
75,2025-11-10 17:45:00+00:00,105929.28,-1,0.0959423214865108,106473.33529642857,104841.16940714285,Trend_Up,0.6529745612922137,NY,Pullback,2025-11-11 01:15:00+00:00,106473.33529642857,-52.19792815638921,-0.5136023736105583,Short,Low
76,2025-11-11 04:00:00+00:00,106144.7,1,0.09005906368160202,105568.00137142857,107298.09725714286,Neutral,0.7884526860605632,Asia,Mean Reversion,2025-11-11 05:00:00+00:00,105568.00137142857,-51.93693851560632,-0.5433136356044371,Long,Low
77,2025-11-11 08:15:00+00:00,105101.5,-1,0.12538868511531676,105513.63650000001,104277.227,Neutral,0.7847134902589706,London,Mean Reversion,2025-11-11 09:30:00+00:00,105513.63650000001,-51.67725382302972,-0.3921318915524591,Short,Low
78,2025-11-11 09:45:00+00:00,104957.4315,-1,0.12895038060614208,105356.18075,104159.933,Neutral,0.7889075418705763,London,Mean Reversion,2025-11-11 11:00:00+00:00,105356.18075,-51.41886755391286,-0.37991521353110996,Short,Low
79,2025-11-11 11:15:00+00:00,105299.365,-1,0.13915362446667734,105667.02896428572,104564.03707142858,Neutral,0.7518317025904833,London,Mean Reversion,2025-11-11 12:45:00+00:00,104564.03707142858,102.32354643228759,0.6983213322999843,Short,Low
80,2025-11-11 17:00:00+00:00,103548.75,-1,0.1038355707837186,104046.39633216047,102553.45733567908,Trend_Down,0.7653029912559407,NY,Pullback,2025-11-11 21:30:00+00:00,102553.45733567908,103.34678189661089,0.9611826934858422,Short,Low
81,2025-11-11 22:30:00+00:00,103000.6585,-1,0.14320296118717216,103365.10714285714,102271.76121428573,Trend_Down,0.7154339641797192,Asia,Pullback,2025-11-12 00:00:00+00:00,103365.10714285714,-52.190124857788575,-0.3538313717257836,Short,Low
82,2025-11-12 00:15:00+00:00,103016.6745,-1,0.13193601634544666,103410.26811963403,102229.48726073193,Trend_Down,0.7517370483100962,Asia,Pullback,2025-11-12 03:30:00+00:00,103410.26811963403,-51.92917423349936,-0.38206787546227144,Short,Low
83,2025-11-12 04:00:00+00:00,103419.0835,-1,0.17267761893122688,103718.30889285714,102820.6327142857,Neutral,0.6856059267056134,Asia,Mean Reversion,2025-11-12 06:15:00+00:00,103718.30889285714,-51.66952836233265,-0.28933286075499254,Short,Low
84,2025-11-12 12:15:00+00:00,104949.3725,1,0.14936874613412135,104605.18282142856,105637.75185714285,Neutral,0.5876321128405674,London,Mean Reversion,2025-11-12 14:30:00+00:00,104605.18282142856,-51.4111807205214,-0.32795782420846237,Long,Low
85,2025-11-12 14:45:00+00:00,103969.9535,1,0.1305812791405801,103578.21185714286,104753.4367857143,Neutral,0.628972924512136,NY,Mean Reversion,2025-11-12 15:15:00+00:00,103578.21185714286,-51.15412481691829,-0.3767835126108285,Long,Low
86,2025-11-12 15:30:00+00:00,102753.69,1,0.10201829941902647,102254.77603571428,103751.51792857143,Trend_Down,0.7530546219069428,NY,Pullback,2025-11-12 15:45:00+00:00,102254.77603571428,-50.898354192833956,-0.48554359876099723,Long,Low
87,2025-11-12 18:30:00+00:00,101492.565,-1,0.07774622036408912,102143.96467171011,100189.7656565798,Trend_Down,0.8966105517484011,NY,Pullback,2025-11-13 01:00:00+00:00,102143.96467171011,-50.64386242186959,-0.6418200896884524,Short,Normal
88,2025-11-13 01:30:00+00:00,102433.46,-1,0.11670047106156874,102865.25468472904,101569.87063054193,Trend_Down,0.9199786513516041,Asia,Pullback,2025-11-13 03:00:00+00:00,101569.87063054193,100.78128621952031,0.8430735127545954,Short,Normal
89,2025-11-13 05:30:00+00:00,102501.805,-1,0.0830620378085263,103114.53436330045,101276.34627339906,Neutral,0.93703434190665,Asia,Mean Reversion,2025-11-13 05:45:00+00:00,103114.53436330045,-50.89454954085699,-0.5977742180251941,Short,Normal
90,2025-11-13 09:00:00+00:00,102830.481,1,0.09558026653174825,102300.66372044332,103890.11555911336,Neutral,0.9355831426248558,London,Mean Reversion,2025-11-13 13:30:00+00:00,102300.66372044332,-50.64007679315314,-0.5152336879146553,Long,Normal
91,2025-11-13 13:45:00+00:00,102294.172,1,0.1258942228178075,101893.94016027448,103094.63567945108,Neutral,0.9808906287138149,NY,Mean Reversion,2025-11-13 14:30:00+00:00,103094.63567945108,100.77375281837547,0.782511519279,Long,Normal
92,2025-11-13 21:00:00+00:00,98550.9925,-1,0.05448508662435646,99485.0232288881,96682.93104222378,Trend_Down,1.4596530389024132,Asia,Pullback,2025-11-13 22:15:00+00:00,99485.0232288881,-50.890745173279,-0.9477638988649468,Short,Normal
93,2025-11-13 22:30:00+00:00,99754.3,-1,0.06873927007511856,100490.94284465164,98281.01431069672,Trend_Down,1.497458588528126,Asia,Pullback,2025-11-13 23:45:00+00:00,100490.94284465164,-50.63629144741245,-0.7384572340757606,Short,Normal
94,2025-11-14 04:15:00+00:00,98952.696,-1,0.0388020660646277,100251.1606205761,96355.76675884778,Trend_Down,2.4680719162633804,Asia,Pullback,2025-11-14 04:30:00+00:00,100251.1606205761,-50.38310999017593,-1.3122074213886088,Short,High
95,2025-11-14 08:00:00+00:00,96887.4841600985,-1,0.03369457354752728,98375.29626638658,93911.85994752235,Trend_Down,2.4966277945022246,London,Pullback,2025-11-14 10:30:00+00:00,98375.29626638658,-50.131194440225244,-1.5356081532983108,Short,High
96,2025-11-14 14:30:00+00:00,96308.153,-1,0.038821857945346226,97593.01006527097,93738.43886945807,Trend_Down,2.6995520680143286,NY,Pullback,2025-11-14 14:45:00+00:00,97593.01006527097,-49.88053846802367,-1.3341103792852933,Short,High
97,2025-11-14 15:00:00+00:00,95999.815,-1,0.03517823573516839,97410.66277955667,93178.11944088664,Trend_Down,2.6460836345002323,NY,Pullback,2025-11-14 15:15:00+00:00,97410.66277955667,-49.631135775683504,-1.469635935815785,Short,High
98,2025-11-14 15:30:00+00:00,96696.588,-1,0.03208547365412267,98235.69509342014,93618.37381315972,Trend_Down,2.6460836345002323,NY,Pullback,2025-11-14 15:45:00+00:00,98235.69509342014,-49.38298009680527,-1.5916870752669592,Short,High
99,2025-11-14 16:00:00+00:00,96435.0575,-1,0.03110467958112142,98014.75759201264,93275.6573159747,Trend_Down,2.6433708174484116,NY,Pullback,2025-11-14 16:15:00+00:00,98014.75759201264,-49.13606519632134,-1.6380973195485933,Short,High
100,2025-11-14 16:30:00+00:00,97048.68,-1,0.03246493827046664,98554.62418085849,94036.79163828299,Trend_Down,2.6433708174484116,NY,Pullback,2025-11-14 17:00:00+00:00,98554.62418085849,-48.890384870339524,-1.551741024049473,Short,High
101,2025-11-14 17:15:00+00:00,96681.0655,-1,0.028556323663835422,98384.573749824,93274.049000352,Trend_Down,2.6978465959635782,NY,Pullback,2025-11-14 18:00:00+00:00,98384.573749824,-48.645932945988186,-1.761987459503131,Short,High
102,2025-11-14 21:45:00+00:00,94959.778,-1,0.03954887464412351,96183.64855805773,92512.03688388458,Trend_Down,2.6374991852250718,Asia,Pullback,2025-11-14 23:00:00+00:00,96183.64855805773,-48.402703281258354,-1.2888304752120656,Short,High
103,2025-11-15 00:00:00+00:00,95147.13,-1,0.05940540264838775,95957.84228571429,93525.70542857144,Trend_Down,2.745823386641267,Asia,Pullback,2025-11-15 01:45:00+00:00,95957.84228571429,-48.1606897648517,-0.8520617339842853,Short,High
104,2025-11-15 02:15:00+00:00,95808.503,-1,0.05250780778038598,96721.12701425047,93983.25497149907,Trend_Down,2.6758104975949664,Asia,Pullback,2025-11-15 03:15:00+00:00,96721.12701425047,-47.919886316027835,-0.9525501241267369,Short,High
105,2025-11-15 05:45:00+00:00,96310.85,1,0.11747164989855385,95904.96239285715,97122.62521428571,Trend_Down,2.2742317926207534,Asia,Pullback,2025-11-15 06:45:00+00:00,95904.96239285715,-47.68028688444701,-0.42143497554310144,Long,High
106,2025-11-15 09:15:00+00:00,95872.81,1,0.10013616715395224,95399.03626970446,96820.35746059107,Trend_Down,1.5846523723711425,London,Pullback,2025-11-15 16:00:00+00:00,96820.35746059107,94.88377090005048,0.9883380497463998,Long,High
107,2025-11-15 16:15:00+00:00,95731.425,1,0.09726200127274846,95238.77315572882,96716.72868854237,Neutral,0.8413600285855881,NY,Mean Reversion,2025-11-15 20:45:00+00:00,95238.77315572882,-47.9163043045256,-0.5146187307576193,Long,Normal
108,2025-11-15 23:15:00+00:00,95600.245,-1,0.15269753891579307,95912.47480489092,94975.78539021814,Trend_Down,0.6696557042404468,Asia,Pullback,2025-11-16 01:30:00+00:00,94975.78539021814,95.35344556600616,0.6531987546494862,Short,Low
109,2025-11-16 02:30:00+00:00,95668.7165,-1,0.09066417808438665,96199.83574718506,94606.47800562985,Neutral,0.9360865867913442,Asia,Mean Reversion,2025-11-16 09:45:00+00:00,94606.47800562985,96.30698002166578,1.1103300360156367,Short,Normal
110,2025-11-16 11:00:00+00:00,95857.147,1,0.12132052255245063,95456.26655629836,96658.90788740327,Neutral,0.8621231081464173,London,Mean Reversion,2025-11-16 11:15:00+00:00,95456.26655629836,-48.635024910940864,-0.4182061079928,Long,Normal
111,2025-11-16 11:30:00+00:00,95541.4685,1,0.11301092710361303,95113.2634491555,96397.878601689,Neutral,0.8621231081464173,London,Mean Reversion,2025-11-16 13:45:00+00:00,95113.2634491555,-48.39184978638618,-0.44818763785747695,Long,Normal
112,2025-11-16 14:30:00+00:00,95546.29,-1,0.14465601947435788,95879.14784243489,94880.57431513022,Neutral,0.8994790497439004,NY,Mean Reversion,2025-11-16 15:45:00+00:00,94880.57431513022,96.29978107490807,0.6967467652273864,Short,Normal
113,2025-11-16 18:00:00+00:00,95131.5485,-1,0.06342091183628097,95898.35219352572,93597.94111294857,Trend_Down,1.0589855231633643,NY,Pullback,2025-11-16 21:00:00+00:00,93597.94111294857,97.26277888565843,1.61209126859891,Short,Normal
114,2025-11-16 23:15:00+00:00,94161.002,-1,0.06087686411453386,94967.83894949935,92547.32810100129,Trend_Down,1.4640279824615847,Asia,Pullback,2025-11-17 00:15:00+00:00,94967.83894949935,-49.11770333725713,-0.856869545100373,Short,Normal
115,2025-11-17 00:30:00+00:00,94641.735,-1,0.06112950079602325,95441.21993254751,93042.765134905,Expansion,1.5390689721402142,Asia,Breakout,2025-11-17 01:00:00+00:00,95441.21993254751,-48.87211482057148,-0.8447488125059287,Short,High
116,2025-11-17 01:15:00+00:00,95044.174199,-1,0.062452329797902446,95822.81215220093,93486.89829259814,Expansion,1.5777641756002925,Asia,Breakout,2025-11-17 07:45:00+00:00,95822.81215220093,-48.62775424646824,-0.8192379593626086,Short,High
117,2025-11-17 10:45:00+00:00,95564.196,1,0.1286959736611649,95188.23539999999,96316.1172,Neutral,1.1289125328281964,London,Mean Reversion,2025-11-17 12:45:00+00:00,95188.23539999999,-48.384615475236494,-0.393411565980219,Long,Normal
118,2025-11-17 13:00:00+00:00,94876.5645,1,0.15410672237316822,94564.16610714285,95501.36128571427,Trend_Down,0.9336334506611175,NY,Pullback,2025-11-17 13:15:00+00:00,94564.16610714285,-48.142692397859165,-0.32926823868832195,Long,Normal
119,2025-11-17 16:30:00+00:00,93657.7095,-1,0.04837446316182739,94647.94227582685,91677.24394834628,Neutral,1.0319289694457268,NY,Mean Reversion,2025-11-17 19:30:00+00:00,91677.24394834628,95.80395787174089,2.1145782469234065,Short,Normal
120,2025-11-17 21:00:00+00:00,92013.6,-1,0.060698194775613126,92810.67475492612,90419.45049014779,Trend_Down,1.343952340448211,Asia,Pullback,2025-11-18 03:00:00+00:00,90419.45049014779,96.76199745045786,1.7325150954339503,Short,Normal
121,2025-11-18 06:15:00+00:00,89939.968,-1,0.08025203645139097,90548.85982222906,88722.18435554185,Trend_Down,1.2621020698907799,Asia,Pullback,2025-11-18 08:00:00+00:00,90548.85982222906,-48.86480871248093,-0.6769980418817435,Short,Normal
122,2025-11-18 08:15:00+00:00,90723.975,-1,0.10420954130011259,91190.53961646729,89790.84576706543,Trend_Down,1.3709100411298505,London,Pullback,2025-11-18 08:30:00+00:00,91190.53961646729,-48.62048466891819,-0.5142682697349623,Short,Normal
123,2025-11-18 08:45:00+00:00,91105.294,-1,0.07378523063918352,91760.94529805101,89793.99140389796,Trend_Down,1.3709100411298505,London,Pullback,2025-11-18 12:30:00+00:00,91760.94529805101,-48.377382245574275,-0.7196632262127556,Short,Normal
124,2025-11-18 13:15:00+00:00,91197.25,1,0.12626289175579716,90816.01767857143,91959.71464285713,Trend_Down,1.2366576856388982,NY,Pullback,2025-11-18 13:30:00+00:00,90816.01767857143,-48.135495334347006,-0.4180305013896489,Long,Normal
125,2025-11-18 14:00:00+00:00,91130.4,1,0.11530580691892177,90715.02787662244,91961.1442467551,Trend_Down,1.3674863697575939,NY,Pullback,2025-11-18 14:30:00+00:00,91961.1442467551,95.78963571534877,0.9115994736719042,Long,Normal
126,2025-11-18 18:30:00+00:00,93309.205,1,0.04852104821231075,92312.24042857143,95303.13414285715,Neutral,1.4561129272163402,NY,Mean Reversion,2025-11-19 00:15:00+00:00,92312.24042857143,-48.37376603625149,-1.0684525405918661,Long,Normal
127,2025-11-19 01:30:00+00:00,92320.0865,1,0.11273304333211917,91893.13184869807,93173.99580260387,Neutral,1.289575060258534,Asia,Mean Reversion,2025-11-19 03:30:00+00:00,91893.13184869807,-48.131897206070356,-0.462472109254285,Long,Normal
128,2025-11-19 07:00:00+00:00,91249.605,-1,0.12005077595903915,91648.5298494019,90451.75530119622,Neutral,0.9502867623237555,Asia,Mean Reversion,2025-11-19 07:30:00+00:00,91648.5298494019,-47.891237720040635,-0.43717980960235125,Short,Normal
129,2025-11-19 07:45:00+00:00,91820.73,-1,0.115484394380223,92233.35528835324,90995.4794232935,Neutral,0.9502867623237555,Asia,Mean Reversion,2025-11-19 09:15:00+00:00,92233.35528835324,-47.65178153143919,-0.4493814069581492,Short,Normal
130,2025-11-19 09:30:00+00:00,91418.8715,-1,0.08547391111308716,91973.58488571428,90309.44472857143,Neutral,1.127795862197786,London,Mean Reversion,2025-11-19 14:45:00+00:00,91973.58488571428,-47.413522623782924,-0.6067821409437227,Short,Normal
131,2025-11-19 19:15:00+00:00,88823.953,-1,0.06972590782422412,89500.55164866289,87470.7557026742,Trend_Down,1.5092905963632988,NY,Pullback,2025-11-19 20:45:00+00:00,89500.55164866289,-47.17645501066377,-0.7617299453705886,Short,High
132,2025-11-19 21:00:00+00:00,89590.35,-1,0.08752042725948822,90126.68847783258,88517.67304433486,Trend_Down,1.5174207494662693,Asia,Pullback,2025-11-19 21:15:00+00:00,90126.68847783258,-46.94057273561015,-0.5986565269948949,Short,High
133,2025-11-19 21:30:00+00:00,90410.0445,-1,0.07537777588362699,91029.6683788478,89170.79674230443,Trend_Down,1.5174207494662693,Asia,Pullback,2025-11-19 23:00:00+00:00,91029.6683788478,-46.705869871932585,-0.6853484944892302,Short,High
134,2025-11-19 23:15:00+00:00,91317.568,-1,0.07891648218151877,91906.44803162229,90139.80793675542,Neutral,1.3785109988720305,Asia,Mean Reversion,2025-11-20 00:30:00+00:00,91906.44803162229,-46.47234052257277,-0.6448704718267261,Short,Normal
135,2025-11-20 02:30:00+00:00,92335.15,1,0.11159969409448461,91920.81213648568,93163.82572702863,Neutral,1.4348391741798112,Asia,Mean Reversion,2025-11-20 06:30:00+00:00,91920.81213648568,-46.239978819960015,-0.44873253957384196,Long,Normal
136,2025-11-20 06:45:00+00:00,91916.7615,1,0.12348011196570251,91544.16077755622,92661.96294488756,Neutral,1.094269861213199,Asia,Mean Reversion,2025-11-20 08:45:00+00:00,92661.96294488756,92.01755785172051,0.8107350963268769,Long,Normal
137,2025-11-20 09:00:00+00:00,91995.0785,1,0.1276528513192066,91631.05320612765,92723.12908774472,Neutral,1.0270641172308963,London,Mean Reversion,2025-11-20 09:30:00+00:00,91631.05320612765,-46.46886671511847,-0.39570083509669157,Long,Normal
138,2025-11-20 11:15:00+00:00,91486.115,1,0.11741445410052562,91092.32598368387,92273.69303263229,Neutral,0.8992263036120998,London,Mean Reversion,2025-11-20 13:30:00+00:00,92273.69303263229,92.47304476308577,0.8608716553679053,Long,Normal
139,2025-11-20 19:15:00+00:00,86831.455,-1,0.013374877043917295,90322.99271298379,79848.37957403243,Trend_Down,2.552263864670532,NY,Pullback,2025-11-20 20:30:00+00:00,90322.99271298379,-46.69888760535835,-4.021051717933077,Short,High
140,2025-11-20 20:45:00+00:00,86349.715,-1,0.020346631721421603,88633.4046938775,81782.33561224499,Trend_Down,2.9018980514814334,NY,Pullback,2025-11-20 21:15:00+00:00,88633.4046938775,-46.465393167331584,-2.644698588614337,Short,High
141,2025-11-20 21:30:00+00:00,87466.816,-1,0.02474691210596595,89335.05176224482,83730.34447551037,Trend_Down,3.2461067750548396,Asia,Pullback,2025-11-20 22:15:00+00:00,89335.05176224482,-46.233066201494815,-2.135936630235652,Short,High
142,2025-11-20 22:30:00+00:00,88035.35,-1,0.025257613045363732,89856.6583234693,84392.73335306143,Trend_Down,3.5087890897883343,Asia,Pullback,2025-11-20 23:00:00+00:00,89856.6583234693,-46.001900870487475,-2.0688374879741933,Short,High
143,2025-11-21 05:00:00+00:00,86109.07,-1,0.0465108204911137,87093.18274801914,84140.84450396172,Trend_Down,4.424335766092362,Asia,Pullback,2025-11-21 05:15:00+00:00,87093.18274801914,-45.77189136613461,-1.1428677002540328,Short,High
144,2025-11-21 05:30:00+00:00,85953.9915,-1,0.037830744052033884,87157.85447046293,83546.26555907415,Trend_Down,4.424335766092362,Asia,Pullback,2025-11-21 07:30:00+00:00,83546.26555907415,91.08606381860848,2.8011799090515246,Short,High
145,2025-11-21 11:00:00+00:00,82974.977,-1,0.03127408065031187,84445.7944076394,80033.34218472119,Trend_Down,3.684065829752721,London,Pullback,2025-11-21 13:30:00+00:00,84445.7944076394,-45.998462228397415,-1.772603573773098,Short,High
146,2025-11-21 13:45:00+00:00,84027.35,-1,0.032046106992188794,85455.55686233156,81170.93627533689,Trend_Down,3.481603570694094,NY,Pullback,2025-11-21 14:15:00+00:00,85455.55686233156,-45.76846991725533,-1.699692852781335,Short,High
147,2025-11-21 14:30:00+00:00,84812.4825,-1,0.022964934617026107,86795.48956390456,80846.46837219088,Trend_Down,3.8607089239845815,NY,Pullback,2025-11-21 14:45:00+00:00,86795.48956390456,-45.53962756766911,-2.3381075585242526,Short,High
148,2025-11-21 15:00:00+00:00,84092.615,-1,0.017648455311880928,86660.08782575642,78957.66934848718,Trend_Down,4.41608617757971,NY,Pullback,2025-11-21 17:00:00+00:00,86660.08782575642,-45.3119294298307,-3.0531489902608127,Short,High
149,2025-11-21 17:30:00+00:00,85090.089,-1,0.020513079967855622,87287.97297711759,80694.32104576484,Trend_Down,4.154101686295464,NY,Pullback,2025-11-21 18:00:00+00:00,87287.97297711759,-45.08536978268157,-2.58300820101103,Short,High
150,2025-11-21 18:45:00+00:00,84507.595,-1,0.023389233887111602,86425.56901959745,80671.64696080511,Trend_Down,4.566338542961201,NY,Pullback,2025-11-21 20:45:00+00:00,86425.56901959745,-44.8599429337682,-2.2695877448618016,Short,High
151,2025-11-22 00:45:00+00:00,84697.15,1,0.0921100233958692,84212.55948993938,85666.33102012122,Trend_Down,3.7038311192823343,Asia,Pullback,2025-11-22 02:30:00+00:00,84212.55948993938,-44.6356432190997,-0.5721450014086872,Long,High
152,2025-11-22 02:45:00+00:00,84472.139,1,0.10581393231031622,84052.4167192633,85311.58356147338,Trend_Down,3.4933867437500243,Asia,Pullback,2025-11-22 04:00:00+00:00,84052.4167192633,-44.412465003003916,-0.4968765864170818,Long,High
153,2025-11-22 06:00:00+00:00,84225.1275,-1,0.13267821399391244,84558.191997537,83558.998504926,Trend_Down,2.0173116609357913,Asia,Pullback,2025-11-22 06:30:00+00:00,84558.191997537,-44.19040267798824,-0.39544552489634893,Short,High
154,2025-11-22 06:45:00+00:00,84589.278,-1,0.13494891593345623,84915.10092610843,83937.63214778315,Trend_Down,2.0173116609357913,Asia,Pullback,2025-11-22 08:30:00+00:00,83937.63214778315,87.93890132919769,0.7703645989469896,Short,High
155,2025-11-22 12:45:00+00:00,83836.85,-1,0.06819668483580969,84488.04214047083,82534.46571905837,Trend_Down,1.2156924528510697,London,Pullback,2025-11-22 14:15:00+00:00,84488.04214047083,-44.409145171245264,-0.7767373660518333,Short,Normal
156,2025-11-22 15:45:00+00:00,84241.2115,-1,0.13237369172157362,84575.01725,83573.6,Trend_Down,1.1230796473234654,NY,Pullback,2025-11-22 16:00:00+00:00,84575.01725,-44.18709944538861,-0.39624993997148233,Short,Normal
157,2025-11-22 17:30:00+00:00,84484.065,1,0.05212967139968977,83640.66501746293,86170.86496507414,Neutral,1.3858607787330774,NY,Mean Reversion,2025-11-22 22:45:00+00:00,86170.86496507414,87.93232789632312,1.996589493029414,Long,Normal
158,2025-11-23 05:00:00+00:00,86400.413,1,0.06620583589366534,85729.68926412021,87741.86047175957,Neutral,1.439979244053791,Asia,Mean Reversion,2025-11-23 07:00:00+00:00,85729.68926412021,-44.405825587643285,-0.776296909460128,Long,Normal
159,2025-11-23 07:15:00+00:00,85473.21,1,0.05043168623149528,84597.09817901331,87225.4336419734,Neutral,1.4319532607444279,Asia,Mean Reversion,2025-11-23 14:00:00+00:00,87225.4336419734,88.36759291941024,2.0500267182821332,Long,Normal
160,2025-11-23 16:45:00+00:00,86645.88,1,0.055997871024511904,85848.963374281,88239.71325143802,Expansion,1.6162109262728703,NY,Breakout,2025-11-24 02:00:00+00:00,88239.71325143802,89.25126884860448,1.8394795591412032,Long,High
161,2025-11-24 05:30:00+00:00,87509.15,1,0.07852263101660692,86935.15126632266,88657.14746735466,Trend_Up,1.4568060997871979,Asia,Pullback,2025-11-24 06:00:00+00:00,88657.14746735466,90.14378153708981,1.311859922482012,Long,Normal
162,2025-11-24 06:15:00+00:00,87129.816,1,0.06365829007066101,86414.70710176066,88560.03379647869,Neutral,1.3998259256670993,Asia,Mean Reversion,2025-11-24 06:30:00+00:00,88560.03379647869,91.04521935246159,1.6414791883397097,Long,Normal
163,2025-11-24 06:45:00+00:00,86869.4915,1,0.05390119875240219,86016.48939917114,88575.49570165772,Neutral,1.3998259256670993,Asia,Mean Reversion,2025-11-24 09:15:00+00:00,86016.48939917114,-45.97783577299302,-0.9819351835723137,Long,Normal
164,2025-11-24 11:45:00+00:00,86224.45,-1,0.13147829131678646,86572.40057142857,85528.54885714286,Neutral,1.4265860218015392,London,Mean Reversion,2025-11-24 14:30:00+00:00,85528.54885714286,91.4958931882556,0.8070809878835288,Short,Normal
165,2025-11-24 16:00:00+00:00,86864.359,-1,0.02854560198273049,88483.01206214324,83627.05287571349,Expansion,1.8756896367511675,NY,Breakout,2025-11-24 16:15:00+00:00,88483.01206214324,-46.205426060069044,-1.8634260135888954,Short,High
166,2025-11-24 21:15:00+00:00,88881.258,1,0.08641815824064103,88349.25870881228,89945.25658237543,Trend_Up,1.7665649726579091,Asia,Pullback,2025-11-24 23:30:00+00:00,88349.25870881228,-45.97439892976924,-0.5985505866576729,Long,High
167,2025-11-24 23:45:00+00:00,88290.289,1,0.16520610006674152,88013.39530832252,88844.07638335497,Trend_Up,1.731756702981218,Asia,Pullback,2025-11-25 00:00:00+00:00,88013.39530832252,-45.74452693511985,-0.31361738059038824,Long,High
168,2025-11-25 00:15:00+00:00,87850.6525,1,0.1684231692825446,87580.40580832251,88391.14588335497,Trend_Up,1.7292077379548145,Asia,Pullback,2025-11-25 01:15:00+00:00,88391.14588335497,91.03160860088991,0.6152411712081172,Long,High
169,2025-11-25 01:30:00+00:00,87960.7,1,0.1060182544371497,87527.08634933665,88827.92730132671,Expansion,1.911526569912921,Asia,Breakout,2025-11-25 02:30:00+00:00,87527.08634933665,-45.970962343448214,-0.49296293761116994,Long,High
170,2025-11-25 07:15:00+00:00,87683.7935,1,0.09946390986751838,87223.91707253343,88603.54635493315,Neutral,1.0975577465444224,Asia,Mean Reversion,2025-11-25 08:45:00+00:00,87223.91707253343,-45.741107531731636,-0.5244714092651268,Long,Normal
171,2025-11-25 10:45:00+00:00,87411.6175,-1,0.1465206300278362,87722.2386185785,86790.375262843,Neutral,0.9687279975745052,London,Mean Reversion,2025-11-25 12:30:00+00:00,87722.2386185785,-45.51240199407404,-0.3553545025963018,Short,Normal
172,2025-11-25 12:45:00+00:00,87506.0335,-1,0.15733025838210685,87793.86649824068,86930.36750351865,Neutral,0.9369751935133305,London,Mean Reversion,2025-11-25 13:45:00+00:00,86930.36750351865,90.56967996820521,0.6578586338065008,Short,Normal
173,2025-11-25 17:00:00+00:00,87425.815,-1,0.06714606348597682,88106.98208574428,86063.48082851143,Neutral,1.1906155999602965,NY,Mean Reversion,2025-11-25 17:30:00+00:00,88106.98208574428,-45.73768838394327,-0.7791372442387645,Short,Normal
174,2025-11-25 18:00:00+00:00,87572.1265,-1,0.09556984279479441,88048.31227797328,86619.75494405342,Neutral,1.02789919659103,NY,Mean Reversion,2025-11-25 19:15:00+00:00,86619.75494405342,91.01799988404822,1.0875281827792296,Short,Normal
175,2025-11-25 22:15:00+00:00,87120.719,-1,0.10883169300304171,87543.06003571428,86276.03692857143,Neutral,1.1252988308838485,Asia,Mean Reversion,2025-11-25 22:30:00+00:00,87543.06003571428,-45.96408994144382,-0.48477680230610326,Short,Normal
176,2025-11-25 22:45:00+00:00,87628.715,-1,0.11261199630623647,88034.83753571428,86816.46992857142,Neutral,1.1252988308838485,Asia,Mean Reversion,2025-11-26 01:30:00+00:00,88034.83753571428,-45.73426949173623,-0.46345828044412507,Short,Normal
177,2025-11-26 02:15:00+00:00,87772.823,1,0.12773224640346562,87416.56528571428,88485.33842857143,Neutral,1.1802488123110526,Asia,Mean Reversion,2025-11-26 03:30:00+00:00,87416.56528571428,-45.505598144278906,-0.40588612979409233,Long,Normal
178,2025-11-26 03:45:00+00:00,87088.83,1,0.13243067126417887,86746.92982142858,87772.63035714286,Neutral,1.187353574211856,Asia,Mean Reversion,2025-11-26 06:45:00+00:00,87772.63035714286,90.55614030711371,0.7851757305074099,Long,Normal
179,2025-11-26 08:45:00+00:00,87390.55,1,0.183543630931341,87141.39479574125,87888.86040851752,Neutral,0.7654922708471413,London,Mean Reversion,2025-11-26 09:15:00+00:00,87141.39479574125,-45.73085085509223,-0.28510543103202496,Long,Low
180,2025-11-26 12:45:00+00:00,86626.235,-1,0.16438701503628278,86903.03421428571,86072.63657142858,Neutral,0.6935847667701581,London,Mean Reversion,2025-11-26 13:30:00+00:00,86903.03421428571,-45.50219660081644,-0.31953277697652566,Short,Low
181,2025-11-26 13:45:00+00:00,87098.849,-1,0.1383866302913836,87426.00983571429,86444.52732857144,Neutral,0.7225422593300748,NY,Mean Reversion,2025-11-26 14:30:00+00:00,87426.00983571429,-45.274685617812594,-0.37562015970415774,Short,Low
182,2025-11-26 15:30:00+00:00,86851.12,-1,0.10735176557459863,87270.75270886699,86011.854582266,Neutral,0.7399664812768251,NY,Mean Reversion,2025-11-26 16:00:00+00:00,87270.75270886699,-45.048312189723255,-0.48316326705630647,Short,Low
183,2025-11-26 16:15:00+00:00,87548.25,-1,0.09667399546347577,88011.90178571429,86620.94642857143,Neutral,0.7802249166029834,NY,Mean Reversion,2025-11-26 17:15:00+00:00,88011.90178571429,-44.823070628775696,-0.5295957208902403,Short,Low
184,2025-11-26 20:30:00+00:00,89672.45,1,0.08119106835465803,89123.14136076871,90771.06727846256,Trend_Up,0.9214637453381287,NY,Pullback,2025-11-27 00:45:00+00:00,90771.06727846256,89.19791055126265,1.2251447110707547,Long,Normal
185,2025-11-27 04:15:00+00:00,91146.3735,1,0.10283062480234989,90708.3236008093,92022.47329838143,Trend_Up,0.9668641641878896,Asia,Pullback,2025-11-27 13:15:00+00:00,90708.3236008093,-45.04494482838688,-0.48060046973861004,Long,Normal
186,2025-11-27 13:30:00+00:00,90822.644,1,0.13357341590992117,90487.10028571429,91493.73142857144,Trend_Up,0.7544487167322809,NY,Pullback,2025-11-27 16:30:00+00:00,91493.73142857144,89.6394402084922,0.7388988021219004,Long,Low
187,2025-11-27 19:45:00+00:00,91522.26,1,0.15833735437408927,91236.36462499999,92094.05075,Trend_Up,0.5614106104585146,NY,Pullback,2025-11-27 21:00:00+00:00,91236.36462499999,-45.2679173052893,-0.31237796684654345,Long,Low
188,2025-11-27 21:15:00+00:00,91530.0145,1,0.17742288418225297,91276.14883928571,92037.74582142857,Trend_Up,0.544702942239364,Asia,Pullback,2025-11-27 22:30:00+00:00,91276.14883928571,-45.0415777187628,-0.2773578285779591,Long,Low
189,2025-11-27 22:45:00+00:00,91327.62,1,0.16961276822045382,91063.39242857142,91856.07514285714,Trend_Up,0.5597615016605674,Asia,Pullback,2025-11-28 00:15:00+00:00,91063.39242857142,-44.816369830168945,-0.28931835892425406,Long,Low
190,2025-11-28 00:45:00+00:00,91175.25,1,0.16216462055169537,90900.26839285714,91725.21321428572,Trend_Up,0.5407046946872697,Asia,Pullback,2025-11-28 01:00:00+00:00,90900.26839285714,-44.59228798101806,-0.301596767919874,Long,Low
191,2025-11-28 03:15:00+00:00,91179.85,-1,0.13493244280517255,91508.67623050987,90522.19753898028,Neutral,0.5388466087791437,Asia,Mean Reversion,2025-11-28 04:15:00+00:00,91508.67623050987,-44.36932654111237,-0.3606347570322406,Short,Low
192,2025-11-28 04:30:00+00:00,91447.175,-1,0.1357985636680127,91772.27033765272,90796.98432469457,Trend_Up,0.5357647112920126,Asia,Pullback,2025-11-28 05:45:00+00:00,91772.27033765272,-44.14747990840668,-0.3555006894993943,Short,Low
193,2025-11-28 06:45:00+00:00,91300.48,1,0.1572496366804518,91021.136,91859.168,Neutral,0.5281834402449387,Asia,Mean Reversion,2025-11-28 07:45:00+00:00,91021.136,-43.92674250886371,-0.30596115157335135,Long,Low
194,2025-11-28 12:15:00+00:00,91565.854,1,0.139273866407029,91252.03267857144,92193.49664285715,Neutral,0.6295843963312963,London,Mean Reversion,2025-11-28 13:45:00+00:00,92193.49664285715,87.41421759264036,0.6854549107980177,Long,Low
195,2025-11-28 16:15:00+00:00,91227.6436798025,1,0.07158433625271558,90610.96994648129,92460.99114644493,Neutral,0.8831366564879484,NY,Mean Reversion,2025-11-28 17:15:00+00:00,90610.96994648129,-44.14417988428279,-0.6759724448059348,Long,Normal
196,2025-11-28 19:45:00+00:00,91153.739,-1,0.07698608775929827,91724.27661612346,90012.66376775307,Neutral,1.0094828108557983,NY,Mean Reversion,2025-11-29 06:15:00+00:00,91724.27661612346,-43.92345898486151,-0.6259069813071079,Short,Normal
197,2025-11-29 09:45:00+00:00,90593.465,-1,0.1260098778368116,90940.2936966085,89899.807606783,Neutral,0.546365091606855,London,Mean Reversion,2025-11-29 13:30:00+00:00,90940.2936966085,-43.70384168993765,-0.38284074531038165,Short,Low
198,2025-11-29 13:45:00+00:00,90830.374,-1,0.20495750989896103,91042.54149999999,90406.03899999999,Neutral,0.5125950058228498,NY,Mean Reversion,2025-11-29 15:15:00+00:00,91042.54149999999,-43.48532248148698,-0.23358650928817706,Short,Low
199,2025-11-29 17:00:00+00:00,90735.969,1,0.1422149514110429,90431.7260533915,91344.454893217,Neutral,0.6199473429066998,NY,Mean Reversion,2025-11-29 18:00:00+00:00,90431.7260533915,-43.26789586908054,-0.33530577780957116,Long,Low
200,2025-11-29 20:30:00+00:00,90826.9055,-1,0.117694684133959,91192.69565192168,90095.32519615663,Neutral,0.6473470830189149,NY,Mean Reversion,2025-11-30 08:15:00+00:00,91192.69565192168,-43.05155638973536,-0.40273325388332537,Short,Low
201,2025-11-30 11:15:00+00:00,91272.678,1,0.1544865149419427,90995.39620214286,91827.24159571428,Chaos,0.395591515111353,London,Mean Reversion,2025-11-30 13:15:00+00:00,91827.24159571428,85.67259721557166,0.6075899248998483,Long,Low
202,2025-11-30 16:00:00+00:00,91503.6775,1,0.1487264309653895,91212.77653967284,92085.47942065434,Neutral,0.5239590557855689,NY,Mean Reversion,2025-11-30 18:00:00+00:00,91212.77653967284,-43.264661593864325,-0.3179117695320713,Long,Low
203,2025-11-30 19:45:00+00:00,91480.4,1,0.17289079460903467,91231.40849999999,91978.38299999999,Neutral,0.5304230006787523,NY,Mean Reversion,2025-11-30 20:30:00+00:00,91231.40849999999,-43.0483382858961,-0.2721801609962393,Long,Low
204,2025-11-30 22:45:00+00:00,91230.868,-1,0.17455771419995014,91476.24871428571,90740.10657142858,Neutral,0.5507852779124971,Asia,Mean Reversion,2025-11-30 23:15:00+00:00,90740.10657142858,85.66619318892963,0.5379335298787495,Short,Low
205,2025-12-01 03:30:00+00:00,86473.5585,-1,0.04681737985524584,87397.60481985321,84625.46586029357,Trend_Down,1.2776825696191687,Asia,Pullback,2025-12-01 14:30:00+00:00,87397.60481985321,-43.26142756040967,-1.0685882897408563,Short,Normal
206,2025-12-01 14:45:00+00:00,86070.6505,-1,0.043501897424605196,87060.15033727058,84091.65082545886,Trend_Down,1.3344496547340985,NY,Pullback,2025-12-01 15:30:00+00:00,84091.65082545886,86.09024084521609,2.299273518957717,Short,Normal
207,2025-12-01 16:15:00+00:00,84546.855,-1,0.03372045594752057,85836.14870630384,81968.26758739233,Trend_Down,1.2916715669641312,NY,Pullback,2025-12-01 20:00:00+00:00,85836.14870630384,-43.47557162683419,-1.5249457904777661,Short,Normal
208,2025-12-01 20:15:00+00:00,85259.67,-1,0.08439753321059051,85772.22282142857,84234.56435714285,Trend_Down,1.364648074001212,NY,Pullback,2025-12-01 21:00:00+00:00,85772.22282142857,-43.258193768699876,-0.6011667901465877,Short,Normal
209,2025-12-01 21:15:00+00:00,86166.215,-1,0.08583618465550351,86667.65740418655,85163.3301916269,Trend_Down,1.3875833787616805,Asia,Pullback,2025-12-01 22:00:00+00:00,86667.65740418655,-43.04190279985691,-0.5819478135212935,Short,Normal
210,2025-12-02 00:30:00+00:00,86330.25,1,0.11571781794835818,85960.15407142857,87070.44185714285,Trend_Down,1.421731015732122,Asia,Pullback,2025-12-02 01:00:00+00:00,87070.44185714285,85.65338657171394,0.8573957067688952,Long,Normal
211,2025-12-02 01:15:00+00:00,86717.07,1,0.1147279583582461,86340.0480357143,87471.11392857143,Trend_Down,1.4426679170239962,Asia,Pullback,2025-12-02 02:00:00+00:00,86340.0480357143,-43.254960218715304,-0.4347724897597577,Long,Normal
212,2025-12-02 02:15:00+00:00,86664.21,1,0.11840671832577772,86300.72821428571,87391.17357142858,Trend_Down,1.3705757498351698,Asia,Pullback,2025-12-02 03:30:00+00:00,86300.72821428571,-43.03868541762282,-0.41941394921189684,Long,Normal
213,2025-12-02 07:00:00+00:00,86986.625,1,0.1806216846046855,86749.53557142857,87460.80385714286,Neutral,0.765101103351628,Asia,Mean Reversion,2025-12-02 08:00:00+00:00,86749.53557142857,-42.82349199053416,-0.2725584865160951,Long,Low
214,2025-12-02 08:15:00+00:00,86490.1,1,0.17173109942828846,86241.98317857143,86986.33364285715,Trend_Down,0.7631755042626814,London,Pullback,2025-12-02 09:15:00+00:00,86986.33364285715,85.21874906116189,0.5737461777210842,Long,Low
215,2025-12-02 17:45:00+00:00,91446.6822427581,1,0.05467665673717765,90659.59190395499,93020.86292036435,Trend_Up,1.0302604842458645,NY,Pullback,2025-12-02 20:15:00+00:00,90659.59190395499,-43.035468275886764,-0.8607095626648024,Long,Normal
216,2025-12-02 20:30:00+00:00,90974.987,1,0.06685612740494164,90334.50283502362,92255.95532995273,Trend_Up,1.2619151611499007,NY,Pullback,2025-12-03 01:45:00+00:00,92255.95532995273,85.64058186901562,1.4080445320126718,Long,Normal
217,2025-12-03 05:30:00+00:00,93437.75,1,0.06990138965479123,92819.04278892114,94675.16442215773,Trend_Up,1.2239738054581917,Asia,Pullback,2025-12-03 06:30:00+00:00,92819.04278892114,-43.248493843852394,-0.6621597920314409,Long,Normal
218,2025-12-03 06:45:00+00:00,93461.5,1,0.07443645215846832,92883.39276722886,94617.71446554227,Trend_Up,1.2967644410665482,Asia,Pullback,2025-12-03 07:15:00+00:00,92883.39276722886,-43.03225137463381,-0.6185512031918432,Long,Normal
219,2025-12-03 07:30:00+00:00,93104.955,1,0.07327880560730579,92520.65112437173,94273.56275125657,Trend_Up,1.2372092048586971,Asia,Pullback,2025-12-03 14:00:00+00:00,92520.65112437173,-42.81709011775987,-0.6275754879300213,Long,Normal
220,2025-12-03 17:30:00+00:00,92783.421,-1,0.05323997484164845,93583.62807736782,91183.00684526438,Trend_Up,1.2051307590736249,NY,Pullback,2025-12-03 21:45:00+00:00,93583.62807736782,-42.60300466717141,-0.8624461878462244,Short,Normal
221,2025-12-04 00:00:00+00:00,92958.8365,1,0.08520551244014532,92461.33359872218,93953.84230255564,Trend_Up,1.2056386206441392,Asia,Pullback,2025-12-04 01:15:00+00:00,92461.33359872218,-42.38998964383611,-0.535186239425259,Long,Normal
222,2025-12-04 01:30:00+00:00,93456.71,1,0.06294036180507463,92786.58293866787,94796.96412266429,Trend_Up,1.408233943564229,Asia,Pullback,2025-12-04 05:45:00+00:00,92786.58293866787,-42.17803969561629,-0.717045422776106,Long,Normal
223,2025-12-04 06:00:00+00:00,93061.56,1,0.13998834017441017,92761.76967857142,93661.14064285714,Trend_Up,1.1220353522771727,Asia,Pullback,2025-12-04 11:30:00+00:00,92761.76967857142,-41.96714949713928,-0.32214194714614297,Long,Normal
224,2025-12-04 15:00:00+00:00,92670.6,-1,0.0968314485418797,93101.83710714287,91808.12578571429,Neutral,0.8134249491357064,NY,Mean Reversion,2025-12-04 15:30:00+00:00,91808.12578571429,83.51462749930523,0.9306880653472772,Short,Normal
225,2025-12-04 15:45:00+00:00,93005.4955,-1,0.070572603586542,93603.1054044643,91810.27569107144,Neutral,0.8134249491357064,NY,Mean Reversion,2025-12-04 17:30:00+00:00,91810.27569107144,84.3497737742982,1.285106651497348,Short,Normal
226,2025-12-04 18:15:00+00:00,92495.1155,-1,0.06797398769869008,93121.77633303571,91241.79383392856,Neutral,0.8479460092350328,NY,Mean Reversion,2025-12-04 19:15:00+00:00,91241.79383392856,85.19327151204173,1.3550138937568423,Short,Normal
227,2025-12-04 20:45:00+00:00,92551.4,-1,0.08282543638107857,93070.83707142857,91512.52585714286,Neutral,0.911879558084945,NY,Mean Reversion,2025-12-05 09:15:00+00:00,91512.52585714286,86.04520422716138,1.122483444720596,Short,Normal
228,2025-12-05 12:30:00+00:00,91205.975,-1,0.1260642726072993,91550.66289004222,90516.59921991557,Neutral,0.6985479853996175,London,Mean Reversion,2025-12-05 13:30:00+00:00,90516.59921991557,86.90565626943349,0.7558449762577861,Short,Low
229,2025-12-05 15:00:00+00:00,91045.742,-1,0.0770237007136282,91615.53228545039,89906.16142909921,Trend_Down,0.910008321631061,NY,Pullback,2025-12-05 15:45:00+00:00,91615.53228545039,-43.88735641606376,-0.6258285922370668,Short,Normal
230,2025-12-05 18:00:00+00:00,89637.6255,-1,0.0422002321078317,90672.40463397256,87568.06723205485,Trend_Down,1.2184433428252588,NY,Pullback,2025-12-05 18:15:00+00:00,90672.40463397256,-43.667919633983374,-1.154402660936803,Short,Normal
231,2025-12-05 19:30:00+00:00,89505.15,-1,0.04312687756731691,90512.63263001404,87490.18473997193,Trend_Down,1.335233093188591,NY,Pullback,2025-12-06 14:15:00+00:00,90512.63263001404,-43.449580035813995,-1.1256141462407931,Short,Normal
232,2025-12-06 15:15:00+00:00,89682.325,1,0.13186163694525602,89354.4636664297,90338.0476671406,Neutral,0.5595621174588641,NY,Mean Reversion,2025-12-06 15:30:00+00:00,90338.0476671406,86.46466427127004,0.7311615383974599,Long,Low
233,2025-12-06 16:45:00+00:00,89746.884,1,0.08606037127054732,89239.51161928226,90761.62876143551,Neutral,0.6464136348215332,NY,Mean Reversion,2025-12-06 19:00:00+00:00,90761.62876143551,87.32931091398245,1.130674087175555,Long,Low
234,2025-12-06 22:30:00+00:00,89352.0715,-1,0.14653390132171196,89653.03463285715,88750.14523428574,Neutral,0.7417305508360068,Asia,Mean Reversion,2025-12-07 02:45:00+00:00,89653.03463285715,-44.10130201156163,-0.3368283776802436,Short,Low
235,2025-12-07 03:00:00+00:00,89606.3585,-1,0.20003918427388287,89825.7195,89167.63650000001,Neutral,0.755893345743276,Asia,Mean Reversion,2025-12-07 09:15:00+00:00,89167.63650000001,87.7615910030053,0.4896103438909352,Short,Low
236,2025-12-07 11:00:00+00:00,89272.65,-1,0.18190135890491482,89516.29635714286,88785.35728571427,Chaos,0.41291186997049784,London,Mean Reversion,2025-12-07 12:45:00+00:00,89516.29635714286,-44.31960345651866,-0.2729238542183538,Short,Low
237,2025-12-07 13:00:00+00:00,89334.2355,-1,0.18413376821249225,89573.72446428571,88855.25757142856,Chaos,0.46603568998687334,NY,Mean Reversion,2025-12-07 13:15:00+00:00,88855.25757142856,88.19601087847175,0.5361639083724314,Short,Low
238,2025-12-07 16:30:00+00:00,89471.9,-1,0.07847466983338672,90039.45874969834,88336.7825006033,Neutral,0.7084580637154486,NY,Mean Reversion,2025-12-07 17:15:00+00:00,90039.45874969834,-44.53898549362778,-0.6343430168559624,Short,Low
239,2025-12-07 20:45:00+00:00,91449.54,1,0.10212075988815016,91015.58033680616,92317.45932638766,Trend_Up,0.8589079192285958,NY,Pullback,2025-12-07 21:15:00+00:00,91015.58033680616,-44.31629056615993,-0.47453455008503376,Long,Normal
240,2025-12-07 21:30:00+00:00,90544.2975,1,0.1280414372664603,90199.9190702143,91233.05435957141,Neutral,0.954709433090109,Asia,Mean Reversion,2025-12-07 21:45:00+00:00,90199.9190702143,-44.09470911332852,-0.380342483507264,Long,Normal
241,2025-12-07 22:00:00+00:00,89374.1835,1,0.10260821478869976,88946.59360714286,90229.36328571428,Neutral,1.0289960948110413,Asia,Mean Reversion,2025-12-07 22:30:00+00:00,90229.36328571428,87.74847113552518,0.9568532569746843,Long,Normal
242,2025-12-07 22:45:00+00:00,89611.15,1,0.08869323600161869,89111.52928571428,90610.39142857141,Neutral,1.0289960948110413,Asia,Mean Reversion,2025-12-08 00:30:00+00:00,90610.39142857141,88.62595584687942,1.115086045175649,Long,Normal
243,2025-12-08 04:30:00+00:00,91241.308,1,0.11732593806512234,90859.83985714286,92004.24428571429,Neutral,1.0824213301921313,Asia,Mean Reversion,2025-12-08 09:00:00+00:00,92004.24428571429,89.51221540534858,0.836174209289376,Long,Normal
244,2025-12-08 11:30:00+00:00,91932.485,1,0.17923977205876904,91680.28835714285,92436.87828571428,Trend_Up,0.738704683365461,London,Pullback,2025-12-08 13:15:00+00:00,91680.28835714285,-45.20366877970177,-0.2743281037787098,Long,Low
245,2025-12-08 13:30:00+00:00,91655.085,1,0.15841047570813244,91371.15396428572,92222.94707142857,Neutral,0.6664354938493102,NY,Mean Reversion,2025-12-08 14:15:00+00:00,91371.15396428572,-44.97765043580218,-0.30978208761061343,Long,Low
246,2025-12-08 14:30:00+00:00,91504.625,1,0.09866414377051667,91051.03810942997,92411.79878114007,Neutral,0.7858481184492172,NY,Mean Reversion,2025-12-08 14:45:00+00:00,91051.03810942997,-44.7527621836234,-0.49569832188267376,Long,Low
247,2025-12-08 17:00:00+00:00,90133.725,-1,0.054020736528573726,90958.01954380269,88485.13591239465,Neutral,0.9379525958541444,NY,Mean Reversion,2025-12-08 18:45:00+00:00,90958.01954380269,-44.52899837270545,-0.9145239962097207,Short,Normal
248,2025-12-08 19:00:00+00:00,90063.8715,-1,0.06550359416245502,90740.26726037549,88711.079979249,Neutral,1.0527308251132124,NY,Mean Reversion,2025-12-08 20:45:00+00:00,90740.26726037549,-44.306353380841735,-0.7510178600033834,Short,Normal
249,2025-12-08 21:00:00+00:00,90749.7,-1,0.0877347349695725,91252.17854090204,89744.74291819593,Neutral,1.089208665413157,Asia,Mean Reversion,2025-12-08 21:30:00+00:00,91252.17854090204,-44.084821613938026,-0.5536971922794682,Short,Normal
250,2025-12-08 21:45:00+00:00,91320.9,-1,0.09380940581170996,91788.4906123306,90385.71877533878,Neutral,1.089208665413157,Asia,Mean Reversion,2025-12-09 00:45:00+00:00,90385.71877533878,87.72879501173534,1.0240604556691952,Short,Normal
251,2025-12-09 03:45:00+00:00,90418.4675,-1,0.10646263305915694,90834.60450702207,89586.19348595585,Neutral,1.2496178855572653,Asia,Mean Reversion,2025-12-09 05:15:00+00:00,89586.19348595585,88.6060829618535,0.9204690557757413,Short,Normal
252,2025-12-09 05:30:00+00:00,90128.02,-1,0.10210748575560563,90566.2451855935,89251.569628813,Neutral,1.0474708195788736,Asia,Mean Reversion,2025-12-09 07:45:00+00:00,90566.2451855935,-44.74607189573622,-0.48622524448390503,Short,Normal
253,2025-12-09 08:00:00+00:00,90530.265,-1,0.161172348095036,90806.50557142857,89977.78385714286,Neutral,0.7970063208673495,London,Mean Reversion,2025-12-09 10:30:00+00:00,89977.78385714286,89.04468307251446,0.6102723137473872,Short,Low
254,2025-12-09 19:00:00+00:00,94006.3,1,0.04246772685179446,92947.43558023604,96124.02883952793,Trend_Up,1.3273689311902865,NY,Pullback,2025-12-09 20:15:00+00:00,92947.43558023604,-44.96756495161994,-1.1263760192284624,Long,Normal
255,2025-12-09 20:30:00+00:00,93035.4415,1,0.0802929535831212,92478.19799194369,94149.92851611265,Trend_Up,1.3831353312397547,NY,Pullback,2025-12-09 21:45:00+00:00,92478.19799194369,-44.74272712686137,-0.5989583099429001,Long,Normal
256,2025-12-09 22:00:00+00:00,92660.865,1,0.10832902818865912,92249.90392857144,93482.78714285715,Trend_Up,1.4476970981734731,Asia,Pullback,2025-12-10 00:45:00+00:00,92249.90392857144,-44.51901349122672,-0.443510937900878,Long,Normal
257,2025-12-10 08:15:00+00:00,92671.6765,1,0.2479468793961174,92493.02364285715,93028.98221428572,Neutral,0.5691199708767151,London,Mean Reversion,2025-12-10 09:15:00+00:00,92493.02364285715,-44.29641842376998,-0.1927804307531329,Long,Low
258,2025-12-10 10:15:00+00:00,92492.495,1,0.1820224532470746,92250.35489285714,92976.7752142857,Neutral,0.5681040871467661,London,Mean Reversion,2025-12-10 10:30:00+00:00,92250.35489285714,-44.07493633165204,-0.26179432952139026,Long,Low
259,2025-12-10 10:45:00+00:00,92268.4035,1,0.16513247499734213,92002.8315,92799.5475,Neutral,0.5681040871467661,London,Mean Reversion,2025-12-10 11:30:00+00:00,92002.8315,-43.85456164999416,-0.2878255068106821,Long,Low
260,2025-12-10 14:00:00+00:00,92008.259,-1,0.1403675646205606,92319.12347185786,91386.53005628429,Neutral,0.5547072379327979,NY,Mean Reversion,2025-12-10 16:15:00+00:00,92319.12347185786,-43.63528884174433,-0.3378658342593549,Short,Low
261,2025-12-10 16:30:00+00:00,92374.3525,-1,0.11520986027441346,92751.20490042928,91620.64769914142,Neutral,0.5738383712688788,NY,Mean Reversion,2025-12-10 18:30:00+00:00,92751.20490042928,-43.41711239753523,-0.4079621564105523,Short,Low
262,2025-12-10 19:30:00+00:00,92592.7395,1,0.0692788623118841,91969.17229069643,93839.87391860713,Neutral,0.7760444351941765,NY,Mean Reversion,2025-12-10 20:00:00+00:00,93839.87391860713,86.40005367109543,1.346903035099352,Long,Low
263,2025-12-10 20:45:00+00:00,92500.53,1,0.04386430513076939,91505.82537687132,94489.93924625736,Neutral,0.9780485305961026,NY,Mean Reversion,2025-12-11 00:30:00+00:00,91505.82537687132,-43.632027103903404,-1.075350187862362,Long,Normal
264,2025-12-11 04:00:00+00:00,90061.7145,-1,0.07740196093690545,90622.60296384362,88939.93757231279,Trend_Down,1.3422464078986989,Asia,Pullback,2025-12-11 14:30:00+00:00,90622.60296384362,-43.413866968384305,-0.6227823520321877,Short,Normal
265,2025-12-11 15:15:00+00:00,90271.5235,-1,0.06890335482384186,90898.44214197292,89017.68621605414,Trend_Down,0.9180297230347948,NY,Pullback,2025-12-11 16:00:00+00:00,90898.44214197292,-43.196797633541394,-0.6944810696286998,Short,Normal
266,2025-12-11 16:30:00+00:00,89954.387,-1,0.04809519489793056,90848.04828438797,88167.06443122408,Trend_Down,1.0733892155227722,NY,Pullback,2025-12-11 18:30:00+00:00,90848.04828438797,-42.980813645374376,-0.9934604794627417,Short,Normal
267,2025-12-11 22:15:00+00:00,92360.865,1,0.060636907923833576,91655.58646516994,93771.42206966014,Trend_Up,1.2432627828150746,Asia,Pullback,2025-12-12 00:45:00+00:00,91655.58646516994,-42.76590957714706,-0.7636118769893152,Long,Normal
268,2025-12-12 01:00:00+00:00,91838.6765,1,0.0993959733850817,91410.56982142857,92694.88985714286,Neutral,1.3743092876038836,Asia,Mean Reversion,2025-12-12 02:45:00+00:00,92694.88985714286,85.10416005852284,0.9323014984246388,Long,Normal
269,2025-12-12 05:30:00+00:00,92355.7285,1,0.17057470589975846,92103.77085714285,92859.64378571429,Neutral,1.173246906649074,Asia,Mean Reversion,2025-12-12 09:30:00+00:00,92103.77085714285,-42.97760082955396,-0.2728121438153622,Long,Normal
270,2025-12-12 13:15:00+00:00,92283.645,1,0.22687560285330985,92095.15971428572,92660.61557142857,Neutral,0.5571201838574971,NY,Mean Reversion,2025-12-12 14:30:00+00:00,92660.61557142857,85.52542565081272,0.4084912027787442,Long,Low
271,2025-12-12 15:00:00+00:00,91999.545,1,0.13210409704989984,91672.60328571429,92653.42842857142,Trend_Down,0.7252586678456701,NY,Pullback,2025-12-12 15:15:00+00:00,91672.60328571429,-43.19033995366043,-0.3553731861235975,Long,Low
272,2025-12-12 18:30:00+00:00,90455.6705,-1,0.04120988069325391,91498.48808478682,88370.03533042636,Trend_Down,1.000973126346181,NY,Pullback,2025-12-14 20:00:00+00:00,88370.03533042636,85.94877650778399,2.30569864558534,Short,Normal
273,2025-12-14 20:30:00+00:00,88658.35,-1,0.12013678311368152,89019.63928219561,87935.7714356088,Trend_Down,0.7105849334285682,NY,Pullback,2025-12-14 23:15:00+00:00,87935.7714356088,86.80826427286209,0.81501467644188,Short,Low
274,2025-12-15 00:15:00+00:00,88544.9525,-1,0.07588690836328776,89122.6301838494,87389.5971323012,Trend_Down,1.0601468052620038,Asia,Pullback,2025-12-15 01:30:00+00:00,89122.6301838494,-43.83817345779551,-0.6524117609633334,Short,Normal
275,2025-12-15 01:45:00+00:00,89273.8845,-1,0.06527166983787706,89942.15271956367,87937.34806087264,Neutral,0.9841665967606192,Asia,Mean Reversion,2025-12-15 02:15:00+00:00,89942.15271956367,-43.618982590506036,-0.7485595852655808,Short,Normal
276,2025-12-15 05:00:00+00:00,89653.754,1,0.1446270983379296,89353.66578571429,90253.93042857143,Neutral,0.9819552261967304,Asia,Mean Reversion,2025-12-15 13:30:00+00:00,89353.66578571429,-43.40088767755385,-0.3347190729857395,Long,Normal
277,2025-12-15 13:45:00+00:00,89447.65,1,0.2134926905309968,89245.37664285714,89852.19671428572,Neutral,0.6158417180956366,NY,Mean Reversion,2025-12-15 14:30:00+00:00,89852.19671428572,86.3677664783335,0.4522720432406254,Long,Low
278,2025-12-15 18:30:00+00:00,85738.625,-1,0.06534085338485873,86406.13575035185,84403.60349929628,Trend_Down,0.9994153518852524,NY,Pullback,2025-12-15 19:00:00+00:00,86406.13575035185,-43.61572207155741,-0.7785414687392667,Short,Normal
279,2025-12-15 19:15:00+00:00,86120.02,-1,0.0884737071765551,86610.53458163269,85138.99083673465,Trend_Down,1.0336602136839197,NY,Pullback,2025-12-15 20:30:00+00:00,86610.53458163269,-43.397643461200516,-0.5695709100307733,Short,Normal
280,2025-12-15 20:45:00+00:00,85769.998,-1,0.06927239744079579,86393.34376020411,84523.30647959179,Trend_Down,1.2504063614815102,NY,Pullback,2025-12-15 23:00:00+00:00,86393.34376020411,-43.18065524389352,-0.7267643403747096,Short,Normal
281,2025-12-15 23:30:00+00:00,86448.6775,-1,0.0659641273693097,87100.01260714287,85146.0072857143,Trend_Down,1.4858349956927732,Asia,Pullback,2025-12-16 10:30:00+00:00,87100.01260714287,-42.96475196767476,-0.753435594365064,Short,Normal
282,2025-12-16 13:45:00+00:00,86424.8125,1,0.09086879135039662,85954.3547380717,87365.72802385657,Trend_Down,0.7697894390651511,NY,Pullback,2025-12-16 14:45:00+00:00,87365.72802385657,85.49985641567204,1.0887099394708815,Long,Low
283,2025-12-16 15:15:00+00:00,87163.385,1,0.07874106254943716,86615.03797378599,88260.079052428,Neutral,0.9002785169827893,NY,Mean Reversion,2025-12-17 05:00:00+00:00,86615.03797378599,-43.17742748991471,-0.629102490930112,Long,Normal
284,2025-12-17 07:30:00+00:00,86970.334,-1,0.14578428411270497,87265.02653571429,86380.94892857144,Neutral,0.5913600202359643,Asia,Mean Reversion,2025-12-17 08:30:00+00:00,86380.94892857144,85.92308070492889,0.6776851879499111,Short,Low
285,2025-12-17 08:45:00+00:00,86373.0,-1,0.16415697442748928,86637.32721428572,85844.34557142857,Neutral,0.5787205327061559,London,Mean Reversion,2025-12-17 10:00:00+00:00,86637.32721428572,-43.391155755989885,-0.30602991014057257,Short,Low
286,2025-12-17 10:30:00+00:00,86683.45,-1,0.15672489835015954,86958.92760714286,86132.49478571428,Neutral,0.5776034308149666,London,Mean Reversion,2025-12-17 11:45:00+00:00,86958.92760714286,-43.17419997721057,-0.3177972348157165,Short,Low
287,2025-12-17 12:00:00+00:00,87124.65,-1,0.160339472449321,87392.57110714285,86588.80778571428,Neutral,0.5991560829861329,London,Mean Reversion,2025-12-17 13:45:00+00:00,87392.57110714285,-42.95832897732387,-0.30751470122733127,Short,Low
288,2025-12-17 15:30:00+00:00,88695.4655,1,0.0560985614127288,87933.52907496472,90219.33835007057,Neutral,1.0492853720037223,NY,Mean Reversion,2025-12-17 15:45:00+00:00,87933.52907496472,-42.743537332436745,-0.8590477774033227,Long,Normal
289,2025-12-17 16:00:00+00:00,86938.541,1,0.04697949251223111,86033.25621782185,88749.11056435628,Neutral,1.1501332149002876,NY,Mean Reversion,2025-12-17 18:30:00+00:00,86033.25621782185,-42.52981964577503,-1.0412928164715198,Long,Normal
290,2025-12-17 19:45:00+00:00,85978.4185,-1,0.06385341908393494,86641.14214353614,84652.9712129277,Trend_Down,1.2952567868259812,NY,Pullback,2025-12-18 01:45:00+00:00,86641.14214353614,-42.31717054754552,-0.7708023188820822,Short,Normal
291,2025-12-18 02:30:00+00:00,86670.393,-1,0.12911090953677862,86996.51249560168,86018.15400879664,Neutral,1.316940229759467,Asia,Mean Reversion,2025-12-18 08:15:00+00:00,86996.51249560168,-42.10558469480894,-0.3762755472929312,Short,Normal
292,2025-12-18 12:00:00+00:00,87126.3545,1,0.20014543301611445,86917.03142857143,87545.00064285714,Neutral,0.5277451282530946,London,Mean Reversion,2025-12-18 13:00:00+00:00,87545.00064285714,83.79011354266733,0.480504601919428,Long,Low
293,2025-12-18 14:30:00+00:00,87774.844,1,0.06661573903258794,87139.64865497279,89045.23469005442,Trend_Up,0.80789392777039,NY,Pullback,2025-12-18 15:30:00+00:00,89045.23469005442,84.62801467809484,1.447328906735994,Long,Normal
294,2025-12-18 15:45:00+00:00,88456.563,1,0.0504834109455279,87610.00476211564,90149.6794757687,Trend_Up,0.8362964870436682,NY,Pullback,2025-12-18 17:00:00+00:00,87610.00476211564,-42.73714741243779,-0.9570327052887571,Long,Normal
295,2025-12-18 17:15:00+00:00,85840.775,1,0.04158362128173768,84818.17378431292,87885.97743137414,Neutral,1.0770532724284305,NY,Mean Reversion,2025-12-18 19:30:00+00:00,84818.17378431292,-42.523461675375714,-1.1912767745713748,Long,Normal
296,2025-12-18 21:15:00+00:00,85407.749,-1,0.025547544509681348,87063.90990231157,82095.42719537686,Trend_Down,1.9262809753621923,Asia,Pullback,2025-12-18 21:30:00+00:00,87063.90990231157,-42.310844366998964,-1.939122528930688,Short,High
297,2025-12-18 21:45:00+00:00,85595.69,-1,0.02518554568937367,87267.25553462832,82252.55893074337,Trend_Down,1.9262809753621923,Asia,Pullback,2025-12-18 22:00:00+00:00,87267.25553462832,-42.09929014516379,-1.9528618025373903,Short,High
298,2025-12-18 22:15:00+00:00,85445.885,-1,0.025152625768141496,87111.26952408793,82115.11595182415,Trend_Down,2.0715183606205336,Asia,Pullback,2025-12-19 02:00:00+00:00,87111.26952408793,-41.88879369443816,-1.9490517584175426,Short,High
299,2025-12-19 03:00:00+00:00,86303.025,-1,0.07128963100707987,86887.67313377735,85133.72873244528,Expansion,2.1463739214667967,Asia,Breakout,2025-12-19 03:15:00+00:00,86887.67313377735,-41.67934972596575,-0.6774364325901189,Short,High
300,2025-12-19 03:30:00+00:00,86985.395,-1,0.0585073715711961,87694.21086138033,85567.76327723936,Expansion,2.1463739214667967,Asia,Breakout,2025-12-19 07:00:00+00:00,87694.21086138033,-41.47095297733606,-0.8148676698890936,Short,High
301,2025-12-19 07:30:00+00:00,87737.8495,1,0.12216758448420258,87400.08725,88413.374,Trend_Up,1.8318643005185213,Asia,Pullback,2025-12-19 14:30:00+00:00,88413.374,82.52719642489865,0.7699351008141585,Long,High
302,2025-12-19 17:30:00+00:00,87055.59,1,0.057717234687321685,86333.5139265299,88499.7421469402,Neutral,0.9214001144718429,NY,Mean Reversion,2025-12-20 04:00:00+00:00,88499.7421469402,83.35246838914739,1.6588850261542158,Long,Normal
303,2025-12-20 06:30:00+00:00,88245.268,1,0.20152313936859545,88036.39374035713,88663.01651928571,Neutral,0.6265083260796291,Asia,Mean Reversion,2025-12-20 11:00:00+00:00,88036.39374035713,-42.09299653652103,-0.23669740528507857,Long,Low
304,2025-12-20 13:15:00+00:00,87997.45,1,0.27601626763339854,87845.71064089285,88300.92871821427,Chaos,0.35560537800949704,NY,Mean Reversion,2025-12-20 18:45:00+00:00,88300.92871821427,83.76506310767219,0.3448721732439695,Long,Low
305,2025-12-20 22:00:00+00:00,88175.9171,1,0.35483499064752894,88056.70293571429,88414.34542857144,Chaos,0.27678116601091,Asia,Mean Reversion,2025-12-21 01:30:00+00:00,88056.70293571429,-42.30135686937531,-0.13520036786293524,Long,Low
306,2025-12-21 01:45:00+00:00,88005.0655,1,0.3190436891461878,87873.14046428571,88268.91557142857,Chaos,0.2867821041181193,Asia,Mean Reversion,2025-12-21 02:15:00+00:00,87873.14046428571,-42.0898500850291,-0.14990618433695527,Long,Low
307,2025-12-21 05:00:00+00:00,88091.59,-1,0.3058584115315379,88228.51414285714,87817.74171428572,Chaos,0.24567731582683983,Asia,Mean Reversion,2025-12-21 08:15:00+00:00,88228.51414285714,-41.879400834602336,-0.15543384204682922,Short,Low
308,2025-12-21 11:30:00+00:00,88562.025,1,0.18332886946296956,88334.72853571428,89016.61792857142,Chaos,0.30984468163923695,London,Mean Reversion,2025-12-21 13:00:00+00:00,88334.72853571428,-41.67000383042971,-0.25665228893051106,Long,Low
309,2025-12-21 13:15:00+00:00,88186.6915,1,0.20108069229424075,87980.49739285714,88599.0797142857,Chaos,0.40855772995558004,NY,Mean Reversion,2025-12-21 13:30:00+00:00,87980.49739285714,-41.461653811278964,-0.2338154472467755,Long,Low
310,2025-12-21 13:45:00+00:00,87654.32,1,0.1685854089790504,87409.611126367,88143.737747266,Chaos,0.40855772995558004,NY,Mean Reversion,2025-12-21 15:45:00+00:00,88143.737747266,82.50869108444311,0.5583498306369771,Long,Low
311,2025-12-21 16:15:00+00:00,88191.445,-1,0.1348452996250443,88500.44271155172,87573.44957689657,Chaos,0.4511566227196842,NY,Mean Reversion,2025-12-21 19:30:00+00:00,88500.44271155172,-41.6668889976434,-0.3503715258908734,Short,Low
312,2025-12-21 20:00:00+00:00,88286.27,1,0.15512673801887403,88019.01398029558,88820.78203940886,Neutral,0.5721950735020268,NY,Mean Reversion,2025-12-22 00:00:00+00:00,88820.78203940886,82.91710910531214,0.6054305379634443,Long,Low
313,2025-12-22 01:45:00+00:00,88617.452,1,0.09714777759091306,88186.42680172414,89479.50239655172,Neutral,0.6540321502894079,Asia,Mean Reversion,2025-12-22 02:00:00+00:00,88186.42680172414,-41.87314009818281,-0.48638861595328164,Long,Low
314,2025-12-22 02:15:00+00:00,88304.8055,1,0.07914914606599512,87778.40974630543,89357.59700738915,Neutral,0.7272356258268707,Asia,Mean Reversion,2025-12-22 08:15:00+00:00,89357.59700738915,83.32754879538294,1.192224479096043,Long,Low
315,2025-12-22 11:45:00+00:00,89906.645,1,0.153098556095941,89631.78667857143,90456.36164285714,Trend_Up,0.6380496741021915,London,Pullback,2025-12-22 12:30:00+00:00,90456.36164285714,84.16082428333566,0.6114304931044156,Long,Low
316,2025-12-22 13:30:00+00:00,89742.094,1,0.16204096814479943,89479.80714285714,90266.66771428571,Trend_Up,0.6770169687408462,NY,Pullback,2025-12-22 14:30:00+00:00,90266.66771428571,85.00243252616995,0.5845347382753411,Long,Low
317,2025-12-22 15:00:00+00:00,89578.465,1,0.1019961228479756,89157.60362579171,90420.18774841656,Neutral,0.7209238383210415,NY,Mean Reversion,2025-12-22 15:30:00+00:00,89157.60362579171,-42.92622842571572,-0.46982427552010586,Long,Low
318,2025-12-22 15:45:00+00:00,89704.717,1,0.08686199225550478,89212.99909007743,90688.15281984514,Neutral,0.7209238383210415,NY,Mean Reversion,2025-12-22 17:00:00+00:00,89212.99909007743,-42.711597283587786,-0.5481516762631065,Long,Low
319,2025-12-22 17:15:00+00:00,89312.7155,1,0.07628997939915487,88755.656242259,90426.834015482,Neutral,0.6918348879510775,NY,Mean Reversion,2025-12-22 18:45:00+00:00,90426.834015482,84.99607859433861,1.2474354958807605,Long,Low
320,2025-12-22 22:15:00+00:00,88378.5305,-1,0.13725507464911701,88691.2549642857,87753.08157142856,Neutral,0.8716546647430833,Asia,Mean Reversion,2025-12-22 22:45:00+00:00,88691.2549642857,-42.92301969014043,-0.3538466441074298,Short,Normal
321,2025-12-22 23:00:00+00:00,88576.75,-1,0.14872630695224429,88863.91106428571,88002.42787142858,Neutral,0.8520478936289834,Asia,Mean Reversion,2025-12-23 00:30:00+00:00,88863.91106428571,-42.708404591689984,-0.32419462701635837,Short,Normal
322,2025-12-23 00:45:00+00:00,88719.728,-1,0.1754386809740036,88961.9486,88235.2868,Neutral,0.8671030551702238,Asia,Mean Reversion,2025-12-23 02:30:00+00:00,88235.2868,84.98972513746368,0.5460354882963585,Short,Normal
323,2025-12-23 07:15:00+00:00,87550.85,-1,0.08197248392974424,88074.43802779728,86503.67394440544,Neutral,0.986483253469999,Asia,Mean Reversion,2025-12-23 13:30:00+00:00,88074.43802779728,-42.91981119441865,-0.598038771522236,Short,Normal
324,2025-12-23 16:45:00+00:00,87952.305,-1,0.05011727443427272,88804.4106386347,86248.09372273057,Neutral,1.2504661762974818,NY,Mean Reversion,2025-12-23 20:30:00+00:00,88804.4106386347,-42.705212138446704,-0.968826955285259,Short,Normal
325,2025-12-24 01:00:00+00:00,87697.025,-1,0.17746637177278163,87936.46014285713,87218.1547142857,Neutral,1.217746517011366,Asia,Mean Reversion,2025-12-24 02:30:00+00:00,87218.1547142857,84.9833721555108,0.5460507761971317,Short,Normal
326,2025-12-24 06:30:00+00:00,86962.1855,-1,0.21468681202700854,87162.08880348346,86562.37889303308,Neutral,0.7423277057953737,Asia,Mean Reversion,2025-12-24 11:00:00+00:00,87162.08880348346,-42.916602938531064,-0.2298738265765611,Short,Low
327,2025-12-24 11:15:00+00:00,87188.5345,-1,0.22620603490818406,87377.30939250528,86810.98471498942,Chaos,0.46158277196239156,London,Mean Reversion,2025-12-24 12:30:00+00:00,87377.30939250528,-42.70201992383974,-0.2165134367584621,Short,Low
328,2025-12-24 12:45:00+00:00,87375.65,-1,0.25530041902076145,87542.07553892856,87042.79892214284,Chaos,0.4486989262975459,London,Mean Reversion,2025-12-24 13:30:00+00:00,87042.79892214284,84.97701964844269,0.3809426056998155,Short,Low
329,2025-12-24 14:15:00+00:00,87170.05,1,0.23933678992992471,86990.74871107143,87528.65257785715,Neutral,0.5078511954648881,NY,Mean Reversion,2025-12-24 14:30:00+00:00,86990.74871107143,-42.913394922463006,-0.2056913916288618,Long,Low
330,2025-12-24 23:15:00+00:00,87546.35,1,0.24561955464308113,87372.50867857144,87894.03264285714,Neutral,0.6410423740762103,Asia,Mean Reversion,2025-12-25 02:45:00+00:00,87894.03264285714,85.39765589569934,0.39714122045880457,Long,Low
331,2025-12-25 06:00:00+00:00,87647.645,1,0.3859531854407508,87535.90653571428,87871.12192857143,Chaos,0.31443151933781444,Asia,Mean Reversion,2025-12-25 08:15:00+00:00,87535.90653571428,-43.12581622733175,-0.12748598583079035,Long,Low
332,2025-12-25 11:45:00+00:00,87478.857,-1,0.3082090665866398,87618.08128571429,87200.40842857143,Chaos,0.32129788148205646,London,Mean Reversion,2025-12-25 13:30:00+00:00,87618.08128571429,-42.91018714619132,-0.15915192594970076,Short,Low
333,2025-12-25 13:45:00+00:00,87572.8,-1,0.2785116447968064,87726.09928571428,87266.20142857142,Chaos,0.29174428915958606,NY,Mean Reversion,2025-12-25 14:45:00+00:00,87726.09928571428,-42.69563621046017,-0.17505353912890956,Short,Low
334,2025-12-25 17:00:00+00:00,87970.575,1,0.14827827174134228,87684.07207863122,88543.58084273756,Chaos,0.3605329022595668,NY,Mean Reversion,2025-12-25 20:15:00+00:00,87684.07207863122,-42.482158029408566,-0.3256804009394974,Long,Low
335,2025-12-25 20:30:00+00:00,87767.205,1,0.25008888961892056,87598.18610714286,88105.24278571429,Chaos,0.3956677765962893,NY,Mean Reversion,2025-12-25 22:45:00+00:00,87598.18610714286,-42.26974723926251,-0.1925763647790131,Long,Low
336,2025-12-26 01:00:00+00:00,87232.727,-1,0.12527471223889414,87568.45635631942,86561.26828736113,Neutral,0.5061021415256095,Asia,Mean Reversion,2025-12-26 02:00:00+00:00,87568.45635631942,-42.058398503065156,-0.38486628569966097,Short,Low
337,2025-12-26 02:15:00+00:00,88928.0,-1,0.08648284792236766,89411.88908917658,87960.22182164686,Trend_Up,0.6436430820118714,Asia,Pullback,2025-12-26 02:30:00+00:00,87960.22182164686,83.69621302110053,1.0882716111383806,Short,Low
338,2025-12-26 05:30:00+00:00,88815.1005,1,0.09612446649137799,88375.39363744544,89694.51422510915,Trend_Up,0.6533904260584653,Asia,Pullback,2025-12-26 07:45:00+00:00,88375.39363744544,-42.26658757565526,-0.495081196867604,Long,Low
339,2025-12-26 08:00:00+00:00,88588.225,1,0.15104434226031907,88309.79514285715,89145.08471428572,Neutral,0.734785887562957,London,Mean Reversion,2025-12-26 14:30:00+00:00,88309.79514285715,-42.055254637776635,-0.3142966880111343,Long,Low
340,2025-12-26 18:00:00+00:00,87255.8,-1,0.09246813681792124,87708.33402744542,86350.73194510915,Neutral,0.6653975190237869,NY,Mean Reversion,2025-12-26 20:45:00+00:00,87708.33402744542,-41.84497836458812,-0.5186291655631157,Short,Low
341,2025-12-27 01:45:00+00:00,87411.7,-1,0.30406644730783905,87548.62978571428,87137.84042857144,Neutral,0.5753055356136549,Asia,Mean Reversion,2025-12-27 06:00:00+00:00,87548.62978571428,-41.635753472765124,-0.15664926516047742,Short,Low
342,2025-12-27 07:15:00+00:00,87544.835,-1,0.3863759534310027,87652.05589285716,87330.39321428572,Chaos,0.2765738383917899,Asia,Mean Reversion,2025-12-27 10:30:00+00:00,87330.39321428572,82.85514941080305,0.2449508137336525,Short,Low
343,2025-12-27 10:45:00+00:00,87458.46,1,0.3417489568526526,87336.02553571429,87703.32892857143,Chaos,0.23672830343848772,London,Mean Reversion,2025-12-27 13:30:00+00:00,87336.02553571429,-41.84185045245737,-0.13999156203495658,Long,Low
344,2025-12-27 14:00:00+00:00,87387.485,-1,0.39568897108027085,87492.70057142858,87177.05385714286,Chaos,0.20587180266774138,NY,Mean Reversion,2025-12-27 14:45:00+00:00,87492.70057142858,-41.632641200196126,-0.12040118951652673,Short,Low
345,2025-12-27 15:00:00+00:00,87508.4,-1,0.3823495870504569,87616.74189285713,87291.71621428571,Chaos,0.205206479419647,NY,Mean Reversion,2025-12-27 16:00:00+00:00,87616.74189285713,-41.42447799418989,-0.12380742061005989,Short,Low
346,2025-12-27 16:30:00+00:00,87497.61,-1,0.20574762777003566,87697.93967597708,87096.95064804587,Chaos,0.31005539134100946,NY,Mean Reversion,2025-12-27 22:00:00+00:00,87697.93967597708,-41.21735560422301,-0.2289544548440519,Short,Low
347,2025-12-27 22:30:00+00:00,87515.2345,1,0.3246910986511527,87388.92592857144,87767.85164285715,Chaos,0.3256997516590307,Asia,Mean Reversion,2025-12-27 23:45:00+00:00,87767.85164285715,82.02253765239988,0.28865504880426235,Long,Low
348,2025-12-28 00:15:00+00:00,87674.4355,1,0.17278774421906629,87434.71142870275,88153.8836425945,Chaos,0.42849256135209485,Asia,Mean Reversion,2025-12-28 18:15:00+00:00,88153.8836425945,82.8427630289245,0.5468505612385697,Long,Low
349,2025-12-28 21:00:00+00:00,87483.153,-1,0.14879757727162926,87764.31077216748,86920.83745566508,Chaos,0.37926719195500685,Asia,Mean Reversion,2025-12-28 22:45:00+00:00,87764.31077216748,-41.83559532960816,-0.3213850467500518,Short,Low
350,2025-12-28 23:45:00+00:00,87888.52,-1,0.23957059350701984,88062.27428571429,87541.01142857144,Chaos,0.4168817505845944,Asia,Mean Reversion,2025-12-29 00:30:00+00:00,88062.27428571429,-41.62641735295919,-0.19769850000237055,Short,Low
351,2025-12-29 05:30:00+00:00,90004.857,1,0.106544673236013,89616.11597702604,90782.33904594793,Trend_Up,0.712439060247935,Asia,Pullback,2025-12-29 07:00:00+00:00,89616.11597702604,-41.41828526619417,-0.4319111611654043,Long,Low
352,2025-12-29 07:15:00+00:00,89408.49,1,0.15577443073854444,89143.93314272583,89937.60371454836,Trend_Up,0.7883517770522714,Asia,Pullback,2025-12-29 09:15:00+00:00,89143.93314272583,-41.21119383986309,-0.2958967960136401,Long,Low
353,2025-12-29 09:30:00+00:00,88151.9625,1,0.12549771808777413,87825.22239272582,88805.44271454835,Neutral,0.8070296120501493,London,Mean Reversion,2025-12-29 09:45:00+00:00,87825.22239272582,-41.00513787066383,-0.3706555112419394,Long,Normal
354,2025-12-29 10:00:00+00:00,87944.875,1,0.11279056059558168,87583.14160701154,88668.34178597693,Neutral,0.8383173500083727,London,Mean Reversion,2025-12-29 10:45:00+00:00,87583.14160701154,-40.80011218131055,-0.411318332067062,Long,Normal
355,2025-12-29 12:45:00+00:00,87260.76,-1,0.10464659668342721,87648.69532620285,86484.88934759428,Neutral,0.9130216958191911,London,Mean Reversion,2025-12-29 14:30:00+00:00,87648.69532620285,-40.59611162040445,-0.44457018962802974,Short,Normal
356,2025-12-29 15:00:00+00:00,87614.43,-1,0.09600152997994378,88035.18507620285,86772.91984759428,Neutral,0.9453956088403982,NY,Mean Reversion,2025-12-29 16:00:00+00:00,86772.91984759428,80.78626212460382,0.9604698134835894,Short,Normal
357,2025-12-29 23:00:00+00:00,87262.554,-1,0.21252359926777772,87454.51885714286,86878.62428571428,Neutral,0.7105853322240014,Asia,Mean Reversion,2025-12-30 02:30:00+00:00,86878.62428571428,81.5941247458518,0.43997075112622175,Short,Low
358,2025-12-30 04:00:00+00:00,87181.335,-1,0.20046257127334244,87386.88475791701,86770.23548416601,Neutral,0.5609494985630138,Asia,Mean Reversion,2025-12-30 06:30:00+00:00,87386.88475791701,-41.20503299665573,-0.23577266615268525,Short,Low
359,2025-12-30 11:15:00+00:00,87816.018,1,0.16077259085712337,87561.005577714,88326.042844572,Chaos,0.4200871136829202,London,Mean Reversion,2025-12-30 14:45:00+00:00,88326.042844572,81.9980156633431,0.5807879430060314,Long,Low
360,2025-12-30 17:45:00+00:00,88304.5515,1,0.09116847081941053,87850.34844561279,89212.95760877444,Neutral,0.5820385727733423,NY,Mean Reversion,2025-12-30 20:45:00+00:00,87850.34844561279,-41.40899790998746,-0.5143597319411217,Long,Low
361,2025-12-31 02:45:00+00:00,88573.8295,1,0.2247536577766183,88390.509,88940.4705,Neutral,0.5965647369448361,Asia,Mean Reversion,2025-12-31 03:30:00+00:00,88390.509,-41.20195292043892,-0.2069691476984199,Long,Low
362,2025-12-31 03:45:00+00:00,88353.737,1,0.2102659520024895,88158.76514285714,88743.6807142857,Neutral,0.614255953997169,Asia,Mean Reversion,2025-12-31 10:15:00+00:00,88743.6807142857,81.99188631167071,0.44134377053650364,Long,Low
363,2025-12-31 12:45:00+00:00,88671.8075,1,0.25119274029221916,88506.97032142857,89001.48185714285,Chaos,0.34064313910757216,London,Mean Reversion,2025-12-31 14:00:00+00:00,89001.48185714285,82.81180517478883,0.37179162852054465,Long,Low
364,2025-12-31 14:15:00+00:00,88837.24,1,0.24603952301779872,88667.26746428572,89177.18507142857,Chaos,0.4062912589343975,NY,Mean Reversion,2025-12-31 14:30:00+00:00,88667.26746428572,-41.81996161326938,-0.19133027513494205,Long,Low
365,2025-12-31 14:45:00+00:00,88390.812,1,0.20465743417042737,88187.49242857144,88797.45114285714,Chaos,0.4062912589343975,NY,Mean Reversion,2025-12-31 15:00:00+00:00,88187.49242857144,-41.61086180520175,-0.23002342305506646,Long,Low
366,2025-12-31 18:15:00+00:00,87814.45,-1,0.11280900231269148,88181.46687496014,87080.41625007971,Chaos,0.4831178556464274,NY,Mean Reversion,2025-12-31 20:30:00+00:00,87080.41625007971,82.80561499235125,0.8358917580424258,Short,Low
367,2025-12-31 20:45:00+00:00,87514.39,-1,0.1908481280227689,87733.50053571428,87076.16892857142,Neutral,0.5204307277532103,NY,Mean Reversion,2025-12-31 21:30:00+00:00,87733.50053571428,-41.816835571136494,-0.2503708655391194,Short,Low
368,2025-12-31 22:15:00+00:00,87706.65,-1,0.24696723142799343,87875.12478571429,87369.70042857142,Neutral,0.5081688490507134,Asia,Mean Reversion,2026-01-01 01:15:00+00:00,87875.12478571429,-41.60775139328361,-0.192088953020431,Short,Low
369,2026-01-01 02:00:00+00:00,87839.0915,-1,0.29406389993457954,87979.87625,87557.522,Chaos,0.4879969067923231,Asia,Mean Reversion,2026-01-01 04:00:00+00:00,87557.522,82.79942527262894,0.3205514710953013,Short,Low
370,2026-01-01 07:30:00+00:00,87480.65,-1,0.3857288803420814,87589.0518125,87263.846375,Chaos,0.30928925282621256,Asia,Mean Reversion,2026-01-01 08:00:00+00:00,87589.0518125,-41.813709762677334,-0.12391518867315256,Short,Low
371,2026-01-01 08:15:00+00:00,87588.255,-1,0.39720611062078154,87692.99820535714,87378.76858928571,Chaos,0.28790332586106887,London,Mean Reversion,2026-01-01 09:00:00+00:00,87692.99820535714,-41.60464121386308,-0.11958590265000624,Short,Low
372,2026-01-01 09:15:00+00:00,87705.542,-1,0.40425796123339275,87807.94349107143,87500.73901785714,Chaos,0.27793335266329516,London,Mean Reversion,2026-01-01 11:00:00+00:00,87807.94349107143,-41.39661800779667,-0.11675600963897154,Short,Low
373,2026-01-01 12:30:00+00:00,87846.3,1,0.4274207279681506,87749.93210714286,88039.0357857143,Chaos,0.24192642109184237,London,Mean Reversion,2026-01-01 13:45:00+00:00,87749.93210714286,-41.18963491775818,-0.10970057117618637,Long,Low
374,2026-01-01 14:15:00+00:00,87776.75,1,0.3394492724548534,87656.01417857142,88018.22164285714,Chaos,0.23320290304755634,NY,Mean Reversion,2026-01-01 16:00:00+00:00,88018.22164285714,81.96737348633471,0.2750974977509887,Long,Low
375,2026-01-01 16:30:00+00:00,87845.15,1,0.2724283884789747,87693.20723132706,88149.03553734586,Chaos,0.24335422999045697,NY,Mean Reversion,2026-01-01 17:15:00+00:00,88149.03553734586,82.78704722120118,0.34593319875470036,Long,Low
376,2026-01-01 20:30:00+00:00,88143.8895,1,0.2569977566561306,87981.21314285714,88469.24221428572,Chaos,0.2863509846349289,NY,Mean Reversion,2026-01-01 22:00:00+00:00,88469.24221428572,83.61491769341309,0.3691154498982259,Long,Low
377,2026-01-02 01:15:00+00:00,88576.225,1,0.2055287966682342,88370.77674107143,88987.12151785714,Chaos,0.3537487237810667,Asia,Mean Reversion,2026-01-02 02:00:00+00:00,88370.77674107143,-42.22553343517408,-0.23194515111541075,Long,Low
378,2026-01-02 02:15:00+00:00,88316.598,1,0.19750874448897363,88103.87625,88742.04149999999,Chaos,0.3674162917479645,Asia,Mean Reversion,2026-01-02 03:00:00+00:00,88742.04149999999,84.02881153599346,0.4817254170048465,Long,Low
379,2026-01-02 04:15:00+00:00,88634.0535,1,0.1979530894147846,88419.68680357143,89062.78689285714,Chaos,0.4169190473128386,Asia,Mean Reversion,2026-01-02 08:30:00+00:00,89062.78689285714,84.86909965135462,0.4837118194725757,Long,Low
380,2026-01-02 11:15:00+00:00,89273.356,1,0.11972890634309143,88915.38985270122,89989.28829459757,Neutral,0.5640933748954265,London,Mean Reversion,2026-01-02 13:15:00+00:00,88915.38985270122,-42.85889532393279,-0.40097758540496564,Long,Low
381,2026-01-02 13:30:00+00:00,89381.705,1,0.13771536594110625,89072.04746428572,90001.02007142857,Neutral,0.657351100966604,NY,Mean Reversion,2026-01-02 14:00:00+00:00,89072.04746428572,-42.644600847314145,-0.3464439794634557,Long,Low
382,2026-01-02 14:15:00+00:00,88826.071,1,0.126173710408955,88489.77766515593,89498.65766968814,Neutral,0.76345707224234,NY,Mean Reversion,2026-01-02 14:30:00+00:00,88489.77766515593,-42.43137784307756,-0.3785975570664058,Long,Low
383,2026-01-02 19:30:00+00:00,89944.923,1,0.09902550824184166,89518.57607481428,90797.61685037143,Trend_Up,1.0107927081765251,NY,Pullback,2026-01-03 07:15:00+00:00,89518.57607481428,-42.21922095386205,-0.47400888339825126,Long,Normal
384,2026-01-03 08:30:00+00:00,89761.73,-1,0.19726033827874812,89974.68778571428,89335.81442857142,Chaos,0.4480436426373648,London,Mean Reversion,2026-01-03 12:45:00+00:00,89974.68778571428,-42.008124849093356,-0.23724786244013651,Short,Low
385,2026-01-03 13:30:00+00:00,89908.6105,-1,0.28511281954800555,90055.2124111,89615.4066778,Chaos,0.36954218480595924,NY,Mean Reversion,2026-01-03 14:15:00+00:00,90055.2124111,-41.79808422484875,-0.16305658633219114,Short,Low
386,2026-01-03 16:15:00+00:00,90001.61,1,0.2536888724751754,89837.67260141429,90329.48479717143,Chaos,0.37751095478375074,NY,Mean Reversion,2026-01-03 20:45:00+00:00,90329.48479717143,83.17818760744764,0.36429881328948766,Long,Low
387,2026-01-04 00:15:00+00:00,91051.593,1,0.1793645713988619,90817.40525370113,91519.9684925977,Trend_Up,0.3662076357248011,Asia,Pullback,2026-01-04 04:30:00+00:00,91519.9684925977,84.0099694835194,0.5144066975277543,Long,Low
388,2026-01-04 06:30:00+00:00,91268.35,1,0.20434544975176697,91060.73571428572,91683.57857142857,Trend_Up,0.40619243658342663,Asia,Pullback,2026-01-04 12:45:00+00:00,91060.73571428572,-42.42503458917722,-0.22747676025071567,Long,Low
389,2026-01-04 13:00:00+00:00,91167.0535,1,0.24968887448848948,90997.99146428572,91505.17757142856,Chaos,0.4301465927240078,NY,Mean Reversion,2026-01-04 13:15:00+00:00,90997.99146428572,-42.21290941623042,-0.1854420311108071,Long,Low
390,2026-01-04 13:30:00+00:00,91196.3745,1,0.24704030074076053,91026.35428571429,91536.41492857142,Chaos,0.4301465927240078,NY,Mean Reversion,2026-01-04 18:00:00+00:00,91026.35428571429,-42.001844869151846,-0.18643308488729016,Long,Low
391,2026-01-04 18:15:00+00:00,91135.0855,1,0.233407619368322,90956.0346371451,91493.18722570979,Chaos,0.3519897776490253,NY,Mean Reversion,2026-01-04 18:30:00+00:00,90956.0346371451,-41.79183564480603,-0.19646754251950482,Long,Low
392,2026-01-05 03:30:00+00:00,92916.409,1,0.10230106706180547,92509.93350897254,93729.35998205493,Trend_Up,0.4995054255721102,Asia,Pullback,2026-01-05 04:15:00+00:00,92509.93350897254,-41.58287646658092,-0.4374636249959511,Long,Low
393,2026-01-05 04:30:00+00:00,92366.862,1,0.1397196220027724,92070.73349999999,92959.11899999999,Trend_Up,0.5238444174057755,Asia,Pullback,2026-01-05 10:30:00+00:00,92959.11899999999,82.74992416849567,0.641200737121499,Long,Low
394,2026-01-05 12:45:00+00:00,92812.285,1,0.18221696633511061,92582.95008928572,93270.95482142858,Trend_Up,0.5865656863192443,London,Pullback,2026-01-05 13:30:00+00:00,92582.95008928572,-41.78871170509061,-0.24709542569099097,Long,Low
395,2026-01-05 13:45:00+00:00,92715.045,1,0.17216670233339224,92473.53623214285,93198.06253571429,Trend_Up,0.5959651679419234,NY,Pullback,2026-01-05 14:30:00+00:00,93198.06253571429,83.15953629313032,0.5209699630888245,Long,Low
396,2026-01-05 19:00:00+00:00,94320.68,1,0.07880643260767241,93787.78484869807,95386.47030260385,Trend_Up,0.7850731701324825,NY,Pullback,2026-01-06 00:00:00+00:00,93787.78484869807,-41.995565828030735,-0.5649823043068894,Long,Low
397,2026-01-06 04:45:00+00:00,93786.718,1,0.1935051637867288,93570.77757142857,94218.59885714285,Trend_Up,0.7415686592078439,Asia,Pullback,2026-01-06 05:30:00+00:00,93570.77757142857,-41.78558799889026,-0.23024627919214138,Long,Low
398,2026-01-06 06:00:00+00:00,93712.032,-1,0.2067600394586868,93913.1185357143,93309.85892857144,Neutral,0.5652508575103808,Asia,Mean Reversion,2026-01-06 06:30:00+00:00,93913.1185357143,-41.576660058897275,-0.21457920762436378,Short,Low
399,2026-01-06 10:15:00+00:00,93588.686,-1,0.19179140904206987,93804.38271428572,93157.29257142858,Chaos,0.4241646992609963,London,Mean Reversion,2026-01-06 11:15:00+00:00,93804.38271428572,-41.368776758602515,-0.23047306624832561,Short,Low
400,2026-01-06 11:30:00+00:00,93773.85,-1,0.22113562695412006,93959.98885714286,93401.5722857143,Chaos,0.4139992177251255,London,Mean Reversion,2026-01-06 12:00:00+00:00,93959.98885714286,-41.161932874808464,-0.19849761649207562,Short,Low
401,2026-01-06 13:45:00+00:00,93689.4805216,1,0.26507864899904476,93534.97496875715,93998.49162728571,Chaos,0.3928678218508317,NY,Mean Reversion,2026-01-06 14:00:00+00:00,93998.49162728571,81.91224642086988,0.3298247615050774,Long,Low
402,2026-01-06 14:45:00+00:00,93807.1,1,0.16889479001297134,93562.18016298572,94296.93967402857,Chaos,0.4274679102114837,NY,Mean Reversion,2026-01-06 15:15:00+00:00,94296.93967402857,82.73136888507732,0.5221776113200045,Long,Low
403,2026-01-06 15:30:00+00:00,93478.385,1,0.12261210230717641,93137.64097472999,94159.87305054,Chaos,0.4697416077846821,NY,Mean Reversion,2026-01-06 16:15:00+00:00,93137.64097472999,-41.77934128696477,-0.3645163801984849,Long,Low
404,2026-01-06 19:45:00+00:00,92045.9075,-1,0.07883573794985103,92573.21206594411,90991.29836811179,Neutral,0.7128289400885531,NY,Mean Reversion,2026-01-06 20:30:00+00:00,92573.21206594411,-41.57044458052998,-0.5728712772418614,Short,Low
405,2026-01-06 20:45:00+00:00,92457.825,-1,0.09828794672976857,92878.65577054553,91616.16345890892,Neutral,0.7278606786839592,NY,Mean Reversion,2026-01-06 21:15:00+00:00,92878.65577054553,-41.36259235762722,-0.45515971259927135,Short,Low
406,2026-01-06 21:30:00+00:00,93561.31,-1,0.09849581954386931,93979.15290527689,92725.62418944621,Neutral,0.812419792047064,Asia,Mean Reversion,2026-01-07 00:45:00+00:00,92725.62418944621,82.31155879167757,0.893195927412499,Short,Normal
407,2026-01-07 01:00:00+00:00,92745.825,1,0.11626793765817983,92388.31167322196,93460.85165355606,Neutral,0.9905788074578096,Asia,Mean Reversion,2026-01-07 01:15:00+00:00,92388.31167322196,-41.56733718979681,-0.3854764640651296,Long,Normal
408,2026-01-07 04:15:00+00:00,92728.709,-1,0.16152956347069927,92984.75810714286,92216.61078571429,Neutral,1.0011048156512876,Asia,Mean Reversion,2026-01-07 09:00:00+00:00,92216.61078571429,82.71900100769537,0.5522542261272182,Short,Normal
409,2026-01-07 12:30:00+00:00,91929.898,-1,0.18010507674775858,92161.83535714286,91466.02328571428,Neutral,0.6352192931210543,London,Mean Reversion,2026-01-07 13:15:00+00:00,92161.83535714286,-41.773095508886854,-0.2522980686249197,Short,Low
410,2026-01-07 13:30:00+00:00,92080.55,-1,0.2047292630207373,92283.57046428572,91674.50907142858,Neutral,0.6303959206020899,NY,Mean Reversion,2026-01-07 14:00:00+00:00,91674.50907142858,83.12846006268404,0.4409627533408812,Short,Low
411,2026-01-07 17:30:00+00:00,91521.5585,-1,0.09908737482232188,91945.22369858793,90674.22810282414,Trend_Down,0.5990775991705647,NY,Pullback,2026-01-07 18:45:00+00:00,90674.22810282414,83.9597446633111,0.9258260141798806,Short,Low
412,2026-01-07 21:15:00+00:00,91089.683,-1,0.14595602379474162,91380.17920531318,90508.69058937365,Trend_Down,0.6446394815519307,Asia,Pullback,2026-01-07 23:15:00+00:00,91380.17920531318,-42.3996710549719,-0.3189123024098951,Short,Low
413,2026-01-07 23:30:00+00:00,91147.909,-1,0.18266380110665345,91378.86703571428,90685.99292857143,Neutral,0.6014137039114741,Asia,Mean Reversion,2026-01-08 00:00:00+00:00,91378.86703571428,-42.187672699697345,-0.2533881887672092,Short,Low
414,2026-01-08 07:15:00+00:00,90131.9015,-1,0.13204555432152065,90449.79735459265,89496.10979081472,Trend_Down,0.6531712387303971,Asia,Pullback,2026-01-08 07:45:00+00:00,90449.79735459265,-41.97673433619913,-0.3527007078538595,Short,Low
415,2026-01-08 08:00:00+00:00,90492.59,-1,0.13236761256705906,90808.12678316407,89861.51643367186,Trend_Down,0.6472598650341492,London,Pullback,2026-01-08 09:30:00+00:00,89861.51643367186,83.53370132903515,0.6973759578857646,Short,Low
416,2026-01-08 09:45:00+00:00,89904.892,-1,0.1284221465939967,90233.3752117355,89247.92557652901,Trend_Down,0.6371656170899181,London,Pullback,2026-01-08 10:45:00+00:00,90233.3752117355,-42.18451917116276,-0.36536745045586205,Short,Low
417,2026-01-08 13:30:00+00:00,89922.772,-1,0.1568927945857973,90190.30242857142,89387.71114285714,Trend_Down,0.6613750795782458,NY,Pullback,2026-01-08 14:15:00+00:00,89387.71114285714,83.9471931506154,0.5950226458130764,Short,Low
418,2026-01-08 15:00:00+00:00,90239.6875,-1,0.10379965069784428,90648.10248267143,89422.85753465715,Neutral,0.7571997475602549,NY,Mean Reversion,2026-01-08 15:45:00+00:00,90648.10248267143,-42.39333254106029,-0.4525890924338888,Short,Low
419,2026-01-08 16:00:00+00:00,90627.185,-1,0.0944153308825554,91073.94894695714,89733.65710608571,Neutral,0.7483939511129195,NY,Mean Reversion,2026-01-08 17:00:00+00:00,91073.94894695714,-42.18136587835519,-0.4929690213340998,Short,Low
420,2026-01-08 18:45:00+00:00,91065.791,1,0.11502743596639851,90700.91753571428,91795.53792857143,Neutral,0.762068917036116,NY,Mean Reversion,2026-01-08 20:00:00+00:00,90700.91753571428,-41.970459048963214,-0.40067017513274134,Long,Low
421,2026-01-08 20:15:00+00:00,90492.995,1,0.13263326530987588,90178.13728571429,91122.71042857143,Neutral,0.7300959919083617,NY,Mean Reversion,2026-01-08 21:15:00+00:00,91122.71042857143,83.52121350743734,0.695872015918398,Long,Low
422,2026-01-09 01:00:00+00:00,91197.2045,1,0.24726207972315492,91026.6235,91538.3665,Neutral,0.6761085329872251,Asia,Mean Reversion,2026-01-09 01:15:00+00:00,91538.3665,84.35642564251015,0.3740926071917003,Long,Low
423,2026-01-09 01:30:00+00:00,90863.185,1,0.14978210819640841,90578.77189176943,91432.01121646113,Neutral,0.6761085329872251,Asia,Mean Reversion,2026-01-09 08:00:00+00:00,90578.77189176943,-42.59999494946782,-0.31301247940028565,Long,Low
424,2026-01-09 11:00:00+00:00,90468.76,-1,0.1585097884706419,90736.16932142856,89933.94135714284,Neutral,0.5166735482796819,London,Mean Reversion,2026-01-09 13:30:00+00:00,90736.16932142856,-42.386994974720146,-0.2955819461088752,Short,Low
425,2026-01-09 13:45:00+00:00,90498.84,-1,0.17904332102528556,90734.39785135313,90027.72429729371,Neutral,0.555258689863399,NY,Mean Reversion,2026-01-09 14:30:00+00:00,90027.72429729371,84.35011999969478,0.5205765098274047,Short,Low
426,2026-01-09 15:15:00+00:00,91605.6005,-1,0.08900781806942845,92084.17430984914,90648.45288030172,Neutral,0.7235410459078969,NY,Mean Reversion,2026-01-09 18:15:00+00:00,90648.45288030172,85.19362119969135,1.0448570987734356,Short,Low
427,2026-01-09 18:30:00+00:00,90738.6585,1,0.07697244182735227,90179.72107142858,91856.53335714286,Neutral,0.8357067008153017,NY,Mean Reversion,2026-01-09 19:30:00+00:00,90179.72107142858,-43.02277870584421,-0.6159859951769392,Long,Normal
428,2026-01-09 22:15:00+00:00,90470.95,-1,0.1377426771679046,90781.72996807143,89849.39006385714,Neutral,0.8639570628891249,Asia,Mean Reversion,2026-01-11 08:45:00+00:00,90781.72996807143,-42.807664812315764,-0.34351354558721653,Short,Normal
429,2026-01-11 09:00:00+00:00,90651.634,1,0.259066295906759,90487.22192802757,90980.45814394487,Chaos,0.2528114322393462,London,Mean Reversion,2026-01-11 14:45:00+00:00,90980.45814394487,85.18725297650612,0.36273382997692144,Long,Low
430,2026-01-11 15:15:00+00:00,90857.323,1,0.323674038928499,90724.41285714286,91123.1432857143,Chaos,0.2875444590656257,NY,Mean Reversion,2026-01-11 15:30:00+00:00,90724.41285714286,-43.01956275313586,-0.14628445838883547,Long,Low
431,2026-01-11 15:45:00+00:00,90742.8,1,0.2896555185178323,90595.02285714286,91038.35428571429,Chaos,0.2875444590656257,NY,Mean Reversion,2026-01-11 16:00:00+00:00,91038.35428571429,85.60892987873918,0.3257054947767607,Long,Low
432,2026-01-11 16:15:00+00:00,90916.721,1,0.23963168987631722,90736.30867802758,91277.54564394486,Chaos,0.313578913532891,NY,Mean Reversion,2026-01-11 18:15:00+00:00,90736.30867802758,-43.23250958876313,-0.19843689916228707,Long,Low
433,2026-01-11 18:45:00+00:00,90755.0835,1,0.21485088443353875,90554.86860605514,91155.51328788971,Chaos,0.32324777355529893,NY,Mean Reversion,2026-01-11 19:45:00+00:00,90554.86860605514,-43.01634704081873,-0.22061011485362422,Long,Low
434,2026-01-11 23:00:00+00:00,90588.328,-1,0.20360024527757017,90798.55007142856,90167.88385714285,Chaos,0.3534809580243205,Asia,Mean Reversion,2026-01-11 23:15:00+00:00,90798.55007142856,-42.801265305614706,-0.2320630881150218,Short,Low
435,2026-01-11 23:30:00+00:00,90797.2475,-1,0.18871418851877314,91022.91817857143,90345.90614285714,Chaos,0.3534809580243205,Asia,Mean Reversion,2026-01-12 00:15:00+00:00,91022.91817857143,-42.58725897908907,-0.24854352393384405,Short,Low
436,2026-01-12 04:30:00+00:00,92064.94,1,0.13338477340497681,91747.25514285715,92700.30971428572,Trend_Up,0.5576585335620177,Asia,Pullback,2026-01-12 06:30:00+00:00,91747.25514285715,-42.37432268419232,-0.3450660557024816,Long,Low
437,2026-01-12 06:45:00+00:00,91710.5995,1,0.18406851369692653,91481.54103571428,92168.71642857142,Neutral,0.5356799025176995,Asia,Mean Reversion,2026-01-12 07:30:00+00:00,91481.54103571428,-42.16245107077188,-0.24976225816266076,Long,Low
438,2026-01-12 07:45:00+00:00,91290.487,1,0.19423850300179973,91074.50696428571,91722.44707142856,Neutral,0.5677209045575867,Asia,Mean Reversion,2026-01-12 08:30:00+00:00,91074.50696428571,-41.95163881541723,-0.23658547874137342,Long,Low
439,2026-01-12 08:45:00+00:00,90634.5715,1,0.1392399708834807,90334.78775,91234.13900000001,Neutral,0.6566348455362043,London,Mean Reversion,2026-01-12 10:45:00+00:00,90334.78775,-41.74188062134098,-0.33076092824028225,Long,Low
440,2026-01-12 11:00:00+00:00,90486.484,-1,0.14551940395588572,90771.89728571428,89915.65742857143,Neutral,0.6800604866032407,London,Mean Reversion,2026-01-12 12:15:00+00:00,90771.89728571428,-41.53317121823339,-0.3154209038714369,Short,Low
441,2026-01-12 13:45:00+00:00,90525.315,-1,0.2212182955177199,90712.12371428571,90151.69757142857,Neutral,0.6378723217604122,NY,Mean Reversion,2026-01-12 14:15:00+00:00,90151.69757142857,82.65101072428673,0.41272148964235794,Short,Low
442,2026-01-12 14:30:00+00:00,90701.0315,-1,0.1620618166268882,90958.57989285715,90185.93471428572,Neutral,0.6707692608440841,NY,Mean Reversion,2026-01-12 14:45:00+00:00,90958.57989285715,-41.73876041576495,-0.2839531024045172,Short,Low
443,2026-01-12 15:00:00+00:00,90798.6445,-1,0.14536402767157205,91084.3415,90227.2505,Neutral,0.6863488467843365,NY,Mean Reversion,2026-01-12 15:15:00+00:00,91084.3415,-41.530066613685136,-0.3146489703378778,Short,Low
444,2026-01-12 15:30:00+00:00,91453.9675,-1,0.12303569250204502,91789.82464389286,90782.25321221429,Neutral,0.6863488467843365,NY,Mean Reversion,2026-01-12 16:00:00+00:00,91789.82464389286,-41.322416280617375,-0.36724174256613085,Short,Low
445,2026-01-12 18:30:00+00:00,91572.905,1,0.08035046294817985,91061.19912189286,92596.31675621428,Neutral,0.7638246925089962,NY,Mean Reversion,2026-01-12 21:45:00+00:00,91061.19912189286,-41.11580419921352,-0.5587961614924624,Long,Low
446,2026-01-13 00:30:00+00:00,91205.995,-1,0.1842072448731465,91428.08303571428,90761.81892857142,Neutral,0.7226816939101501,Asia,Mean Reversion,2026-01-13 00:45:00+00:00,91428.08303571428,-40.910225178218084,-0.24350157652935941,Short,Low
447,2026-01-13 01:00:00+00:00,91361.289,-1,0.1775648117757773,91590.5330357143,90902.80092857144,Neutral,0.7345229215552204,Asia,Mean Reversion,2026-01-13 05:00:00+00:00,91590.5330357143,-40.705674052327716,-0.25092031671564025,Short,Low
448,2026-01-13 08:15:00+00:00,91863.0515,1,0.1522231211918327,91596.98058143683,92395.19333712636,Neutral,0.5017160060790383,London,Mean Reversion,2026-01-13 09:00:00+00:00,92395.19333712636,81.00429136412997,0.5792773355959737,Long,Low
449,2026-01-13 09:30:00+00:00,92066.615,1,0.1468204397704516,91787.99461715111,92623.85576569778,Neutral,0.5196860685631659,London,Mean Reversion,2026-01-13 14:00:00+00:00,91787.99461715111,-40.90716713888624,-0.3026291157211484,Long,Low
450,2026-01-13 19:00:00+00:00,93521.0,1,0.08335076607233084,93032.67057939371,94497.65884121257,Trend_Up,0.7859210525217917,NY,Pullback,2026-01-13 20:15:00+00:00,94497.65884121257,81.40526260638273,1.0443203571524804,Long,Low
451,2026-01-13 23:15:00+00:00,95346.2565,1,0.05422778866048622,94588.16441046994,96862.44067906015,Trend_Up,1.111834167697762,Asia,Pullback,2026-01-14 01:00:00+00:00,94588.16441046994,-41.10965761622282,-0.7950937114453634,Long,Normal
452,2026-01-14 01:30:00+00:00,95221.6335,1,0.06779337706801995,94618.26911402021,96428.36227195957,Trend_Up,1.2544888810652086,Asia,Pullback,2026-01-14 02:45:00+00:00,94618.26911402021,-40.904109328142134,-0.6336421292119385,Long,Normal
453,2026-01-14 04:30:00+00:00,95260.4,1,0.1022189150984834,94862.23896745246,96056.72206509508,Trend_Up,1.348255951056895,Asia,Pullback,2026-01-14 06:00:00+00:00,94862.23896745246,-40.69958878150086,-0.4179711953209665,Long,Normal
454,2026-01-14 06:15:00+00:00,94695.754,1,0.17225734867806622,94460.66335714285,95165.9352857143,Trend_Up,1.1869590506378478,Asia,Pullback,2026-01-14 07:15:00+00:00,95165.9352857143,80.99218167518863,0.49651781189079935,Long,Normal
455,2026-01-14 11:15:00+00:00,94944.6005,1,0.12220107147507538,94609.8976103096,95614.00627938079,Trend_Up,1.215165528019204,London,Pullback,2026-01-14 14:15:00+00:00,95614.00627938079,81.8021034919402,0.7050488135771216,Long,Normal
456,2026-01-14 17:45:00+00:00,96973.467,1,0.03496294565147968,95791.92861718696,99336.54376562608,Trend_Up,1.222517787630396,NY,Pullback,2026-01-15 03:30:00+00:00,95791.92861718696,-41.31006226342963,-1.218414087240011,Long,Normal
457,2026-01-15 04:15:00+00:00,96206.218,-1,0.11986924235976609,96549.12090939478,95520.41218121043,Trend_Up,1.1448759376847746,Asia,Pullback,2026-01-15 06:15:00+00:00,96549.12090939478,-41.10351195211302,-0.356424892822198,Short,Normal
458,2026-01-15 06:45:00+00:00,96211.2635,-1,0.17088827205843385,96450.58942857143,95732.61164285714,Neutral,0.767040037920078,Asia,Mean Reversion,2026-01-15 07:15:00+00:00,96450.58942857143,-40.89799439235188,-0.24875042678493697,Short,Low
459,2026-01-15 07:30:00+00:00,96578.1035,-1,0.16494066737730936,96824.81951653764,96084.67146692472,Trend_Up,0.7378608071495641,Asia,Pullback,2026-01-15 09:30:00+00:00,96824.81951653764,-40.69350442038977,-0.255457508065108,Short,Low
460,2026-01-15 11:00:00+00:00,96733.047,1,0.18765437429212048,96517.2777857143,97164.58542857143,Trend_Up,0.5903326042528603,London,Pullback,2026-01-15 12:00:00+00:00,96517.2777857143,-40.49003689828779,-0.2230563607550915,Long,Low
461,2026-01-15 12:15:00+00:00,96601.797,1,0.1830334317394602,96381.68646428573,97042.01807142858,Trend_Up,0.568440126950042,London,Pullback,2026-01-15 14:00:00+00:00,97042.01807142858,80.57517342759424,0.4557069175727399,Long,Low
462,2026-01-15 14:30:00+00:00,95799.95,1,0.13029300179579872,95487.65032142856,96424.54935714285,Neutral,0.6398806840940165,NY,Mean Reversion,2026-01-15 15:45:00+00:00,96424.54935714285,81.38092516186877,0.6519829677811474,Long,Low
463,2026-01-15 18:00:00+00:00,96227.415,-1,0.06981744455701791,96816.05538160521,95050.13423678957,Neutral,0.7181858161979193,NY,Mean Reversion,2026-01-16 15:00:00+00:00,95050.13423678957,82.19473441348745,1.223435923338919,Short,Low
464,2026-01-16 18:45:00+00:00,94970.81,-1,0.09605376492452143,95402.94653219556,94106.53693560885,Neutral,0.547816590828423,NY,Mean Reversion,2026-01-16 20:45:00+00:00,95402.94653219556,-41.508340878810905,-0.4550203712020222,Short,Low
465,2026-01-17 00:15:00+00:00,95455.46,1,0.24113774964774376,95284.1852857143,95798.00942857143,Neutral,0.5523705847621152,Asia,Mean Reversion,2026-01-17 02:00:00+00:00,95284.1852857143,-41.300799174416746,-0.1794289339611495,Long,Low
466,2026-01-17 02:15:00+00:00,95267.48,1,0.31503572570653626,95137.03671428571,95528.36657142857,Neutral,0.5498437599141345,Asia,Mean Reversion,2026-01-17 07:00:00+00:00,95137.03671428571,-41.094295178543874,-0.13692320371472194,Long,Low
467,2026-01-17 09:15:00+00:00,95204.03,-1,0.3213073600805733,95331.28766285714,94949.51467428572,Chaos,0.28479966865602563,London,Mean Reversion,2026-01-17 12:00:00+00:00,95331.28766285714,-40.88882370265145,-0.13366835716633058,Short,Low
468,2026-01-17 16:30:00+00:00,95335.83,1,0.24311056608630746,95168.48071428572,95670.52857142857,Chaos,0.24288378532319813,NY,Mean Reversion,2026-01-17 22:00:00+00:00,95168.48071428572,-40.684379584138945,-0.17553661169602722,Long,Low
469,2026-01-18 01:15:00+00:00,95011.775,-1,0.3047609204167895,95144.60357142857,94746.11785714285,Chaos,0.2338248255295721,Asia,Mean Reversion,2026-01-18 03:30:00+00:00,95144.60357142857,-40.480957686219455,-0.1398022207548211,Short,Low
470,2026-01-18 03:45:00+00:00,95175.06,-1,0.2930884780774899,95312.48796428571,94900.20407142857,Chaos,0.23074528588236728,Asia,Mean Reversion,2026-01-18 13:15:00+00:00,94900.20407142857,80.55710579557542,0.28878986634884085,Short,Low
471,2026-01-18 14:00:00+00:00,95195.3015,-1,0.328746347208177,95319.0483910978,94947.80771780443,Chaos,0.24923033068505965,NY,Mean Reversion,2026-01-18 14:15:00+00:00,95319.0483910978,-40.68133842676699,-0.12999264580068728,Short,Low
472,2026-01-18 15:45:00+00:00,95101.6215,-1,0.25212102912332274,95262.17110538349,94780.52228923299,Chaos,0.25182712428454995,NY,Mean Reversion,2026-01-18 17:15:00+00:00,95262.17110538349,-40.47793173462988,-0.16881899893104774,Short,Low
473,2026-01-18 20:45:00+00:00,95259.418,1,0.2638304232428795,95106.76107142857,95564.73185714286,Chaos,0.2549438208828854,NY,Mean Reversion,2026-01-18 23:00:00+00:00,95106.76107142857,-40.27554207595994,-0.160253895915505,Long,Low
474,2026-01-18 23:15:00+00:00,94566.7725,1,0.21260836976251954,94378.28432142858,94943.74885714287,Trend_Down,0.3811872039604749,Asia,Pullback,2026-01-18 23:45:00+00:00,94943.74885714287,80.14832873115743,0.3986351095389905,Long,Low
475,2026-01-19 03:00:00+00:00,92689.147,-1,0.05398585812368989,93438.87864113646,91189.68371772706,Trend_Down,0.6699525256284217,Asia,Pullback,2026-01-19 23:00:00+00:00,93438.87864113646,-40.47490600923406,-0.8088666962664562,Short,Low
476,2026-01-20 01:15:00+00:00,92775.24,-1,0.09982906479719184,93178.65489285716,91968.41021428572,Neutral,0.5394197555961047,Asia,Mean Reversion,2026-01-20 02:45:00+00:00,93178.65489285716,-40.27253147918884,-0.4348303414328566,Short,Low
477,2026-01-20 08:15:00+00:00,91092.4725,-1,0.10262907079752105,91482.91907142858,90311.57935714287,Trend_Down,0.7930902500525127,London,Pullback,2026-01-20 14:45:00+00:00,90311.57935714287,80.14233764358391,0.8572532081145757,Short,Low
478,2026-01-20 20:15:00+00:00,89645.455,-1,0.11122605042898852,90009.32551732857,88917.71396534286,Trend_Down,0.6799878604205245,NY,Pullback,2026-01-20 22:30:00+00:00,88917.71396534286,80.9437610200195,0.8117991421396002,Short,Low
479,2026-01-21 01:45:00+00:00,88924.75,-1,0.06669190739208743,89537.66693270659,87698.91613458682,Trend_Down,1.0420625084371655,Asia,Pullback,2026-01-21 03:15:00+00:00,89537.66693270659,-40.87659931511019,-0.6892534785946435,Short,Normal
480,2026-01-21 03:30:00+00:00,89467.139,-1,0.12977109447309737,89780.5540673821,88840.3088652358,Trend_Down,1.079752049653943,Asia,Pullback,2026-01-21 05:30:00+00:00,89780.5540673821,-40.6722163185345,-0.35031305447478167,Short,Normal
481,2026-01-21 06:30:00+00:00,89522.683,1,0.14800947302613554,89249.26228976077,90069.52442047848,Trend_Down,0.9512337263411356,Asia,Pullback,2026-01-21 07:30:00+00:00,89249.26228976077,-40.46885523694151,-0.3054205940624448,Long,Normal
482,2026-01-21 11:00:00+00:00,89204.05,-1,0.15756880672808962,89459.59874595352,88692.95250809295,Trend_Down,0.9645382962061971,London,Pullback,2026-01-21 11:45:00+00:00,88692.95250809295,80.53302192151452,0.5729532368844886,Short,Normal
483,2026-01-21 14:00:00+00:00,89484.97,-1,0.10406028865447689,89875.79321023924,88703.32357952152,Neutral,0.7129708871209881,NY,Mean Reversion,2026-01-21 14:15:00+00:00,89875.79321023924,-40.66917607036418,-0.43674732219191187,Short,Low
484,2026-01-21 14:30:00+00:00,89576.634,-1,0.0872822908059309,90040.25416643202,88649.39366713598,Neutral,0.7129708871209881,NY,Mean Reversion,2026-01-21 15:00:00+00:00,90040.25416643202,-40.46583019001283,-0.5175681935447703,Short,Low
485,2026-01-21 16:30:00+00:00,88070.6715,1,0.052444233462587066,87302.9321627898,89606.15017442037,Trend_Down,1.0958775662042517,NY,Pullback,2026-01-21 16:45:00+00:00,89606.15017442037,80.5270020781258,1.743461981461529,Long,Normal
486,2026-01-21 19:45:00+00:00,90282.1695,-1,0.03893125521787206,91326.73217392029,88193.04415215943,Neutral,1.3947234034187044,NY,Mean Reversion,2026-01-25 08:30:00+00:00,88193.04415215943,81.332272098907,2.3139955092024795,Short,Normal
487,2026-01-25 09:30:00+00:00,88349.5485,-1,0.2286991859730835,88529.14160714287,87990.36228571429,Chaos,0.30360824299564787,London,Mean Reversion,2026-01-25 10:45:00+00:00,88529.14160714287,-41.07279740994977,-0.20327563659577053,Short,Low
488,2026-01-25 11:00:00+00:00,88488.2855,-1,0.22725583712583317,88668.11557142857,88128.62535714285,Chaos,0.31449358028208985,London,Mean Reversion,2026-01-25 12:45:00+00:00,88668.11557142857,-40.86743342289859,-0.2032247211169804,Short,Low
489,2026-01-25 13:00:00+00:00,88634.5255,-1,0.2832023685529112,88778.10867857143,88347.35914285715,Chaos,0.3297612502889742,NY,Mean Reversion,2026-01-25 13:45:00+00:00,88778.10867857143,-40.66309625578327,-0.16199463782476659,Short,Low
490,2026-01-25 19:30:00+00:00,86579.3645,-1,0.06256419459621038,87226.05676600986,85285.97996798028,Trend_Down,0.746082422256129,NY,Pullback,2026-01-25 19:45:00+00:00,87226.05676600986,-40.459780774505404,-0.7469357967046114,Short,Low
491,2026-01-25 20:45:00+00:00,86568.33,-1,0.05701634030115226,87274.39920153061,85156.19159693878,Trend_Down,0.7553779441379666,NY,Pullback,2026-01-26 01:00:00+00:00,87274.39920153061,-40.25748187063224,-0.8156206796765193,Short,Low
492,2026-01-26 01:15:00+00:00,87539.27,-1,0.09387937712001072,87965.94725000001,86685.9155,Neutral,0.8968337077357527,Asia,Mean Reversion,2026-01-26 07:15:00+00:00,86685.9155,80.11238892255831,0.9748247843510702,Short,Normal
493,2026-01-26 09:00:00+00:00,87721.825,1,0.10313612725773832,87329.55938482142,88506.35623035714,Neutral,0.8036557890172177,London,Mean Reversion,2026-01-26 14:30:00+00:00,87329.55938482142,-40.456756405892804,-0.44716992057401656,Long,Normal
494,2026-01-26 15:30:00+00:00,87377.845,1,0.08902784104751404,86925.68899857142,88282.15700285714,Neutral,0.8051264692173953,NY,Mean Reversion,2026-01-26 16:45:00+00:00,88282.15700285714,80.50894524772478,1.0349442731817693,Long,Normal
495,2026-01-26 18:30:00+00:00,87935.6045,1,0.06400172016526445,87300.35567785714,89206.10214428572,Neutral,0.9189728128302815,NY,Mean Reversion,2026-01-27 17:30:00+00:00,87300.35567785714,-40.65701735010148,-0.7224022917166218,Long,Normal
496,2026-01-27 18:45:00+00:00,88170.6,-1,0.0823187010582001,88662.02821428572,87187.74357142858,Neutral,0.63318308657377,NY,Mean Reversion,2026-01-27 20:15:00+00:00,88662.02821428572,-40.45373226335062,-0.5573606330065938,Short,Low
497,2026-01-27 23:45:00+00:00,89129.7945,1,0.12283537561320919,88802.10825,89785.167,Neutral,0.813533921302711,Asia,Mean Reversion,2026-01-28 04:00:00+00:00,88802.10825,-40.25146360203382,-0.3676506288814554,Long,Normal
498,2026-01-28 04:15:00+00:00,88812.9,1,0.19635984550315289,88608.93667857142,89220.82664285714,Neutral,0.7875649077522933,Asia,Mean Reversion,2026-01-28 06:30:00+00:00,89220.82664285714,80.10041256804837,0.4593101259582141,Long,Low
499,2026-01-28 09:15:00+00:00,88875.9585,1,0.21570777492588694,88688.43299999999,89251.00949999999,Neutral,0.5565551948685626,London,Mean Reversion,2026-01-28 09:30:00+00:00,89251.00949999999,80.90141669372714,0.42199376111368997,Long,Low
500,2026-01-28 14:30:00+00:00,89601.697,1,0.10423073107907076,89209.728,90385.63500000001,Neutral,0.5899175042463491,NY,Mean Reversion,2026-01-28 15:00:00+00:00,89209.728,-40.85521543033201,-0.4374571164651015,Long,Low
501,2026-01-28 15:15:00+00:00,89136.7025,1,0.09393313438177482,88703.93785714285,90002.23178571429,Neutral,0.6422392484666006,NY,Mean Reversion,2026-01-28 17:45:00+00:00,90002.23178571429,81.30187870636219,0.9710133552610298,Long,Low
502,2026-01-28 22:45:00+00:00,89237.22,-1,0.12382504574555629,89568.79628571428,88574.06742857143,Neutral,0.8868294604343931,Asia,Mean Reversion,2026-01-29 01:15:00+00:00,88574.06742857143,82.11489749342562,0.7431345031014718,Short,Normal
503,2026-01-29 04:30:00+00:00,88017.605,-1,0.09841233157139319,88438.97519387754,87174.86461224488,Neutral,0.8269402735841126,Asia,Mean Reversion,2026-01-29 11:00:00+00:00,88438.97519387754,-41.46802323417953,-0.47873399177079234,Short,Normal
504,2026-01-29 12:00:00+00:00,87863.99,-1,0.18232639199097445,88090.29120997542,87411.38758004918,Neutral,0.5566678252171535,London,Mean Reversion,2026-01-29 14:30:00+00:00,87411.38758004918,82.5213662360177,0.5151170803315723,Short,Low
505,2026-01-29 18:00:00+00:00,84399.581,-1,0.04529992371455066,85319.52272466572,82559.69755066857,Trend_Down,1.1135806590875543,NY,Pullback,2026-01-29 18:15:00+00:00,85319.52272466572,-41.67328994918885,-1.0899837579356113,Short,Normal
506,2026-01-29 18:30:00+00:00,83896.95,-1,0.04113709437345371,84904.91918525682,81881.01162948635,Trend_Down,1.1135806590875543,NY,Pullback,2026-01-29 18:45:00+00:00,84904.91918525682,-41.4649234994431,-1.2014372218022482,Short,Normal
507,2026-01-29 19:00:00+00:00,83511.8315,-1,0.03813471009563581,84593.72248011964,81348.04953976072,Trend_Down,1.2629701897766243,NY,Pullback,2026-01-29 19:15:00+00:00,84593.72248011964,-41.257598881945846,-1.2954942559482034,Short,Normal
508,2026-01-29 19:30:00+00:00,84023.486,-1,0.03284072996775043,85273.49813212523,81523.46173574957,Trend_Down,1.2629701897766243,NY,Pullback,2026-01-30 01:15:00+00:00,85273.49813212523,-41.05131088753641,-1.4876937290190777,Short,Normal
509,2026-01-30 04:15:00+00:00,82911.4705,-1,0.03077131482599242,84238.87735811046,80256.65678377906,Trend_Down,1.8802810434475292,Asia,Pullback,2026-01-30 11:45:00+00:00,84238.87735811046,-40.84605433309859,-1.6009930231673624,Short,High
510,2026-01-30 12:00:00+00:00,82798.55,-1,0.09057514234013617,83247.25836535715,81901.13326928571,Trend_Down,1.6067108429959047,London,Pullback,2026-01-30 13:30:00+00:00,81901.13326928571,81.2836481228667,1.083855611860706,Short,High
511,2026-01-30 14:30:00+00:00,83526.835,-1,0.06793738512509455,84131.04198009594,82318.42103980815,Trend_Down,1.7308414370972414,NY,Pullback,2026-01-30 15:30:00+00:00,82318.42103980815,82.09648460409491,1.4467373990548758,Short,High
512,2026-01-30 22:15:00+00:00,83801.05,1,0.05892114028456393,83097.41927383211,85208.31145233578,Expansion,1.5814300793909049,Asia,Breakout,2026-01-31 08:00:00+00:00,83097.41927383211,-41.458724725067746,-0.8396442838936844,Long,High
513,2026-01-31 09:30:00+00:00,83082.185,-1,0.09176545280336963,83531.71616713578,82183.12266572843,Trend_Down,0.7355396787765172,London,Pullback,2026-01-31 13:30:00+00:00,83531.71616713578,-41.25143110144187,-0.5410680606627976,Short,Low
514,2026-01-31 17:00:00+00:00,82666.256157635,-1,0.017420512750576447,85022.39656139993,77953.97535010513,Trend_Down,2.100576977731242,NY,Pullback,2026-01-31 18:15:00+00:00,77953.97535010513,82.09034789187073,5.7003679936153056,Short,High
515,2026-01-31 20:45:00+00:00,77904.4375,-1,0.013458906566478822,80984.60047465393,71744.11155069215,Trend_Down,3.517920164292038,NY,Pullback,2026-02-02 03:45:00+00:00,80984.60047465393,-41.45562568539466,-3.953770893543677,Short,High
516,2026-02-02 06:15:00+00:00,75614.3,-1,0.016190947847524895,78161.91783840056,70519.06432319887,Trend_Down,4.158411046901112,Asia,Pullback,2026-02-02 06:30:00+00:00,78161.91783840056,-41.248347556967595,-3.3692275646280683,Short,High
517,2026-02-02 06:45:00+00:00,76481.61,-1,0.015397636433402879,79147.09090005218,71150.64819989564,Trend_Down,4.158411046901112,Asia,Pullback,2026-02-02 09:30:00+00:00,79147.09090005218,-41.042105819182915,-3.485126555327716,Short,High
518,2026-02-02 11:45:00+00:00,77689.391,1,0.03532247412157937,76533.27449611279,80001.62400777443,Expansion,4.020472007995545,London,Breakout,2026-02-02 12:15:00+00:00,80001.62400777443,81.67379058017382,2.9762532284162537,Long,High
519,2026-02-02 12:30:00+00:00,77783.41,1,0.03563502910066696,76625.97403645772,80098.28192708458,Expansion,3.911572158071499,London,Breakout,2026-02-02 13:30:00+00:00,80098.28192708458,82.49052848597587,2.9760483978326175,Long,High
520,2026-02-02 14:00:00+00:00,77725.4295,1,0.04468031481508562,76793.07893224274,79590.13063551449,Expansion,3.8570446112444263,NY,Breakout,2026-02-02 14:15:00+00:00,79590.13063551449,83.3154337708352,2.3990875927092734,Long,High
521,2026-02-02 14:45:00+00:00,77789.7125,1,0.028282878254662844,76302.08830293528,80764.96089412943,Expansion,3.8570446112444263,NY,Breakout,2026-02-02 17:30:00+00:00,80764.96089412943,84.14858810854392,3.8247324723425797,Long,High
522,2026-02-02 18:00:00+00:00,78667.5485,1,0.029175589311551304,77211.0213827229,81580.60273455422,Expansion,3.4841022457573882,NY,Breakout,2026-02-03 14:45:00+00:00,77211.0213827229,-42.49503699481447,-1.8514967671543783,Long,High
523,2026-02-03 19:30:00+00:00,74806.8535,-1,0.021629947426815562,76761.66924575725,70897.2220084855,Trend_Down,1.7654632228569687,NY,Pullback,2026-02-03 20:15:00+00:00,76761.66924575725,-42.28256180984063,-2.61315060625729,Short,High
